/******************************************************************************
*   Galmuri11 - a Korean pixel font by Quiple, https://github.com/quiple/galmuri
*   Licensed under the SIL Open Font License 1.1 (see third_party/fonts/OFL.txt)
*
*   GENERATED FILE - do not edit by hand.
*   Regenerate with:  python third_party/make-font.py
*
*   Both faces are subset to the 335 codepoints main.c actually draws.
******************************************************************************/
#ifndef GALMURI_H
#define GALMURI_H

#define GALMURI_REGULAR_SIZE 38796
static const unsigned char GALMURI_REGULAR[GALMURI_REGULAR_SIZE] = {
    0x00, 0x01, 0x00, 0x00, 0x00, 0x08, 0x00, 0x80, 0x00, 0x03, 0x00, 0x00, 0x4f, 0x53, 0x2f, 0x32,
    0x66, 0x55, 0x4b, 0xfb, 0x00, 0x00, 0x01, 0x08, 0x00, 0x00, 0x00, 0x60, 0x63, 0x6d, 0x61, 0x70,
    0x93, 0xe9, 0xbe, 0x3a, 0x00, 0x00, 0x04, 0xcc, 0x00, 0x00, 0x06, 0xfc, 0x67, 0x6c, 0x79, 0x66,
    0x7c, 0x21, 0x6b, 0xd1, 0x00, 0x00, 0x0e, 0x6c, 0x00, 0x00, 0x89, 0x1e, 0x68, 0x65, 0x61, 0x64,
    0x30, 0x55, 0x0d, 0xac, 0x00, 0x00, 0x00, 0x8c, 0x00, 0x00, 0x00, 0x36, 0x68, 0x68, 0x65, 0x61,
    0x09, 0xc6, 0x04, 0xaf, 0x00, 0x00, 0x00, 0xc4, 0x00, 0x00, 0x00, 0x24, 0x68, 0x6d, 0x74, 0x78,
    0x0d, 0x88, 0x03, 0xe8, 0x00, 0x00, 0x01, 0x68, 0x00, 0x00, 0x03, 0x64, 0x6c, 0x6f, 0x63, 0x61,
    0xb6, 0x3c, 0x94, 0x61, 0x00, 0x00, 0x0b, 0xc8, 0x00, 0x00, 0x02, 0xa2, 0x6d, 0x61, 0x78, 0x70,
    0x01, 0x63, 0x00, 0x49, 0x00, 0x00, 0x00, 0xe8, 0x00, 0x00, 0x00, 0x20, 0x00, 0x01, 0x00, 0x00,
    0x00, 0x02, 0x67, 0x6c, 0x99, 0x24, 0x91, 0x9c, 0x5f, 0x0f, 0x3c, 0xf5, 0x00, 0x03, 0x04, 0xb0,
    0x00, 0x00, 0x00, 0x00, 0xe6, 0x79, 0x30, 0x85, 0x00, 0x00, 0x00, 0x00, 0xe6, 0x79, 0x30, 0x86,
    0x00, 0x00, 0xff, 0x38, 0x04, 0x4c, 0x04, 0x4c, 0x00, 0x00, 0x00, 0x0c, 0x00, 0x00, 0x00, 0x00,
    0x00, 0x00, 0x00, 0x00, 0x00, 0x01, 0x00, 0x00, 0x04, 0xb0, 0xff, 0x38, 0x00, 0xc8, 0x04, 0xb0,
    0x00, 0x00, 0x00, 0x64, 0x04, 0x4c, 0x00, 0x01, 0x00, 0x00, 0x00, 0x00, 0x00, 0x00, 0x00, 0x00,
    0x00, 0x00, 0x00, 0x00, 0x00, 0x00, 0x00, 0x62, 0x00, 0x01, 0x00, 0x00, 0x01, 0x50, 0x00, 0x48,
    0x00, 0x12, 0x00, 0x00, 0x00, 0x00, 0x00, 0x01, 0x00, 0x00, 0x00, 0x00, 0x00, 0x00, 0x00, 0x00,
    0x00, 0x00, 0x00, 0x00, 0x00, 0x00, 0x00, 0x00, 0x00, 0x03, 0x04, 0x8d, 0x01, 0x90, 0x00, 0x05,
    0x00, 0x00, 0x03, 0x0c, 0x02, 0xd0, 0x00, 0x00, 0x00, 0x5a, 0x03, 0x0c, 0x02, 0xd0, 0x00, 0x00,
    0x01, 0xa4, 0x00, 0x64, 0x01, 0xe0, 0x08, 0x00, 0x02, 0x0b, 0x05, 0x03, 0x02, 0x02, 0x02, 0x00,
    0x00, 0x00, 0x00, 0x00, 0x00, 0x03, 0x01, 0x00, 0x00, 0x20, 0x00, 0x00, 0x00, 0x00, 0x00, 0x00,
    0x00, 0x00, 0x51, 0x50, 0x4c, 0x45, 0x00, 0x40, 0x00, 0x20, 0xd7, 0x88, 0x04, 0xb0, 0xff, 0x38,
    0x00, 0xc8, 0x05, 0x78, 0x00, 0xc8, 0x00, 0x00, 0x00, 0x01, 0x00, 0x00, 0x00, 0x00, 0x03, 0x20,
    0x04, 0x4c, 0x00, 0x00, 0x00, 0x20, 0x00, 0x02, 0x04, 0xb0, 0x00, 0x00, 0x01, 0xf4, 0x00, 0x00,
    0x01, 0x90, 0x00, 0x64, 0x01, 0x90, 0x00, 0x00, 0x03, 0x20, 0x00, 0x00, 0x03, 0x20, 0x00, 0x00,
    0x03, 0xe8, 0x00, 0x00, 0x03, 0x20, 0x00, 0x00, 0x01, 0x90, 0x00, 0x64, 0x01, 0x90, 0x00, 0x00,
    0x01, 0x90, 0x00, 0x00, 0x02, 0x58, 0x00, 0x00, 0x03, 0x20, 0x00, 0x00, 0x01, 0x90, 0x00, 0x00,
    0x02, 0x58, 0x00, 0x00, 0x01, 0x90, 0x00, 0x64, 0x02, 0x58, 0x00, 0x00, 0x03, 0x20, 0x00, 0x00,
    0x02, 0x58, 0x00, 0x64, 0x03, 0x20, 0x00, 0x00, 0x03, 0x20, 0x00, 0x00, 0x03, 0x20, 0x00, 0x00,
    0x03, 0x20, 0x00, 0x00, 0x03, 0x20, 0x00, 0x00, 0x03, 0x20, 0x00, 0x00, 0x03, 0x20, 0x00, 0x00,
    0x03, 0x20, 0x00, 0x00, 0x01, 0x90, 0x00, 0x64, 0x01, 0x90, 0x00, 0x00, 0x01, 0xf4, 0x00, 0x00,
    0x02, 0x58, 0x00, 0x00, 0x01, 0xf4, 0x00, 0x00, 0x02, 0x58, 0x00, 0x00, 0x03, 0xe8, 0x00, 0x00,
    0x03, 0x20, 0x00, 0x00, 0x03, 0x20, 0x00, 0x00, 0x03, 0x84, 0x00, 0x00, 0x03, 0x20, 0x00, 0x00,
    0x02, 0xbc, 0x00, 0x00, 0x02, 0xbc, 0x00, 0x00, 0x03, 0x84, 0x00, 0x00, 0x03, 0x20, 0x00, 0x00,
    0x01, 0x90, 0x00, 0x00, 0x02, 0xbc, 0x00, 0x00, 0x03, 0x20, 0x00, 0x00, 0x02, 0xbc, 0x00, 0x00,
    0x03, 0xe8, 0x00, 0x00, 0x03, 0x20, 0x00, 0x00, 0x03, 0x84, 0x00, 0x00, 0x03, 0x20, 0x00, 0x00,
    0x03, 0x84, 0x00, 0x00, 0x03, 0x20, 0x00, 0x00, 0x03, 0x20, 0x00, 0x00, 0x03, 0x20, 0x00, 0x00,
    0x03, 0x84, 0x00, 0x00, 0x03, 0x20, 0x00, 0x00, 0x03, 0xe8, 0x00, 0x00, 0x03, 0x20, 0x00, 0x00,
    0x03, 0x20, 0x00, 0x00, 0x02, 0xbc, 0x00, 0x00, 0x01, 0x90, 0x00, 0x00, 0x02, 0x58, 0x00, 0x00,
    0x01, 0x90, 0x00, 0x00, 0x02, 0x58, 0x00, 0x00, 0x03, 0x20, 0x00, 0x00, 0x01, 0x90, 0x00, 0x00,
    0x02, 0xbc, 0x00, 0x00, 0x03, 0x20, 0x00, 0x00, 0x02, 0xbc, 0x00, 0x00, 0x03, 0x20, 0x00, 0x00,
    0x03, 0x20, 0x00, 0x00, 0x02, 0x58, 0x00, 0x00, 0x03, 0x20, 0x00, 0x00, 0x02, 0xbc, 0x00, 0x00,
    0x01, 0x90, 0x00, 0x64, 0x02, 0x58, 0x00, 0x00, 0x02, 0xbc, 0x00, 0x00, 0x01, 0x90, 0x00, 0x64,
    0x03, 0xe8, 0x00, 0x00, 0x02, 0xbc, 0x00, 0x00, 0x03, 0x20, 0x00, 0x00, 0x03, 0x20, 0x00, 0x00,
    0x03, 0x20, 0x00, 0x00, 0x02, 0x58, 0x00, 0x00, 0x02, 0xbc, 0x00, 0x00, 0x02, 0x58, 0x00, 0x00,
    0x03, 0x20, 0x00, 0x00, 0x03, 0x20, 0x00, 0x00, 0x03, 0xe8, 0x00, 0x00, 0x03, 0x20, 0x00, 0x00,
    0x03, 0x20, 0x00, 0x00, 0x02, 0xbc, 0x00, 0x00, 0x01, 0xf4, 0x00, 0x00, 0x01, 0x90, 0x00, 0x64,
    0x01, 0xf4, 0x00, 0x00, 0x03, 0x20, 0x00, 0x00, 0x01, 0x90, 0x00, 0x64, 0x04, 0xb0, 0x00, 0x64,
    0x00, 0x00, 0x00, 0x00, 0x00, 0x00, 0x00, 0x00, 0x00, 0x00, 0x00, 0x00, 0x00, 0x00, 0x00, 0x00,
    0x00, 0x00, 0x00, 0x00, 0x00, 0x00, 0x00, 0x00, 0x00, 0x00, 0x00, 0x00, 0x00, 0x00, 0x00, 0x00,
    0x00, 0x00, 0x00, 0x00, 0x00, 0x00, 0x00, 0x00, 0x00, 0x00, 0x00, 0x00, 0x00, 0x00, 0x00, 0x00,
    0x00, 0x00, 0x00, 0x00, 0x00, 0x00, 0x00, 0x00, 0x00, 0x00, 0x00, 0x00, 0x00, 0x00, 0x00, 0x00,
    0x00, 0x00, 0x00, 0x00, 0x00, 0x00, 0x00, 0x00, 0x00, 0x00, 0x00, 0x00, 0x00, 0x00, 0x00, 0x00,
    0x00, 0x00, 0x00, 0x00, 0x00, 0x00, 0x00, 0x00, 0x00, 0x00, 0x00, 0x00, 0x00, 0x00, 0x00, 0x00,
    0x00, 0x00, 0x00, 0x00, 0x00, 0x00, 0x00, 0x00, 0x00, 0x00, 0x00, 0x00, 0x00, 0x00, 0x00, 0x00,
    0x00, 0x00, 0x00, 0x00, 0x00, 0x00, 0x00, 0x00, 0x00, 0x00, 0x00, 0x00, 0x00, 0x00, 0x00, 0x00,
    0x00, 0x00, 0x00, 0x00, 0x00, 0x00, 0x00, 0x00, 0x00, 0x00, 0x00, 0x00, 0x00, 0x00, 0x00, 0x00,
    0x00, 0x00, 0x00, 0x00, 0x00, 0x00, 0x00, 0x00, 0x00, 0x00, 0x00, 0x00, 0x00, 0x00, 0x00, 0x00,
    0x00, 0x00, 0x00, 0x00, 0x00, 0x00, 0x00, 0x00, 0x00, 0x00, 0x00, 0x00, 0x00, 0x00, 0x00, 0x00,
    0x00, 0x00, 0x00, 0x00, 0x00, 0x00, 0x00, 0x00, 0x00, 0x00, 0x00, 0x00, 0x00, 0x00, 0x00, 0x00,
    0x00, 0x00, 0x00, 0x00, 0x00, 0x00, 0x00, 0x00, 0x00, 0x00, 0x00, 0x00, 0x00, 0x00, 0x00, 0x00,
    0x00, 0x00, 0x00, 0x00, 0x00, 0x00, 0x00, 0x00, 0x00, 0x00, 0x00, 0x00, 0x00, 0x00, 0x00, 0x00,
    0x00, 0x00, 0x00, 0x00, 0x00, 0x00, 0x00, 0x00, 0x00, 0x00, 0x00, 0x00, 0x00, 0x00, 0x00, 0x00,
    0x00, 0x00, 0x00, 0x00, 0x00, 0x00, 0x00, 0x00, 0x00, 0x00, 0x00, 0x00, 0x00, 0x00, 0x00, 0x00,
    0x00, 0x00, 0x00, 0x00, 0x00, 0x00, 0x00, 0x00, 0x00, 0x00, 0x00, 0x00, 0x00, 0x00, 0x00, 0x00,
    0x00, 0x00, 0x00, 0x00, 0x00, 0x00, 0x00, 0x00, 0x00, 0x00, 0x00, 0x00, 0x00, 0x00, 0x00, 0x00,
    0x00, 0x00, 0x00, 0x00, 0x00, 0x00, 0x00, 0x00, 0x00, 0x00, 0x00, 0x00, 0x00, 0x00, 0x00, 0x00,
    0x00, 0x00, 0x00, 0x00, 0x00, 0x00, 0x00, 0x00, 0x00, 0x00, 0x00, 0x00, 0x00, 0x00, 0x00, 0x00,
    0x00, 0x00, 0x00, 0x00, 0x00, 0x00, 0x00, 0x00, 0x00, 0x00, 0x00, 0x00, 0x00, 0x00, 0x00, 0x00,
    0x00, 0x00, 0x00, 0x00, 0x00, 0x00, 0x00, 0x00, 0x00, 0x00, 0x00, 0x00, 0x00, 0x00, 0x00, 0x00,
    0x00, 0x00, 0x00, 0x00, 0x00, 0x00, 0x00, 0x00, 0x00, 0x00, 0x00, 0x00, 0x00, 0x00, 0x00, 0x00,
    0x00, 0x00, 0x00, 0x00, 0x00, 0x00, 0x00, 0x00, 0x00, 0x00, 0x00, 0x00, 0x00, 0x00, 0x00, 0x00,
    0x00, 0x00, 0x00, 0x00, 0x00, 0x00, 0x00, 0x00, 0x00, 0x00, 0x00, 0x00, 0x00, 0x00, 0x00, 0x00,
    0x00, 0x00, 0x00, 0x00, 0x00, 0x00, 0x00, 0x00, 0x00, 0x00, 0x00, 0x00, 0x00, 0x00, 0x00, 0x00,
    0x00, 0x00, 0x00, 0x00, 0x00, 0x00, 0x00, 0x00, 0x00, 0x00, 0x00, 0x00, 0x00, 0x00, 0x00, 0x00,
    0x00, 0x00, 0x00, 0x00, 0x00, 0x00, 0x00, 0x00, 0x00, 0x00, 0x00, 0x00, 0x00, 0x00, 0x00, 0x00,
    0x00, 0x00, 0x00, 0x00, 0x00, 0x00, 0x00, 0x00, 0x00, 0x00, 0x00, 0x00, 0x00, 0x00, 0x00, 0x00,
    0x00, 0x00, 0x00, 0x00, 0x00, 0x00, 0x00, 0x00, 0x00, 0x00, 0x00, 0x00, 0x00, 0x00, 0x00, 0x02,
    0x00, 0x00, 0x00, 0x03, 0x00, 0x00, 0x00, 0x14, 0x00, 0x03, 0x00, 0x01, 0x00, 0x00, 0x00, 0x14,
    0x00, 0x04, 0x06, 0xe8, 0x00, 0x00, 0x01, 0xb6, 0x01, 0x00, 0x00, 0x07, 0x00, 0xb6, 0x00, 0x7e,
    0x00, 0xb7, 0x21, 0x92, 0xac, 0x00, 0xac, 0x04, 0xac, 0x08, 0xac, 0x11, 0xac, 0x15, 0xac, 0x19,
    0xac, 0x70, 0xac, 0x74, 0xac, 0x80, 0xac, 0x8c, 0xac, 0xa9, 0xac, 0xbd, 0xac, 0xe0, 0xac, 0xf5,
    0xac, 0xfc, 0xad, 0x00, 0xad, 0x6c, 0xad, 0x8c, 0xad, 0xfc, 0xae, 0x30, 0xae, 0x38, 0xae, 0x40,
    0xae, 0x4c, 0xae, 0xbc, 0xb0, 0x1d, 0xb0, 0x4c, 0xb0, 0x5d, 0xb0, 0x98, 0xb0, 0x9c, 0xb0, 0xa0,
    0xb0, 0xa8, 0xb0, 0xae, 0xb0, 0xb4, 0xb1, 0x93, 0xb2, 0x90, 0xb2, 0x94, 0xb2, 0xa5, 0xb2, 0xc8,
    0xb2, 0xe5, 0xb2, 0xe8, 0xb2, 0xec, 0xb2, 0xf9, 0xb3, 0x00, 0xb3, 0x70, 0xb3, 0xc4, 0xb3, 0xcc,
    0xb3, 0xd9, 0xb4, 0x29, 0xb4, 0xa4, 0xb4, 0xdd, 0xb5, 0x2a, 0xb5, 0x4c, 0xb5, 0xa0, 0xb6, 0x10,
    0xb7, 0x7c, 0xb7, 0x98, 0xb8, 0x08, 0xb8, 0x25, 0xb8, 0x40, 0xb8, 0x5d, 0xb8, 0xcc, 0xb9, 0x58,
    0xb9, 0x60, 0xb9, 0x74, 0xb9, 0x7c, 0xb9, 0x85, 0xb9, 0xad, 0xb9, 0xb0, 0xb9, 0xc9, 0xb9, 0xcc,
    0xba, 0x38, 0xba, 0x3c, 0xba, 0x40, 0xba, 0x74, 0xba, 0x85, 0xba, 0xa8, 0xba, 0xb8, 0xbb, 0x34,
    0xbb, 0xf8, 0xbc, 0x14, 0xbc, 0x16, 0xbc, 0x18, 0xbc, 0x1c, 0xbc, 0x29, 0xbc, 0x30, 0xbc, 0x88,
    0xbc, 0x95, 0xbc, 0xbd, 0xbc, 0xc0, 0xbc, 0xc4, 0xbc, 0xf5, 0xbd, 0x80, 0xbd, 0x88, 0xbe, 0x0c,
    0xbe, 0x44, 0xbe, 0x48, 0xbf, 0x51, 0xc0, 0xac, 0xc0, 0xb0, 0xc0, 0xb4, 0xc0, 0xc1, 0xc0, 0xc8,
    0xc1, 0x1c, 0xc1, 0x20, 0xc1, 0x31, 0xc1, 0x38, 0xc1, 0x8d, 0xc1, 0xc4, 0xc2, 0x18, 0xc2, 0xa4,
    0xc2, 0xb5, 0xc2, 0xdd, 0xc2, 0xe0, 0xc2, 0xe4, 0xc3, 0xd8, 0xc5, 0x45, 0xc5, 0x48, 0xc5, 0x4a,
    0xc5, 0xb4, 0xc5, 0xbb, 0xc5, 0xc6, 0xc5, 0xd0, 0xc5, 0xf0, 0xc5, 0xfc, 0xc6, 0x01, 0xc6, 0x24,
    0xc6, 0x40, 0xc6, 0x95, 0xc6, 0xa9, 0xc6, 0xd0, 0xc6, 0xe8, 0xc7, 0x04, 0xc7, 0x20, 0xc7, 0x3c,
    0xc7, 0x40, 0xc7, 0x44, 0xc7, 0x4c, 0xc7, 0x58, 0xc7, 0x74, 0xc7, 0x78, 0xc7, 0x7c, 0xc7, 0x85,
    0xc7, 0x88, 0xc7, 0x91, 0xc7, 0xa0, 0xc7, 0xa5, 0xc8, 0x01, 0xc8, 0x04, 0xc8, 0x11, 0xc8, 0x15,
    0xc8, 0x70, 0xc8, 0x85, 0xc8, 0x8c, 0xc8, 0xfd, 0xc9, 0x00, 0xc9, 0x0d, 0xc9, 0x11, 0xc9, 0x89,
    0xc9, 0x9d, 0xc9, 0xc0, 0xc9, 0xd1, 0xcc, 0x29, 0xcc, 0x3d, 0xcc, 0x98, 0xcc, 0xb4, 0xcd, 0x09,
    0xcd, 0x1d, 0xcd, 0x5c, 0xcd, 0x94, 0xcd, 0xa9, 0xce, 0x59, 0xce, 0x68, 0xce, 0x74, 0xcf, 0x1c,
    0xcf, 0x64, 0xd0, 0x6c, 0xd0, 0x74, 0xd0, 0xa4, 0xd0, 0xac, 0xd0, 0xc0, 0xd0, 0xc4, 0xd0, 0xd0,
    0xd0, 0xdd, 0xd1, 0xa0, 0xd1, 0xb5, 0xd2, 0x95, 0xd2, 0xb9, 0xd2, 0xc0, 0xd3, 0x0c, 0xd3, 0x28,
    0xd3, 0x99, 0xd3, 0xed, 0xd4, 0x8d, 0xd5, 0x3c, 0xd5, 0x58, 0xd5, 0x5c, 0xd5, 0x60, 0xd5, 0x69,
    0xd5, 0x74, 0xd5, 0xa5, 0xd5, 0xc8, 0xd5, 0xd8, 0xd6, 0x00, 0xd6, 0x08, 0xd6, 0x15, 0xd6, 0x55,
    0xd6, 0x58, 0xd6, 0x5c, 0xd6, 0x8d, 0xd6, 0x9f, 0xd6, 0xa8, 0xd7, 0x34, 0xd7, 0x49, 0xd7, 0x61,
    0xd7, 0x88, 0xff, 0xff, 0x00, 0x00, 0x00, 0x20, 0x00, 0xb7, 0x21, 0x92, 0xac, 0x00, 0xac, 0x04,
    0xac, 0x08, 0xac, 0x10, 0xac, 0x15, 0xac, 0x19, 0xac, 0x70, 0xac, 0x74, 0xac, 0x80, 0xac, 0x8c,
    0xac, 0xa9, 0xac, 0xbd, 0xac, 0xe0, 0xac, 0xf5, 0xac, 0xfc, 0xad, 0x00, 0xad, 0x6c, 0xad, 0x8c,
    0xad, 0xfc, 0xae, 0x30, 0xae, 0x38, 0xae, 0x40, 0xae, 0x4c, 0xae, 0xbc, 0xb0, 0x1d, 0xb0, 0x4c,
    0xb0, 0x5d, 0xb0, 0x98, 0xb0, 0x9c, 0xb0, 0xa0, 0xb0, 0xa8, 0xb0, 0xae, 0xb0, 0xb4, 0xb1, 0x93,
    0xb2, 0x90, 0xb2, 0x94, 0xb2, 0xa5, 0xb2, 0xc8, 0xb2, 0xe4, 0xb2, 0xe8, 0xb2, 0xec, 0xb2, 0xf9,
    0xb3, 0x00, 0xb3, 0x70, 0xb3, 0xc4, 0xb3, 0xcc, 0xb3, 0xd9, 0xb4, 0x29, 0xb4, 0xa4, 0xb4, 0xdc,
    0xb5, 0x2a, 0xb5, 0x4c, 0xb5, 0xa0, 0xb6, 0x10, 0xb7, 0x7c, 0xb7, 0x98, 0xb8, 0x08, 0xb8, 0x25,
    0xb8, 0x40, 0xb8, 0x5c, 0xb8, 0xcc, 0xb9, 0x58, 0xb9, 0x60, 0xb9, 0x74, 0xb9, 0x7c, 0xb9, 0x85,
    0xb9, 0xac, 0xb9, 0xb0, 0xb9, 0xc8, 0xb9, 0xcc, 0xba, 0x38, 0xba, 0x3c, 0xba, 0x40, 0xba, 0x74,
    0xba, 0x85, 0xba, 0xa8, 0xba, 0xb8, 0xbb, 0x34, 0xbb, 0xf8, 0xbc, 0x14, 0xbc, 0x16, 0xbc, 0x18,
    0xbc, 0x1c, 0xbc, 0x29, 0xbc, 0x30, 0xbc, 0x88, 0xbc, 0x95, 0xbc, 0xbd, 0xbc, 0xc0, 0xbc, 0xc4,
    0xbc, 0xf4, 0xbd, 0x80, 0xbd, 0x88, 0xbe, 0x0c, 0xbe, 0x44, 0xbe, 0x48, 0xbf, 0x51, 0xc0, 0xac,
    0xc0, 0xb0, 0xc0, 0xb4, 0xc0, 0xc1, 0xc0, 0xc8, 0xc1, 0x1c, 0xc1, 0x20, 0xc1, 0x31, 0xc1, 0x38,
    0xc1, 0x8d, 0xc1, 0xc4, 0xc2, 0x18, 0xc2, 0xa4, 0xc2, 0xb5, 0xc2, 0xdc, 0xc2, 0xe0, 0xc2, 0xe4,
    0xc3, 0xd8, 0xc5, 0x44, 0xc5, 0x48, 0xc5, 0x4a, 0xc5, 0xb4, 0xc5, 0xbb, 0xc5, 0xc6, 0xc5, 0xd0,
    0xc5, 0xf0, 0xc5, 0xfc, 0xc6, 0x01, 0xc6, 0x24, 0xc6, 0x40, 0xc6, 0x94, 0xc6, 0xa9, 0xc6, 0xd0,
    0xc6, 0xe8, 0xc7, 0x04, 0xc7, 0x20, 0xc7, 0x3c, 0xc7, 0x40, 0xc7, 0x44, 0xc7, 0x4c, 0xc7, 0x58,
    0xc7, 0x74, 0xc7, 0x78, 0xc7, 0x7c, 0xc7, 0x83, 0xc7, 0x88, 0xc7, 0x90, 0xc7, 0xa0, 0xc7, 0xa5,
    0xc8, 0x00, 0xc8, 0x04, 0xc8, 0x10, 0xc8, 0x15, 0xc8, 0x70, 0xc8, 0x85, 0xc8, 0x8c, 0xc8, 0xfc,
    0xc9, 0x00, 0xc9, 0x0d, 0xc9, 0x11, 0xc9, 0x89, 0xc9, 0x9d, 0xc9, 0xc0, 0xc9, 0xd0, 0xcc, 0x29,
    0xcc, 0x3d, 0xcc, 0x98, 0xcc, 0xb4, 0xcd, 0x08, 0xcd, 0x1d, 0xcd, 0x5c, 0xcd, 0x94, 0xcd, 0xa9,
    0xce, 0x58, 0xce, 0x68, 0xce, 0x74, 0xcf, 0x1c, 0xcf, 0x64, 0xd0, 0x6c, 0xd0, 0x74, 0xd0, 0xa4,
    0xd0, 0xac, 0xd0, 0xc0, 0xd0, 0xc4, 0xd0, 0xd0, 0xd0, 0xdc, 0xd1, 0xa0, 0xd1, 0xb5, 0xd2, 0x95,
    0xd2, 0xb9, 0xd2, 0xc0, 0xd3, 0x0c, 0xd3, 0x28, 0xd3, 0x99, 0xd3, 0xec, 0xd4, 0x8d, 0xd5, 0x3c,
    0xd5, 0x58, 0xd5, 0x5c, 0xd5, 0x60, 0xd5, 0x69, 0xd5, 0x74, 0xd5, 0xa5, 0xd5, 0xc8, 0xd5, 0xd8,
    0xd6, 0x00, 0xd6, 0x08, 0xd6, 0x15, 0xd6, 0x54, 0xd6, 0x58, 0xd6, 0x5c, 0xd6, 0x8c, 0xd6, 0x9f,
    0xd6, 0xa8, 0xd7, 0x34, 0xd7, 0x49, 0xd7, 0x61, 0xd7, 0x88, 0xff, 0xff, 0xff, 0xe1, 0xff, 0xa9,
    0xde, 0xcf, 0x54, 0x62, 0x54, 0x5f, 0x54, 0x5c, 0x54, 0x55, 0x54, 0x52, 0x54, 0x4f, 0x53, 0xf9,
    0x53, 0xf6, 0x53, 0xeb, 0x53, 0xe0, 0x53, 0xc4, 0x53, 0xb1, 0x53, 0x8f, 0x53, 0x7b, 0x53, 0x75,
    0x53, 0x72, 0x53, 0x07, 0x52, 0xe8, 0x52, 0x79, 0x52, 0x46, 0x52, 0x3f, 0x52, 0x38, 0x52, 0x2d,
    0x51, 0xbe, 0x50, 0x5e, 0x50, 0x30, 0x50, 0x20, 0x4f, 0xe6, 0x4f, 0xe3, 0x4f, 0xe0, 0x4f, 0xd9,
    0x4f, 0xd4, 0x4f, 0xcf, 0x4e, 0xf1, 0x4d, 0xf5, 0x4d, 0xf2, 0x4d, 0xe2, 0x4d, 0xc0, 0x4d, 0xa5,
    0x4d, 0xa3, 0x4d, 0xa0, 0x4d, 0x94, 0x4d, 0x8e, 0x4d, 0x1f, 0x4c, 0xcc, 0x4c, 0xc5, 0x4c, 0xb9,
    0x4c, 0x6a, 0x4b, 0xf0, 0x4b, 0xb9, 0x4b, 0x6d, 0x4b, 0x4c, 0x4a, 0xf9, 0x4a, 0x8a, 0x49, 0x1f,
    0x49, 0x04, 0x48, 0x95, 0x48, 0x79, 0x48, 0x5f, 0x48, 0x44, 0x47, 0xd6, 0x47, 0x4b, 0x47, 0x44,
    0x47, 0x31, 0x47, 0x2a, 0x47, 0x22, 0x46, 0xfc, 0x46, 0xfa, 0x46, 0xe3, 0x46, 0xe1, 0x46, 0x76,
    0x46, 0x73, 0x46, 0x70, 0x46, 0x3d, 0x46, 0x2d, 0x46, 0x0b, 0x45, 0xfc, 0x45, 0x81, 0x44, 0xbe,
    0x44, 0xa3, 0x44, 0xa2, 0x44, 0xa1, 0x44, 0x9e, 0x44, 0x92, 0x44, 0x8c, 0x44, 0x35, 0x44, 0x29,
    0x44, 0x02, 0x44, 0x00, 0x43, 0xfd, 0x43, 0xce, 0x43, 0x44, 0x43, 0x3d, 0x42, 0xba, 0x42, 0x83,
    0x42, 0x80, 0x41, 0x78, 0x40, 0x1e, 0x40, 0x1b, 0x40, 0x18, 0x40, 0x0c, 0x40, 0x06, 0x3f, 0xb3,
    0x3f, 0xb0, 0x3f, 0xa0, 0x3f, 0x9a, 0x3f, 0x46, 0x3f, 0x10, 0x3e, 0xbd, 0x3e, 0x32, 0x3e, 0x22,
    0x3d, 0xfc, 0x3d, 0xfa, 0x3d, 0xf7, 0x3d, 0x04, 0x3b, 0x99, 0x3b, 0x97, 0x3b, 0x96, 0x3b, 0x2d,
    0x3b, 0x27, 0x3b, 0x1d, 0x3b, 0x14, 0x3a, 0xf5, 0x3a, 0xea, 0x3a, 0xe6, 0x3a, 0xc4, 0x3a, 0xa9,
    0x3a, 0x56, 0x3a, 0x43, 0x3a, 0x1d, 0x3a, 0x06, 0x39, 0xeb, 0x39, 0xd0, 0x39, 0xb5, 0x39, 0xb2,
    0x39, 0xaf, 0x39, 0xa8, 0x39, 0x9d, 0x39, 0x82, 0x39, 0x7f, 0x39, 0x7c, 0x39, 0x76, 0x39, 0x74,
    0x39, 0x6d, 0x39, 0x5f, 0x39, 0x5b, 0x39, 0x01, 0x38, 0xff, 0x38, 0xf4, 0x38, 0xf1, 0x38, 0x97,
    0x38, 0x83, 0x38, 0x7d, 0x38, 0x0e, 0x38, 0x0c, 0x38, 0x00, 0x37, 0xfd, 0x37, 0x86, 0x37, 0x73,
    0x37, 0x51, 0x37, 0x42, 0x34, 0xeb, 0x34, 0xd8, 0x34, 0x7e, 0x34, 0x63, 0x34, 0x10, 0x33, 0xfd,
    0x33, 0xbf, 0x33, 0x88, 0x33, 0x74, 0x32, 0xc6, 0x32, 0xb8, 0x32, 0xad, 0x32, 0x06, 0x31, 0xbf,
    0x30, 0xb8, 0x30, 0xb1, 0x30, 0x82, 0x30, 0x7b, 0x30, 0x68, 0x30, 0x65, 0x30, 0x5a, 0x30, 0x4f,
    0x2f, 0x8d, 0x2f, 0x79, 0x2e, 0x9a, 0x2e, 0x77, 0x2e, 0x71, 0x2e, 0x26, 0x2e, 0x0b, 0x2d, 0x9b,
    0x2d, 0x49, 0x2c, 0xaa, 0x2b, 0xfc, 0x2b, 0xe1, 0x2b, 0xde, 0x2b, 0xdb, 0x2b, 0xd3, 0x2b, 0xc9,
    0x2b, 0x99, 0x2b, 0x77, 0x2b, 0x68, 0x2b, 0x41, 0x2b, 0x3a, 0x2b, 0x2e, 0x2a, 0xf0, 0x2a, 0xee,
    0x2a, 0xeb, 0x2a, 0xbc, 0x2a, 0xab, 0x2a, 0xa3, 0x2a, 0x18, 0x2a, 0x04, 0x29, 0xed, 0x29, 0xc7,
    0x00, 0x01, 0x00, 0x00, 0x00, 0x00, 0x00, 0x00, 0x00, 0x00, 0x00, 0x00, 0x00, 0x00, 0x00, 0x00,
    0x00, 0x00, 0x00, 0x00, 0x00, 0x00, 0x00, 0x00, 0x00, 0x00, 0x00, 0x00, 0x00, 0x00, 0x00, 0x00,
    0x00, 0x00, 0x00, 0x00, 0x00, 0x00, 0x00, 0x00, 0x00, 0x00, 0x00, 0x00, 0x00, 0x00, 0x00, 0x00,
    0x00, 0x00, 0x00, 0x00, 0x00, 0x00, 0x00, 0x00, 0x00, 0x00, 0x00, 0x00, 0x00, 0x00, 0x00, 0x00,
    0x00, 0x00, 0x00, 0x00, 0x00, 0x00, 0x00, 0x00, 0x00, 0x00, 0x00, 0x00, 0x00, 0x00, 0x00, 0x00,
    0x00, 0x00, 0x00, 0x00, 0x00, 0x00, 0x00, 0x00, 0x00, 0x00, 0x00, 0x00, 0x00, 0x00, 0x00, 0x00,
    0x00, 0x00, 0x00, 0x00, 0x00, 0x00, 0x00, 0x00, 0x00, 0x00, 0x00, 0x00, 0x00, 0x00, 0x00, 0x00,
    0x00, 0x00, 0x00, 0x00, 0x00, 0x00, 0x00, 0x00, 0x00, 0x00, 0x00, 0x00, 0x00, 0x00, 0x00, 0x00,
    0x00, 0x00, 0x00, 0x00, 0x00, 0x00, 0x00, 0x00, 0x00, 0x00, 0x00, 0x00, 0x00, 0x00, 0x00, 0x00,
    0x00, 0x00, 0x00, 0x00, 0x00, 0x00, 0x00, 0x00, 0x00, 0x00, 0x00, 0x00, 0x00, 0x00, 0x00, 0x00,
    0x00, 0x00, 0x00, 0x00, 0x00, 0x00, 0x00, 0x00, 0x00, 0x00, 0x00, 0x00, 0x00, 0x00, 0x00, 0x00,
    0x00, 0x00, 0x00, 0x00, 0x00, 0x00, 0x00, 0x00, 0x00, 0x00, 0x00, 0x00, 0x00, 0x00, 0x00, 0x00,
    0x00, 0x00, 0x00, 0x00, 0x00, 0x00, 0x00, 0x00, 0x00, 0x00, 0x00, 0x00, 0x00, 0x00, 0x00, 0x00,
    0x00, 0x00, 0x00, 0x00, 0x00, 0x00, 0x00, 0x00, 0x00, 0x00, 0x00, 0x00, 0x00, 0x00, 0x00, 0x00,
    0x00, 0x00, 0x00, 0x00, 0x00, 0x00, 0x00, 0x00, 0x00, 0x00, 0x00, 0x00, 0x00, 0x00, 0x00, 0x00,
    0x00, 0x00, 0x00, 0x00, 0x00, 0x00, 0x00, 0x00, 0x00, 0x00, 0x00, 0x00, 0x00, 0x00, 0x00, 0x00,
    0x00, 0x00, 0x00, 0x00, 0x00, 0x00, 0x00, 0x00, 0x00, 0x00, 0x00, 0x00, 0x00, 0x00, 0x00, 0x00,
    0x00, 0x00, 0x00, 0x00, 0x00, 0x00, 0x00, 0x00, 0x00, 0x00, 0x00, 0x00, 0x00, 0x00, 0x00, 0x00,
    0x00, 0x00, 0x00, 0x00, 0x00, 0x00, 0x00, 0x00, 0x00, 0x00, 0x00, 0x00, 0x00, 0x00, 0x00, 0x00,
    0x00, 0x00, 0x00, 0x00, 0x00, 0x00, 0x00, 0x00, 0x00, 0x00, 0x00, 0x00, 0x00, 0x00, 0x00, 0x00,
    0x00, 0x00, 0x00, 0x00, 0x00, 0x00, 0x00, 0x00, 0x00, 0x00, 0x00, 0x00, 0x00, 0x00, 0x00, 0x00,
    0x00, 0x00, 0x00, 0x00, 0x00, 0x00, 0x00, 0x00, 0x00, 0x00, 0x00, 0x00, 0x00, 0x00, 0x00, 0x00,
    0x00, 0x00, 0x00, 0x00, 0x00, 0x00, 0x00, 0x00, 0x00, 0x00, 0x00, 0x00, 0x00, 0x00, 0x00, 0x00,
    0x00, 0x00, 0x00, 0x00, 0x00, 0x00, 0x00, 0x00, 0x00, 0x00, 0x00, 0x00, 0x00, 0x00, 0x00, 0x00,
    0x00, 0x00, 0x00, 0x00, 0x00, 0x00, 0x00, 0x00, 0x00, 0x00, 0x00, 0x00, 0x00, 0x00, 0x00, 0x00,
    0x00, 0x00, 0x00, 0x00, 0x00, 0x00, 0x00, 0x00, 0x00, 0x00, 0x00, 0x00, 0x00, 0x00, 0x00, 0x00,
    0x00, 0x00, 0x00, 0x00, 0x00, 0x00, 0x00, 0x00, 0x00, 0x00, 0x00, 0x00, 0x00, 0x00, 0x00, 0x00,
    0x00, 0x00, 0x00, 0x00, 0x00, 0x00, 0x00, 0x00, 0x00, 0x00, 0x00, 0x67, 0x00, 0x67, 0x00, 0x79,
    0x00, 0x8d, 0x00, 0xbd, 0x00, 0xfc, 0x01, 0x68, 0x01, 0xc1, 0x01, 0xce, 0x01, 0xf2, 0x02, 0x15,
    0x02, 0x48, 0x02, 0x60, 0x02, 0x70, 0x02, 0x7c, 0x02, 0x87, 0x02, 0xa9, 0x02, 0xde, 0x02, 0xf4,
    0x03, 0x38, 0x03, 0x8c, 0x03, 0xb5, 0x03, 0xf1, 0x04, 0x39, 0x04, 0x5e, 0x04, 0xbc, 0x05, 0x02,
    0x05, 0x14, 0x05, 0x2a, 0x05, 0x55, 0x05, 0x68, 0x05, 0x96, 0x05, 0xc0, 0x06, 0x13, 0x06, 0x45,
    0x06, 0x7e, 0x06, 0xba, 0x06, 0xdd, 0x06, 0xf4, 0x07, 0x08, 0x07, 0x46, 0x07, 0x5d, 0x07, 0x71,
    0x07, 0x91, 0x07, 0xd9, 0x07, 0xe7, 0x08, 0x24, 0x08, 0x4e, 0x08, 0x84, 0x08, 0xac, 0x08, 0xf2,
    0x09, 0x2b, 0x09, 0x7e, 0x09, 0x90, 0x09, 0xb5, 0x09, 0xe7, 0x0a, 0x2a, 0x0a, 0x79, 0x0a, 0xa7,
    0x0a, 0xd0, 0x0a, 0xe0, 0x0b, 0x02, 0x0b, 0x12, 0x0b, 0x33, 0x0b, 0x3e, 0x0b, 0x55, 0x0b, 0x87,
    0x0b, 0xba, 0x0b, 0xe8, 0x0c, 0x1c, 0x0c, 0x58, 0x0c, 0x73, 0x0c, 0xbc, 0x0c, 0xd9, 0x0c, 0xeb,
    0x0d, 0x07, 0x0d, 0x3c, 0x0d, 0x49, 0x0d, 0x74, 0x0d, 0x91, 0x0d, 0xc6, 0x0d, 0xfa, 0x0e, 0x2d,
    0x0e, 0x47, 0x0e, 0x7d, 0x0e, 0x9e, 0x0e, 0xc0, 0x0e, 0xea, 0x0f, 0x27, 0x0f, 0x77, 0x0f, 0xaf,
    0x0f, 0xdb, 0x0f, 0xff, 0x10, 0x0c, 0x10, 0x2f, 0x10, 0x4f, 0x10, 0x5b, 0x10, 0x88, 0x10, 0xbb,
    0x10, 0xf2, 0x11, 0x2b, 0x11, 0x66, 0x11, 0xa5, 0x11, 0xeb, 0x12, 0x23, 0x12, 0x56, 0x12, 0x8e,
    0x12, 0xcb, 0x12, 0xfd, 0x13, 0x39, 0x13, 0x84, 0x13, 0xa6, 0x13, 0xdb, 0x14, 0x02, 0x14, 0x33,
    0x14, 0x53, 0x14, 0x82, 0x14, 0xa3, 0x14, 0xd0, 0x15, 0x05, 0x15, 0x3c, 0x15, 0x75, 0x15, 0xac,
    0x15, 0xe6, 0x16, 0x14, 0x16, 0x42, 0x16, 0x5d, 0x16, 0x83, 0x16, 0xae, 0x16, 0xd8, 0x17, 0x12,
    0x17, 0x33, 0x17, 0x6d, 0x17, 0x83, 0x17, 0xa3, 0x17, 0xd1, 0x17, 0xe8, 0x18, 0x06, 0x18, 0x2e,
    0x18, 0x56, 0x18, 0x85, 0x18, 0xbc, 0x18, 0xe0, 0x19, 0x06, 0x19, 0x22, 0x19, 0x4f, 0x19, 0x84,
    0x19, 0xb8, 0x19, 0xde, 0x19, 0xf7, 0x1a, 0x19, 0x1a, 0x52, 0x1a, 0x7a, 0x1a, 0xa1, 0x1a, 0xc5,
    0x1a, 0xe9, 0x1b, 0x11, 0x1b, 0x39, 0x1b, 0x6a, 0x1b, 0x96, 0x1b, 0xb7, 0x1b, 0xe1, 0x1c, 0x08,
    0x1c, 0x32, 0x1c, 0x65, 0x1c, 0x83, 0x1c, 0xad, 0x1c, 0xde, 0x1c, 0xfe, 0x1d, 0x26, 0x1d, 0x4f,
    0x1d, 0x70, 0x1d, 0x9b, 0x1d, 0xc6, 0x1d, 0xe6, 0x1e, 0x12, 0x1e, 0x44, 0x1e, 0x73, 0x1e, 0xb1,
    0x1e, 0xcf, 0x1e, 0xfb, 0x1f, 0x1c, 0x1f, 0x38, 0x1f, 0x5e, 0x1f, 0x92, 0x1f, 0xc0, 0x1f, 0xf4,
    0x20, 0x31, 0x20, 0x5b, 0x20, 0x89, 0x20, 0xc0, 0x20, 0xf3, 0x21, 0x25, 0x21, 0x5f, 0x21, 0x83,
    0x21, 0xb0, 0x21, 0xd6, 0x22, 0x07, 0x22, 0x28, 0x22, 0x49, 0x22, 0x74, 0x22, 0xbb, 0x22, 0xf3,
    0x23, 0x36, 0x23, 0x7f, 0x23, 0xd1, 0x24, 0x0e, 0x24, 0x47, 0x24, 0x8a, 0x24, 0xdd, 0x25, 0x1a,
    0x25, 0x52, 0x25, 0x9a, 0x25, 0xc8, 0x26, 0x06, 0x26, 0x41, 0x26, 0x75, 0x26, 0xb5, 0x26, 0xf3,
    0x27, 0x39, 0x27, 0x7b, 0x27, 0xbe, 0x28, 0x0b, 0x28, 0x57, 0x28, 0xc3, 0x29, 0x05, 0x29, 0x50,
    0x29, 0xbb, 0x2a, 0x02, 0x2a, 0x4e, 0x2a, 0xa0, 0x2a, 0xfc, 0x2b, 0x3a, 0x2b, 0x88, 0x2b, 0xcb,
    0x2c, 0x05, 0x2c, 0x4e, 0x2c, 0x8d, 0x2c, 0xcb, 0x2c, 0xfe, 0x2d, 0x2f, 0x2d, 0x6c, 0x2d, 0x9c,
    0x2d, 0xd2, 0x2e, 0x07, 0x2e, 0x4c, 0x2e, 0x8b, 0x2e, 0xd2, 0x2f, 0x1b, 0x2f, 0x85, 0x2f, 0xd2,
    0x30, 0x22, 0x30, 0x97, 0x30, 0xd7, 0x31, 0x1f, 0x31, 0x6b, 0x31, 0xc1, 0x32, 0x02, 0x32, 0x4c,
    0x32, 0x94, 0x32, 0xe1, 0x33, 0x32, 0x33, 0x8a, 0x33, 0xc9, 0x34, 0x14, 0x34, 0x5f, 0x34, 0x92,
    0x34, 0xcc, 0x35, 0x08, 0x35, 0x4d, 0x35, 0x97, 0x35, 0xcf, 0x36, 0x16, 0x36, 0x52, 0x36, 0x9a,
    0x36, 0xe5, 0x37, 0x2a, 0x37, 0x7d, 0x37, 0xc3, 0x38, 0x05, 0x38, 0x48, 0x38, 0x86, 0x38, 0xd1,
    0x39, 0x1c, 0x39, 0x56, 0x39, 0xa1, 0x39, 0xe2, 0x3a, 0x23, 0x3a, 0x68, 0x3a, 0x9c, 0x3a, 0xd4,
    0x3b, 0x02, 0x3b, 0x24, 0x3b, 0x4e, 0x3b, 0x7d, 0x3b, 0xb3, 0x3b, 0xd7, 0x3c, 0x04, 0x3c, 0x34,
    0x3c, 0x5b, 0x3c, 0x8e, 0x3c, 0xae, 0x3c, 0xe5, 0x3d, 0x23, 0x3d, 0x49, 0x3d, 0x73, 0x3d, 0x9c,
    0x3d, 0xc9, 0x3e, 0x02, 0x3e, 0x29, 0x3e, 0x58, 0x3e, 0x96, 0x3e, 0xba, 0x3e, 0xf4, 0x3f, 0x30,
    0x3f, 0x73, 0x3f, 0xb8, 0x3f, 0xf6, 0x40, 0x46, 0x40, 0x80, 0x40, 0xc3, 0x41, 0x01, 0x41, 0x42,
    0x41, 0x94, 0x41, 0xd3, 0x42, 0x12, 0x42, 0x51, 0x42, 0x91, 0x42, 0xcb, 0x43, 0x0e, 0x43, 0x62,
    0x43, 0x9e, 0x43, 0xd7, 0x44, 0x20, 0x44, 0x5a, 0x44, 0x8f, 0x00, 0x00, 0x00, 0x0f, 0x00, 0x00,
    0x00, 0x00, 0x04, 0x4c, 0x04, 0x4c, 0x00, 0x03, 0x00, 0x07, 0x00, 0x13, 0x00, 0x17, 0x00, 0x1b,
    0x00, 0x1f, 0x00, 0x23, 0x00, 0x27, 0x00, 0x2b, 0x00, 0x2f, 0x00, 0x33, 0x00, 0x37, 0x00, 0x3b,
    0x00, 0x3f, 0x00, 0x43, 0x00, 0x00, 0x31, 0x11, 0x21, 0x11, 0x27, 0x23, 0x35, 0x33, 0x15, 0x35,
    0x33, 0x11, 0x23, 0x35, 0x21, 0x15, 0x23, 0x11, 0x33, 0x15, 0x01, 0x15, 0x23, 0x35, 0x01, 0x35,
    0x33, 0x15, 0x07, 0x23, 0x35, 0x33, 0x11, 0x33, 0x15, 0x23, 0x35, 0x15, 0x23, 0x35, 0x01, 0x15,
    0x23, 0x35, 0x13, 0x23, 0x35, 0x33, 0x01, 0x23, 0x35, 0x33, 0x11, 0x15, 0x23, 0x35, 0x01, 0x15,
    0x23, 0x35, 0x37, 0x15, 0x23, 0x35, 0x15, 0x23, 0x35, 0x33, 0x04, 0x4c, 0xc8, 0x64, 0x64, 0x64,
    0x64, 0xfd, 0x44, 0x64, 0x64, 0x02, 0xbc, 0x64, 0xfe, 0x70, 0x64, 0x64, 0x64, 0x64, 0x64, 0x64,
    0x64, 0x01, 0xf4, 0x64, 0x64, 0x64, 0x64, 0xfe, 0x0c, 0x64, 0x64, 0x64, 0x01, 0xf4, 0x64, 0x64,
    0x64, 0x64, 0x64, 0x04, 0x4c, 0xfb, 0xb4, 0xc8, 0x64, 0xc8, 0x64, 0x02, 0xbc, 0x64, 0x64, 0xfd,
    0x44, 0x64, 0x03, 0x20, 0x64, 0x64, 0xfe, 0x0c, 0x64, 0x64, 0x64, 0x64, 0x01, 0x2c, 0x64, 0xc8,
    0x64, 0x64, 0xfe, 0x70, 0x64, 0x64, 0x01, 0x2c, 0x64, 0xfd, 0xa8, 0x64, 0x02, 0x58, 0x64, 0x64,
    0xfe, 0x70, 0x64, 0x64, 0xc8, 0x64, 0x64, 0xc8, 0x64, 0x00, 0x00, 0x02, 0x00, 0x64, 0x00, 0x00,
    0x00, 0xc8, 0x04, 0x4c, 0x00, 0x03, 0x00, 0x07, 0x00, 0x00, 0x13, 0x33, 0x11, 0x23, 0x15, 0x33,
    0x15, 0x23, 0x64, 0x64, 0x64, 0x64, 0x64, 0x04, 0x4c, 0xfc, 0xe0, 0x64, 0xc8, 0x00, 0x00, 0x02,
    0x00, 0x00, 0x03, 0x20, 0x01, 0x2c, 0x04, 0x4c, 0x00, 0x03, 0x00, 0x07, 0x00, 0x00, 0x13, 0x11,
    0x23, 0x11, 0x21, 0x11, 0x23, 0x11, 0x64, 0x64, 0x01, 0x2c, 0x64, 0x04, 0x4c, 0xfe, 0xd4, 0x01,
    0x2c, 0xfe, 0xd4, 0x01, 0x2c, 0x00, 0x00, 0x02, 0x00, 0x00, 0x00, 0x00, 0x02, 0xbc, 0x04, 0x4c,
    0x00, 0x1b, 0x00, 0x1f, 0x00, 0x00, 0x11, 0x35, 0x33, 0x11, 0x23, 0x35, 0x33, 0x11, 0x33, 0x11,
    0x33, 0x11, 0x33, 0x11, 0x33, 0x15, 0x23, 0x11, 0x33, 0x15, 0x23, 0x11, 0x23, 0x11, 0x23, 0x11,
    0x23, 0x11, 0x25, 0x11, 0x23, 0x11, 0xc8, 0x64, 0xc8, 0x64, 0x64, 0x64, 0x64, 0xc8, 0x64, 0xc8,
    0x64, 0x64, 0x64, 0x01, 0x2c, 0x64, 0x01, 0x2c, 0x64, 0x01, 0x2c, 0x64, 0x01, 0x2c, 0xfe, 0xd4,
    0x01, 0x2c, 0xfe, 0xd4, 0x64, 0xfe, 0xd4, 0x64, 0xfe, 0xd4, 0x01, 0x2c, 0xfe, 0xd4, 0x01, 0x2c,
    0x64, 0x01, 0x2c, 0xfe, 0xd4, 0x00, 0x00, 0x05, 0x00, 0x00, 0x00, 0x00, 0x02, 0xbc, 0x04, 0x4c,
    0x00, 0x03, 0x00, 0x07, 0x00, 0x23, 0x00, 0x27, 0x00, 0x2b, 0x00, 0x00, 0x35, 0x35, 0x33, 0x15,
    0x03, 0x11, 0x33, 0x11, 0x01, 0x15, 0x23, 0x35, 0x23, 0x35, 0x33, 0x11, 0x23, 0x35, 0x33, 0x11,
    0x23, 0x35, 0x33, 0x35, 0x33, 0x15, 0x33, 0x15, 0x23, 0x11, 0x33, 0x15, 0x23, 0x11, 0x33, 0x15,
    0x35, 0x11, 0x33, 0x11, 0x03, 0x33, 0x15, 0x23, 0x64, 0x64, 0x64, 0x01, 0x2c, 0x64, 0xc8, 0xc8,
    0xc8, 0xc8, 0xc8, 0xc8, 0x64, 0xc8, 0xc8, 0xc8, 0xc8, 0xc8, 0x64, 0x64, 0x64, 0x64, 0xc8, 0x64,
    0x64, 0x01, 0x90, 0x01, 0x2c, 0xfe, 0xd4, 0xfe, 0x0c, 0x64, 0x64, 0x64, 0x01, 0x2c, 0x64, 0x01,
    0x2c, 0x64, 0x64, 0x64, 0x64, 0xfe, 0xd4, 0x64, 0xfe, 0xd4, 0x64, 0x64, 0x01, 0x2c, 0xfe, 0xd4,
    0x02, 0xbc, 0x64, 0x00, 0x00, 0x11, 0x00, 0x00, 0x00, 0x64, 0x03, 0x84, 0x03, 0xe8, 0x00, 0x03,
    0x00, 0x07, 0x00, 0x0b, 0x00, 0x0f, 0x00, 0x13, 0x00, 0x17, 0x00, 0x1b, 0x00, 0x1f, 0x00, 0x23,
    0x00, 0x27, 0x00, 0x2b, 0x00, 0x2f, 0x00, 0x33, 0x00, 0x37, 0x00, 0x3b, 0x00, 0x3f, 0x00, 0x43,
    0x00, 0x00, 0x35, 0x35, 0x33, 0x15, 0x03, 0x35, 0x33, 0x15, 0x01, 0x23, 0x35, 0x33, 0x11, 0x15,
    0x23, 0x35, 0x01, 0x15, 0x23, 0x35, 0x37, 0x23, 0x35, 0x33, 0x11, 0x33, 0x15, 0x23, 0x01, 0x15,
    0x23, 0x35, 0x13, 0x15, 0x23, 0x35, 0x13, 0x15, 0x23, 0x35, 0x01, 0x15, 0x23, 0x35, 0x13, 0x15,
    0x23, 0x35, 0x13, 0x15, 0x23, 0x35, 0x01, 0x23, 0x35, 0x33, 0x01, 0x23, 0x35, 0x33, 0x05, 0x23,
    0x35, 0x33, 0x11, 0x15, 0x23, 0x35, 0x64, 0x64, 0x64, 0x03, 0x20, 0x64, 0x64, 0x64, 0xfe, 0x70,
    0x64, 0x64, 0x64, 0x64, 0x64, 0x64, 0x01, 0x90, 0xc8, 0xc8, 0xc8, 0xc8, 0x64, 0xfe, 0x70, 0x64,
    0x64, 0xc8, 0xc8, 0xc8, 0x02, 0x58, 0x64, 0x64, 0xfe, 0x0c, 0x64, 0x64, 0x01, 0x90, 0x64, 0x64,
    0x64, 0x64, 0x64, 0x64, 0x02, 0x58, 0xc8, 0xc8, 0xfe, 0x0c, 0xc8, 0x02, 0x58, 0x64, 0x64, 0xfe,
    0x0c, 0x64, 0x64, 0xc8, 0xc8, 0xfe, 0xd4, 0x64, 0xfe, 0xd4, 0x64, 0x64, 0x01, 0x2c, 0x64, 0x64,
    0x01, 0x90, 0x64, 0x64, 0xfe, 0x0c, 0x64, 0x64, 0x01, 0x2c, 0x64, 0x64, 0x01, 0x2c, 0x64, 0x64,
    0xfe, 0xd4, 0x64, 0xfd, 0xa8, 0x64, 0x64, 0xc8, 0x01, 0x2c, 0x64, 0x64, 0x00, 0x0f, 0x00, 0x00,
    0x00, 0x00, 0x02, 0xbc, 0x04, 0x4c, 0x00, 0x03, 0x00, 0x07, 0x00, 0x0b, 0x00, 0x0f, 0x00, 0x13,
    0x00, 0x17, 0x00, 0x1b, 0x00, 0x1f, 0x00, 0x23, 0x00, 0x27, 0x00, 0x2b, 0x00, 0x2f, 0x00, 0x33,
    0x00, 0x37, 0x00, 0x3b, 0x00, 0x00, 0x35, 0x35, 0x33, 0x15, 0x33, 0x15, 0x23, 0x35, 0x17, 0x33,
    0x15, 0x23, 0x11, 0x15, 0x23, 0x35, 0x37, 0x23, 0x11, 0x33, 0x31, 0x35, 0x33, 0x15, 0x11, 0x35,
    0x33, 0x15, 0x03, 0x15, 0x23, 0x35, 0x17, 0x33, 0x15, 0x23, 0x11, 0x15, 0x23, 0x35, 0x13, 0x33,
    0x11, 0x23, 0x13, 0x23, 0x35, 0x33, 0x15, 0x35, 0x33, 0x15, 0x27, 0x35, 0x33, 0x15, 0x25, 0x23,
    0x35, 0x33, 0x64, 0x64, 0x64, 0x64, 0xc8, 0xc8, 0x64, 0x64, 0x64, 0x64, 0xc8, 0x64, 0x64, 0x64,
    0x64, 0x64, 0x64, 0x64, 0x64, 0x64, 0x64, 0xc8, 0x64, 0x64, 0x64, 0x64, 0x64, 0xfe, 0x70, 0x64,
    0x64, 0xc8, 0xc8, 0xc8, 0x64, 0x64, 0x64, 0x64, 0x01, 0xf4, 0x64, 0x64, 0x64, 0x01, 0x90, 0x64,
    0x64, 0xfc, 0x7c, 0x64, 0x64, 0x01, 0x90, 0x64, 0x64, 0x64, 0x64, 0x01, 0x90, 0x64, 0x64, 0x01,
    0x2c, 0xfe, 0xd4, 0xfe, 0x0c, 0x64, 0xc8, 0x64, 0x64, 0xc8, 0x64, 0x64, 0xc8, 0x64, 0x00, 0x01,
    0x00, 0x64, 0x03, 0x20, 0x00, 0xc8, 0x04, 0x4c, 0x00, 0x03, 0x00, 0x00, 0x13, 0x33, 0x11, 0x23,
    0x64, 0x64, 0x64, 0x04, 0x4c, 0xfe, 0xd4, 0x00, 0x00, 0x05, 0x00, 0x00, 0x00, 0x00, 0x01, 0x2c,
    0x04, 0x4c, 0x00, 0x03, 0x00, 0x07, 0x00, 0x0b, 0x00, 0x0f, 0x00, 0x13, 0x00, 0x00, 0x11, 0x11,
    0x33, 0x11, 0x15, 0x35, 0x33, 0x15, 0x03, 0x33, 0x15, 0x23, 0x13, 0x33, 0x15, 0x23, 0x13, 0x15,
    0x23, 0x35, 0x64, 0x64, 0x64, 0x64, 0x64, 0x64, 0x64, 0x64, 0x64, 0x64, 0x01, 0x2c, 0x01, 0xf4,
    0xfe, 0x0c, 0xc8, 0xc8, 0xc8, 0x03, 0x84, 0xc8, 0xfd, 0x44, 0x64, 0x04, 0x4c, 0x64, 0x64, 0x00,
    0x00, 0x05, 0x00, 0x00, 0x00, 0x00, 0x01, 0x2c, 0x04, 0x4c, 0x00, 0x03, 0x00, 0x07, 0x00, 0x0b,
    0x00, 0x0f, 0x00, 0x13, 0x00, 0x00, 0x31, 0x35, 0x33, 0x15, 0x11, 0x15, 0x23, 0x35, 0x13, 0x35,
    0x33, 0x15, 0x03, 0x33, 0x15, 0x23, 0x13, 0x11, 0x33, 0x11, 0x64, 0x64, 0x64, 0x64, 0x64, 0x64,
    0x64, 0x64, 0x64, 0x64, 0x64, 0x04, 0x4c, 0x64, 0x64, 0xfc, 0x18, 0xc8, 0xc8, 0x03, 0x84, 0xc8,
    0xfe, 0x0c, 0x01, 0xf4, 0xfe, 0x0c, 0x00, 0x05, 0x00, 0x00, 0x00, 0xc8, 0x01, 0xf4, 0x03, 0x84,
    0x00, 0x03, 0x00, 0x07, 0x00, 0x1b, 0x00, 0x1f, 0x00, 0x23, 0x00, 0x00, 0x11, 0x35, 0x33, 0x15,
    0x03, 0x35, 0x33, 0x15, 0x13, 0x35, 0x23, 0x35, 0x33, 0x35, 0x23, 0x35, 0x33, 0x35, 0x33, 0x15,
    0x33, 0x15, 0x23, 0x15, 0x33, 0x15, 0x23, 0x15, 0x37, 0x33, 0x15, 0x23, 0x11, 0x35, 0x33, 0x15,
    0x64, 0x64, 0x64, 0x64, 0x64, 0x64, 0x64, 0x64, 0x64, 0x64, 0x64, 0x64, 0x64, 0x64, 0x64, 0x64,
    0x64, 0x01, 0x2c, 0x64, 0x64, 0x01, 0x90, 0x64, 0x64, 0xfe, 0x0c, 0xc8, 0x64, 0x64, 0x64, 0xc8,
    0xc8, 0x64, 0x64, 0x64, 0xc8, 0xc8, 0x64, 0x01, 0x90, 0x64, 0x64, 0x00, 0x00, 0x01, 0x00, 0x00,
    0x00, 0xc8, 0x02, 0xbc, 0x03, 0x84, 0x00, 0x0b, 0x00, 0x00, 0x25, 0x23, 0x11, 0x21, 0x35, 0x21,
    0x11, 0x33, 0x11, 0x21, 0x15, 0x21, 0x01, 0x90, 0x64, 0xfe, 0xd4, 0x01, 0x2c, 0x64, 0x01, 0x2c,
    0xfe, 0xd4, 0xc8, 0x01, 0x2c, 0x64, 0x01, 0x2c, 0xfe, 0xd4, 0x64, 0x00, 0x00, 0x02, 0x00, 0x00,
    0xff, 0x9c, 0x00, 0xc8, 0x00, 0x64, 0x00, 0x03, 0x00, 0x07, 0x00, 0x00, 0x15, 0x35, 0x33, 0x15,
    0x35, 0x35, 0x33, 0x15, 0x64, 0x64, 0x64, 0x64, 0x64, 0x64, 0x64, 0x64, 0x00, 0x01, 0x00, 0x00,
    0x01, 0xf4, 0x01, 0xf4, 0x02, 0x58, 0x00, 0x03, 0x00, 0x00, 0x11, 0x35, 0x21, 0x15, 0x01, 0xf4,
    0x01, 0xf4, 0x64, 0x64, 0x00, 0x01, 0x00, 0x64, 0x00, 0x00, 0x00, 0xc8, 0x00, 0x64, 0x00, 0x03,
    0x00, 0x00, 0x33, 0x35, 0x33, 0x15, 0x64, 0x64, 0x64, 0x64, 0x00, 0x05, 0x00, 0x00, 0x00, 0x00,
    0x01, 0xf4, 0x04, 0x4c, 0x00, 0x03, 0x00, 0x07, 0x00, 0x0b, 0x00, 0x0f, 0x00, 0x13, 0x00, 0x00,
    0x35, 0x33, 0x15, 0x23, 0x37, 0x35, 0x33, 0x15, 0x35, 0x11, 0x33, 0x11, 0x11, 0x35, 0x33, 0x15,
    0x13, 0x15, 0x23, 0x35, 0x64, 0x64, 0x64, 0x64, 0x64, 0x64, 0x64, 0x64, 0xc8, 0xc8, 0xc8, 0xc8,
    0xc8, 0xc8, 0x01, 0x2c, 0xfe, 0xd4, 0x01, 0x2c, 0xc8, 0xc8, 0x01, 0x90, 0xc8, 0xc8, 0x00, 0x08,
    0x00, 0x00, 0x00, 0x00, 0x02, 0xbc, 0x04, 0x4c, 0x00, 0x03, 0x00, 0x07, 0x00, 0x0b, 0x00, 0x0f,
    0x00, 0x13, 0x00, 0x17, 0x00, 0x1b, 0x00, 0x1f, 0x00, 0x00, 0x35, 0x11, 0x33, 0x11, 0x31, 0x33,
    0x15, 0x23, 0x11, 0x35, 0x33, 0x15, 0x11, 0x21, 0x15, 0x21, 0x11, 0x35, 0x21, 0x15, 0x11, 0x35,
    0x33, 0x15, 0x03, 0x33, 0x15, 0x23, 0x13, 0x11, 0x33, 0x11, 0x64, 0x64, 0x64, 0x64, 0x01, 0x2c,
    0xfe, 0xd4, 0x01, 0x2c, 0x64, 0x64, 0x64, 0x64, 0x64, 0x64, 0xc8, 0x02, 0xbc, 0xfd, 0x44, 0x64,
    0x03, 0x20, 0x64, 0x64, 0xfc, 0xe0, 0x64, 0x03, 0xe8, 0x64, 0x64, 0xfc, 0x7c, 0x64, 0x64, 0x03,
    0x84, 0x64, 0xfd, 0x44, 0x02, 0xbc, 0xfd, 0x44, 0x00, 0x01, 0x00, 0x64, 0x00, 0x00, 0x01, 0x90,
    0x04, 0x4c, 0x00, 0x0b, 0x00, 0x00, 0x25, 0x15, 0x21, 0x35, 0x33, 0x11, 0x23, 0x35, 0x33, 0x35,
    0x33, 0x11, 0x01, 0x90, 0xfe, 0xd4, 0x64, 0x64, 0x64, 0x64, 0x64, 0x64, 0x64, 0x03, 0x20, 0x64,
    0x64, 0xfc, 0x18, 0x00, 0x00, 0x0a, 0x00, 0x00, 0x00, 0x00, 0x02, 0xbc, 0x04, 0x4c, 0x00, 0x05,
    0x00, 0x09, 0x00, 0x0d, 0x00, 0x11, 0x00, 0x15, 0x00, 0x19, 0x00, 0x1d, 0x00, 0x21, 0x00, 0x25,
    0x00, 0x29, 0x00, 0x00, 0x31, 0x11, 0x33, 0x15, 0x21, 0x15, 0x01, 0x35, 0x33, 0x15, 0x13, 0x35,
    0x33, 0x15, 0x07, 0x23, 0x35, 0x33, 0x11, 0x15, 0x23, 0x35, 0x37, 0x21, 0x15, 0x21, 0x01, 0x15,
    0x23, 0x35, 0x13, 0x15, 0x23, 0x35, 0x17, 0x33, 0x15, 0x23, 0x05, 0x35, 0x33, 0x15, 0x64, 0x02,
    0x58, 0xfd, 0x44, 0x64, 0x64, 0x64, 0x64, 0x64, 0x64, 0x64, 0x64, 0x01, 0x2c, 0xfe, 0xd4, 0x01,
    0x90, 0x64, 0x64, 0x64, 0x64, 0x64, 0x64, 0xfe, 0xd4, 0xc8, 0x01, 0x2c, 0xc8, 0x64, 0x03, 0x20,
    0x64, 0x64, 0xfe, 0x70, 0x64, 0x64, 0x64, 0x64, 0x02, 0x58, 0x64, 0x64, 0x64, 0x64, 0xfe, 0xd4,
    0x64, 0x64, 0x01, 0x2c, 0x64, 0x64, 0x64, 0xc8, 0xc8, 0x64, 0x64, 0x00, 0x00, 0x0d, 0x00, 0x00,
    0x00, 0x00, 0x02, 0xbc, 0x04, 0x4c, 0x00, 0x03, 0x00, 0x07, 0x00, 0x0b, 0x00, 0x0f, 0x00, 0x13,
    0x00, 0x17, 0x00, 0x1b, 0x00, 0x1f, 0x00, 0x23, 0x00, 0x27, 0x00, 0x2b, 0x00, 0x2f, 0x00, 0x33,
    0x00, 0x00, 0x35, 0x35, 0x33, 0x15, 0x03, 0x35, 0x33, 0x15, 0x13, 0x15, 0x23, 0x35, 0x17, 0x21,
    0x15, 0x21, 0x11, 0x35, 0x21, 0x15, 0x01, 0x15, 0x23, 0x35, 0x37, 0x21, 0x15, 0x21, 0x01, 0x15,
    0x23, 0x35, 0x13, 0x15, 0x23, 0x35, 0x17, 0x33, 0x15, 0x23, 0x11, 0x15, 0x23, 0x35, 0x13, 0x15,
    0x23, 0x35, 0x17, 0x33, 0x15, 0x23, 0x64, 0x64, 0x64, 0x64, 0x64, 0x64, 0x01, 0x2c, 0xfe, 0xd4,
    0x01, 0x2c, 0xfe, 0xd4, 0x64, 0x64, 0x01, 0x2c, 0xfe, 0xd4, 0x01, 0x90, 0x64, 0x64, 0x64, 0x64,
    0x64, 0x64, 0x64, 0x64, 0x64, 0x64, 0x64, 0x64, 0xc8, 0x64, 0x64, 0x02, 0x58, 0x64, 0x64, 0xfd,
    0xa8, 0x64, 0x64, 0x64, 0x64, 0x01, 0xf4, 0x64, 0x64, 0x01, 0xf4, 0x64, 0x64, 0x64, 0x64, 0xfc,
    0xe0, 0x64, 0x64, 0x01, 0x2c, 0x64, 0x64, 0x64, 0xc8, 0x01, 0xf4, 0x64, 0x64, 0x01, 0x2c, 0x64,
    0x64, 0x64, 0xc8, 0x00, 0x00, 0x04, 0x00, 0x00, 0x00, 0x00, 0x02, 0xbc, 0x04, 0x4c, 0x00, 0x0f,
    0x00, 0x13, 0x00, 0x17, 0x00, 0x1b, 0x00, 0x00, 0x35, 0x35, 0x33, 0x15, 0x21, 0x11, 0x23, 0x35,
    0x33, 0x11, 0x33, 0x15, 0x23, 0x15, 0x23, 0x35, 0x25, 0x35, 0x33, 0x15, 0x35, 0x35, 0x33, 0x15,
    0x11, 0x33, 0x15, 0x23, 0x64, 0x01, 0x90, 0x64, 0xc8, 0x64, 0x64, 0x64, 0xfe, 0x70, 0x64, 0x64,
    0x64, 0x64, 0xc8, 0xc8, 0x64, 0x02, 0xbc, 0x64, 0xfc, 0xe0, 0x64, 0xc8, 0xc8, 0xc8, 0xc8, 0xc8,
    0xc8, 0xc8, 0xc8, 0x01, 0x90, 0xc8, 0x00, 0x08, 0x00, 0x00, 0x00, 0x00, 0x02, 0xbc, 0x04, 0x4c,
    0x00, 0x03, 0x00, 0x0b, 0x00, 0x0f, 0x00, 0x13, 0x00, 0x17, 0x00, 0x1b, 0x00, 0x1f, 0x00, 0x23,
    0x00, 0x00, 0x35, 0x35, 0x33, 0x15, 0x03, 0x11, 0x21, 0x15, 0x21, 0x11, 0x33, 0x15, 0x11, 0x15,
    0x23, 0x35, 0x17, 0x21, 0x15, 0x21, 0x11, 0x35, 0x21, 0x15, 0x13, 0x15, 0x23, 0x35, 0x13, 0x23,
    0x35, 0x33, 0x13, 0x23, 0x11, 0x33, 0x64, 0x64, 0x02, 0xbc, 0xfd, 0xa8, 0x64, 0x64, 0x64, 0x01,
    0x2c, 0xfe, 0xd4, 0x01, 0x2c, 0x64, 0x64, 0x64, 0x64, 0x64, 0x64, 0x64, 0x64, 0xc8, 0x64, 0x64,
    0x01, 0x2c, 0x02, 0x58, 0x64, 0xfe, 0x70, 0x64, 0xfe, 0xd4, 0x64, 0x64, 0x64, 0x64, 0x02, 0x58,
    0x64, 0x64, 0xfe, 0x70, 0x64, 0x64, 0x01, 0x2c, 0x64, 0xfe, 0x70, 0x01, 0x2c, 0x00, 0x00, 0x0a,
    0x00, 0x00, 0x00, 0x00, 0x02, 0xbc, 0x04, 0x4c, 0x00, 0x07, 0x00, 0x0b, 0x00, 0x0f, 0x00, 0x13,
    0x00, 0x17, 0x00, 0x1b, 0x00, 0x1f, 0x00, 0x23, 0x00, 0x27, 0x00, 0x2b, 0x00, 0x00, 0x35, 0x11,
    0x33, 0x15, 0x33, 0x15, 0x23, 0x11, 0x33, 0x15, 0x23, 0x35, 0x17, 0x21, 0x15, 0x21, 0x11, 0x23,
    0x35, 0x33, 0x11, 0x35, 0x21, 0x15, 0x01, 0x35, 0x33, 0x15, 0x01, 0x15, 0x23, 0x35, 0x13, 0x23,
    0x35, 0x33, 0x01, 0x33, 0x15, 0x23, 0x01, 0x23, 0x11, 0x33, 0x64, 0x64, 0x64, 0x64, 0x64, 0x64,
    0x01, 0x2c, 0xfe, 0xd4, 0x64, 0x64, 0x01, 0x2c, 0xfe, 0xd4, 0x64, 0x01, 0x2c, 0x64, 0x64, 0x64,
    0x64, 0xfe, 0xd4, 0xc8, 0xc8, 0x01, 0x90, 0x64, 0x64, 0xc8, 0x01, 0xf4, 0x64, 0x64, 0xfe, 0xd4,
    0x64, 0x64, 0x64, 0x64, 0x02, 0xbc, 0xc8, 0xfe, 0xd4, 0x64, 0x64, 0x01, 0x2c, 0x64, 0x64, 0xfd,
    0x44, 0x64, 0x64, 0x01, 0x2c, 0x64, 0x01, 0xf4, 0x64, 0xfc, 0xe0, 0x01, 0x2c, 0x00, 0x00, 0x05,
    0x00, 0x00, 0x00, 0x00, 0x02, 0xbc, 0x04, 0x4c, 0x00, 0x05, 0x00, 0x09, 0x00, 0x0d, 0x00, 0x11,
    0x00, 0x15, 0x00, 0x00, 0x11, 0x35, 0x21, 0x11, 0x23, 0x35, 0x01, 0x33, 0x15, 0x23, 0x37, 0x35,
    0x33, 0x15, 0x35, 0x35, 0x33, 0x15, 0x35, 0x35, 0x33, 0x15, 0x02, 0xbc, 0x64, 0xfe, 0x70, 0x64,
    0x64, 0x64, 0x64, 0x64, 0x64, 0x03, 0xe8, 0x64, 0xfe, 0xd4, 0xc8, 0xfc, 0xe0, 0xc8, 0xc8, 0xc8,
    0xc8, 0xc8, 0xc8, 0xc8, 0xc8, 0xc8, 0xc8, 0x00, 0x00, 0x0f, 0x00, 0x00, 0x00, 0x00, 0x02, 0xbc,
    0x04, 0x4c, 0x00, 0x03, 0x00, 0x07, 0x00, 0x0b, 0x00, 0x0f, 0x00, 0x13, 0x00, 0x17, 0x00, 0x1b,
    0x00, 0x1f, 0x00, 0x23, 0x00, 0x27, 0x00, 0x2b, 0x00, 0x2f, 0x00, 0x33, 0x00, 0x37, 0x00, 0x3b,
    0x00, 0x00, 0x35, 0x35, 0x33, 0x15, 0x03, 0x35, 0x33, 0x15, 0x13, 0x15, 0x23, 0x35, 0x17, 0x21,
    0x15, 0x21, 0x11, 0x15, 0x23, 0x35, 0x37, 0x15, 0x23, 0x35, 0x17, 0x21, 0x15, 0x21, 0x11, 0x15,
    0x23, 0x35, 0x37, 0x21, 0x15, 0x21, 0x01, 0x15, 0x23, 0x35, 0x13, 0x15, 0x23, 0x35, 0x17, 0x33,
    0x15, 0x23, 0x11, 0x15, 0x23, 0x35, 0x13, 0x15, 0x23, 0x35, 0x17, 0x33, 0x15, 0x23, 0x64, 0x64,
    0x64, 0x64, 0x64, 0x64, 0x01, 0x2c, 0xfe, 0xd4, 0x64, 0x64, 0x64, 0x64, 0x01, 0x2c, 0xfe, 0xd4,
    0x64, 0x64, 0x01, 0x2c, 0xfe, 0xd4, 0x01, 0x90, 0x64, 0x64, 0x64, 0x64, 0x64, 0x64, 0x64, 0x64,
    0x64, 0x64, 0x64, 0x64, 0xc8, 0xc8, 0xc8, 0x01, 0xf4, 0xc8, 0xc8, 0xfe, 0x0c, 0x64, 0x64, 0x64,
    0x64, 0x01, 0xf4, 0x64, 0x64, 0xc8, 0x64, 0x64, 0x64, 0x64, 0x01, 0xf4, 0x64, 0x64, 0x64, 0x64,
    0xfc, 0xe0, 0x64, 0x64, 0x01, 0x2c, 0x64, 0x64, 0x64, 0xc8, 0x01, 0xf4, 0x64, 0x64, 0x01, 0x2c,
    0x64, 0x64, 0x64, 0xc8, 0x00, 0x0a, 0x00, 0x00, 0x00, 0x00, 0x02, 0xbc, 0x04, 0x4c, 0x00, 0x03,
    0x00, 0x07, 0x00, 0x0b, 0x00, 0x0f, 0x00, 0x13, 0x00, 0x17, 0x00, 0x1b, 0x00, 0x1f, 0x00, 0x27,
    0x00, 0x2b, 0x00, 0x00, 0x11, 0x11, 0x33, 0x11, 0x13, 0x35, 0x33, 0x15, 0x03, 0x23, 0x35, 0x33,
    0x15, 0x35, 0x21, 0x15, 0x01, 0x15, 0x23, 0x35, 0x37, 0x21, 0x15, 0x21, 0x13, 0x35, 0x33, 0x15,
    0x37, 0x23, 0x35, 0x33, 0x35, 0x23, 0x35, 0x33, 0x11, 0x33, 0x11, 0x23, 0x11, 0x15, 0x23, 0x35,
    0x64, 0x64, 0xc8, 0xc8, 0x64, 0x64, 0x01, 0x2c, 0xfe, 0xd4, 0x64, 0x64, 0x01, 0x2c, 0xfe, 0xd4,
    0xc8, 0x64, 0x64, 0x64, 0x64, 0x64, 0x64, 0x64, 0x64, 0x64, 0x02, 0x58, 0x01, 0x2c, 0xfe, 0xd4,
    0xfd, 0xa8, 0x64, 0x64, 0x01, 0xf4, 0x64, 0xc8, 0x64, 0x64, 0x02, 0x58, 0x64, 0x64, 0x64, 0x64,
    0xfc, 0x7c, 0x64, 0x64, 0x64, 0xc8, 0x64, 0x64, 0x01, 0x2c, 0xfe, 0x0c, 0x02, 0x58, 0x64, 0x64,
    0x00, 0x02, 0x00, 0x64, 0x00, 0xc8, 0x00, 0xc8, 0x03, 0x20, 0x00, 0x03, 0x00, 0x07, 0x00, 0x00,
    0x37, 0x35, 0x33, 0x15, 0x03, 0x35, 0x33, 0x15, 0x64, 0x64, 0x64, 0x64, 0xc8, 0xc8, 0xc8, 0x01,
    0x90, 0xc8, 0xc8, 0x00, 0x00, 0x03, 0x00, 0x00, 0x00, 0xc8, 0x00, 0xc8, 0x03, 0x20, 0x00, 0x03,
    0x00, 0x07, 0x00, 0x0b, 0x00, 0x00, 0x35, 0x35, 0x33, 0x15, 0x35, 0x35, 0x33, 0x15, 0x03, 0x35,
    0x33, 0x15, 0x64, 0x64, 0x64, 0x64, 0xc8, 0x64, 0x64, 0x64, 0x64, 0x64, 0x01, 0x2c, 0xc8, 0xc8,
    0x00, 0x07, 0x00, 0x00, 0x00, 0xc8, 0x01, 0x90, 0x03, 0x84, 0x00, 0x03, 0x00, 0x07, 0x00, 0x0b,
    0x00, 0x0f, 0x00, 0x13, 0x00, 0x17, 0x00, 0x1b, 0x00, 0x00, 0x11, 0x35, 0x33, 0x15, 0x31, 0x33,
    0x15, 0x23, 0x35, 0x35, 0x33, 0x15, 0x15, 0x33, 0x15, 0x23, 0x11, 0x35, 0x33, 0x15, 0x11, 0x35,
    0x33, 0x15, 0x03, 0x35, 0x33, 0x15, 0x64, 0x64, 0x64, 0x64, 0x64, 0x64, 0x64, 0x64, 0x64, 0x64,
    0x01, 0xf4, 0x64, 0x64, 0x64, 0xc8, 0x64, 0x64, 0xc8, 0x64, 0x01, 0x90, 0x64, 0x64, 0xfe, 0x0c,
    0x64, 0x64, 0x02, 0x58, 0x64, 0x64, 0x00, 0x02, 0x00, 0x00, 0x01, 0x2c, 0x01, 0xf4, 0x02, 0xbc,
    0x00, 0x03, 0x00, 0x07, 0x00, 0x00, 0x11, 0x35, 0x21, 0x15, 0x01, 0x35, 0x21, 0x15, 0x01, 0xf4,
    0xfe, 0x0c, 0x01, 0xf4, 0x01, 0x2c, 0x64, 0x64, 0x01, 0x2c, 0x64, 0x64, 0x00, 0x07, 0x00, 0x00,
    0x00, 0xc8, 0x01, 0x90, 0x03, 0x84, 0x00, 0x03, 0x00, 0x07, 0x00, 0x0b, 0x00, 0x0f, 0x00, 0x13,
    0x00, 0x17, 0x00, 0x1b, 0x00, 0x00, 0x35, 0x35, 0x33, 0x15, 0x03, 0x35, 0x33, 0x15, 0x11, 0x35,
    0x33, 0x15, 0x03, 0x35, 0x33, 0x15, 0x11, 0x35, 0x33, 0x15, 0x03, 0x33, 0x15, 0x23, 0x17, 0x35,
    0x33, 0x15, 0x64, 0x64, 0x64, 0x64, 0x64, 0x64, 0x64, 0x64, 0x64, 0x64, 0x64, 0x64, 0xc8, 0x64,
    0x64, 0x02, 0x58, 0x64, 0x64, 0xfe, 0x0c, 0x64, 0x64, 0x01, 0x90, 0x64, 0x64, 0xfe, 0xd4, 0x64,
    0x64, 0x01, 0x2c, 0x64, 0x64, 0x64, 0x64, 0x00, 0x00, 0x06, 0x00, 0x00, 0x00, 0x00, 0x01, 0xf4,
    0x04, 0x4c, 0x00, 0x03, 0x00, 0x07, 0x00, 0x0b, 0x00, 0x0f, 0x00, 0x13, 0x00, 0x17, 0x00, 0x00,
    0x13, 0x21, 0x15, 0x21, 0x23, 0x33, 0x15, 0x23, 0x13, 0x33, 0x15, 0x23, 0x11, 0x11, 0x33, 0x11,
    0x11, 0x35, 0x33, 0x15, 0x35, 0x11, 0x33, 0x11, 0x64, 0x01, 0x2c, 0xfe, 0xd4, 0x64, 0x64, 0x64,
    0xc8, 0x64, 0x64, 0x64, 0x64, 0x64, 0x04, 0x4c, 0x64, 0xc8, 0xfd, 0xa8, 0xc8, 0x01, 0x2c, 0x01,
    0x2c, 0xfe, 0xd4, 0x01, 0x2c, 0x64, 0x64, 0x64, 0x01, 0x2c, 0xfe, 0xd4, 0x00, 0x0b, 0x00, 0x00,
    0x00, 0x64, 0x03, 0x84, 0x03, 0xe8, 0x00, 0x03, 0x00, 0x07, 0x00, 0x0b, 0x00, 0x0f, 0x00, 0x13,
    0x00, 0x17, 0x00, 0x1b, 0x00, 0x27, 0x00, 0x2b, 0x00, 0x2f, 0x00, 0x33, 0x00, 0x00, 0x11, 0x11,
    0x33, 0x11, 0x25, 0x23, 0x11, 0x33, 0x01, 0x21, 0x15, 0x21, 0x35, 0x15, 0x23, 0x35, 0x37, 0x11,
    0x33, 0x11, 0x03, 0x35, 0x21, 0x15, 0x05, 0x23, 0x35, 0x33, 0x13, 0x35, 0x33, 0x35, 0x23, 0x35,
    0x21, 0x11, 0x33, 0x15, 0x23, 0x35, 0x07, 0x23, 0x35, 0x33, 0x25, 0x15, 0x23, 0x35, 0x13, 0x15,
    0x23, 0x35, 0x64, 0x03, 0x20, 0x64, 0x64, 0xfd, 0x44, 0x02, 0x58, 0xfd, 0xa8, 0x64, 0x64, 0x64,
    0x64, 0x01, 0xf4, 0xfe, 0x0c, 0x64, 0x64, 0xc8, 0x64, 0xc8, 0x01, 0x2c, 0x64, 0xc8, 0x64, 0x64,
    0x64, 0x01, 0x90, 0x64, 0x64, 0x64, 0x01, 0x2c, 0x01, 0xf4, 0xfe, 0x0c, 0xc8, 0x01, 0x2c, 0xfd,
    0xa8, 0x64, 0xc8, 0x64, 0x64, 0x64, 0x01, 0x2c, 0xfe, 0xd4, 0x01, 0xf4, 0x64, 0x64, 0x64, 0x64,
    0xfe, 0x0c, 0x64, 0xc8, 0x64, 0xfe, 0x70, 0x64, 0x64, 0x64, 0x64, 0x64, 0x64, 0x64, 0x01, 0x90,
    0x64, 0x64, 0x00, 0x06, 0x00, 0x00, 0x00, 0x00, 0x02, 0xbc, 0x04, 0x4c, 0x00, 0x03, 0x00, 0x0b,
    0x00, 0x0f, 0x00, 0x13, 0x00, 0x17, 0x00, 0x1b, 0x00, 0x00, 0x31, 0x11, 0x33, 0x19, 0x02, 0x33,
    0x11, 0x21, 0x11, 0x33, 0x11, 0x01, 0x33, 0x15, 0x23, 0x03, 0x11, 0x33, 0x11, 0x33, 0x11, 0x33,
    0x11, 0x13, 0x11, 0x33, 0x11, 0x64, 0x64, 0x01, 0x2c, 0x64, 0xfe, 0xd4, 0x64, 0x64, 0x64, 0x64,
    0x64, 0x64, 0x64, 0x64, 0x01, 0x2c, 0xfe, 0xd4, 0x01, 0x2c, 0x01, 0x90, 0xfe, 0xd4, 0x01, 0x2c,
    0xfe, 0x70, 0x03, 0x20, 0x64, 0xfe, 0xd4, 0x01, 0x2c, 0xfe, 0xd4, 0x01, 0x2c, 0xfe, 0xd4, 0xfd,
    0x44, 0x01, 0x2c, 0xfe, 0xd4, 0x00, 0x00, 0x07, 0x00, 0x00, 0x00, 0x00, 0x02, 0xbc, 0x04, 0x4c,
    0x00, 0x0b, 0x00, 0x0f, 0x00, 0x13, 0x00, 0x17, 0x00, 0x1b, 0x00, 0x1f, 0x00, 0x23, 0x00, 0x00,
    0x31, 0x11, 0x21, 0x15, 0x21, 0x11, 0x21, 0x15, 0x21, 0x11, 0x21, 0x15, 0x37, 0x15, 0x23, 0x35,
    0x13, 0x15, 0x23, 0x35, 0x17, 0x33, 0x15, 0x23, 0x11, 0x15, 0x23, 0x35, 0x13, 0x15, 0x23, 0x35,
    0x17, 0x33, 0x15, 0x23, 0x01, 0xf4, 0xfe, 0x70, 0x01, 0x90, 0xfe, 0x70, 0x01, 0x90, 0x64, 0x64,
    0x64, 0x64, 0x64, 0x64, 0x64, 0x64, 0x64, 0x64, 0x64, 0x64, 0x64, 0x04, 0x4c, 0x64, 0xfe, 0x70,
    0x64, 0xfe, 0x70, 0x64, 0xc8, 0x64, 0x64, 0x01, 0x2c, 0x64, 0x64, 0x64, 0xc8, 0x01, 0xf4, 0x64,
    0x64, 0x01, 0x2c, 0x64, 0x64, 0x64, 0xc8, 0x00, 0x00, 0x09, 0x00, 0x00, 0x00, 0x00, 0x03, 0x20,
    0x04, 0x4c, 0x00, 0x03, 0x00, 0x07, 0x00, 0x0b, 0x00, 0x0f, 0x00, 0x13, 0x00, 0x17, 0x00, 0x1b,
    0x00, 0x1f, 0x00, 0x23, 0x00, 0x00, 0x35, 0x11, 0x33, 0x11, 0x33, 0x15, 0x23, 0x35, 0x17, 0x21,
    0x15, 0x21, 0x11, 0x15, 0x23, 0x35, 0x37, 0x21, 0x15, 0x21, 0x01, 0x35, 0x33, 0x15, 0x03, 0x33,
    0x15, 0x23, 0x13, 0x23, 0x35, 0x33, 0x11, 0x15, 0x23, 0x35, 0x64, 0x64, 0x64, 0x64, 0x01, 0x90,
    0xfe, 0x70, 0x64, 0x64, 0x01, 0x90, 0xfe, 0x70, 0x01, 0x90, 0x64, 0x64, 0x64, 0x64, 0xc8, 0x64,
    0x64, 0x64, 0xc8, 0x02, 0xbc, 0xfd, 0x44, 0x64, 0x64, 0x64, 0x64, 0x03, 0xe8, 0x64, 0x64, 0x64,
    0x64, 0xfc, 0x7c, 0x64, 0x64, 0x03, 0x84, 0x64, 0xfd, 0x44, 0x64, 0x02, 0x58, 0x64, 0x64, 0x00,
    0x00, 0x04, 0x00, 0x00, 0x00, 0x00, 0x02, 0xbc, 0x04, 0x4c, 0x00, 0x07, 0x00, 0x0b, 0x00, 0x0f,
    0x00, 0x13, 0x00, 0x00, 0x31, 0x11, 0x21, 0x15, 0x21, 0x11, 0x21, 0x15, 0x35, 0x35, 0x33, 0x15,
    0x03, 0x33, 0x15, 0x23, 0x13, 0x11, 0x33, 0x11, 0x01, 0xf4, 0xfe, 0x70, 0x01, 0x90, 0x64, 0x64,
    0x64, 0x64, 0x64, 0x64, 0x04, 0x4c, 0x64, 0xfc, 0x7c, 0x64, 0x64, 0x64, 0x64, 0x03, 0x84, 0x64,
    0xfd, 0x44, 0x02, 0xbc, 0xfd, 0x44, 0x00, 0x01, 0x00, 0x00, 0x00, 0x00, 0x02, 0x58, 0x04, 0x4c,
    0x00, 0x0b, 0x00, 0x00, 0x31, 0x11, 0x21, 0x15, 0x21, 0x11, 0x21, 0x15, 0x21, 0x11, 0x21, 0x15,
    0x02, 0x58, 0xfe, 0x0c, 0x01, 0xf4, 0xfe, 0x0c, 0x01, 0xf4, 0x04, 0x4c, 0x64, 0xfe, 0x70, 0x64,
    0xfe, 0x70, 0x64, 0x00, 0x00, 0x01, 0x00, 0x00, 0x00, 0x00, 0x02, 0x58, 0x04, 0x4c, 0x00, 0x09,
    0x00, 0x00, 0x31, 0x11, 0x21, 0x15, 0x21, 0x11, 0x21, 0x15, 0x21, 0x11, 0x02, 0x58, 0xfe, 0x0c,
    0x01, 0xf4, 0xfe, 0x0c, 0x04, 0x4c, 0x64, 0xfe, 0x70, 0x64, 0xfe, 0x0c, 0x00, 0x09, 0x00, 0x00,
    0x00, 0x00, 0x03, 0x20, 0x04, 0x4c, 0x00, 0x03, 0x00, 0x07, 0x00, 0x0b, 0x00, 0x0f, 0x00, 0x13,
    0x00, 0x19, 0x00, 0x1d, 0x00, 0x21, 0x00, 0x25, 0x00, 0x00, 0x35, 0x11, 0x33, 0x11, 0x33, 0x15,
    0x23, 0x35, 0x17, 0x21, 0x15, 0x21, 0x11, 0x15, 0x23, 0x35, 0x37, 0x21, 0x15, 0x21, 0x13, 0x35,
    0x21, 0x11, 0x23, 0x11, 0x03, 0x35, 0x33, 0x15, 0x03, 0x33, 0x15, 0x23, 0x33, 0x15, 0x23, 0x35,
    0x64, 0x64, 0x64, 0x64, 0x01, 0x90, 0xfe, 0x70, 0x64, 0x64, 0x01, 0x90, 0xfe, 0x70, 0xc8, 0x01,
    0x90, 0x64, 0x64, 0x64, 0x64, 0x64, 0x64, 0xc8, 0x64, 0xc8, 0x02, 0xbc, 0xfd, 0x44, 0x64, 0x64,
    0x64, 0x64, 0x03, 0xe8, 0x64, 0x64, 0x64, 0x64, 0xfe, 0x0c, 0x64, 0xfe, 0x70, 0x01, 0x2c, 0xfe,
    0x70, 0x64, 0x64, 0x03, 0x84, 0x64, 0x64, 0x64, 0x00, 0x01, 0x00, 0x00, 0x00, 0x00, 0x02, 0xbc,
    0x04, 0x4c, 0x00, 0x0b, 0x00, 0x00, 0x31, 0x11, 0x33, 0x11, 0x21, 0x11, 0x33, 0x11, 0x23, 0x11,
    0x21, 0x11, 0x64, 0x01, 0xf4, 0x64, 0x64, 0xfe, 0x0c, 0x04, 0x4c, 0xfe, 0x0c, 0x01, 0xf4, 0xfb,
    0xb4, 0x01, 0xf4, 0xfe, 0x0c, 0x00, 0x00, 0x01, 0x00, 0x00, 0x00, 0x00, 0x01, 0x2c, 0x04, 0x4c,
    0x00, 0x0b, 0x00, 0x00, 0x31, 0x35, 0x33, 0x11, 0x23, 0x35, 0x21, 0x15, 0x23, 0x11, 0x33, 0x15,
    0x64, 0x64, 0x01, 0x2c, 0x64, 0x64, 0x64, 0x03, 0x84, 0x64, 0x64, 0xfc, 0x7c, 0x64, 0x00, 0x05,
    0x00, 0x00, 0x00, 0x00, 0x02, 0x58, 0x04, 0x4c, 0x00, 0x03, 0x00, 0x07, 0x00, 0x0b, 0x00, 0x0f,
    0x00, 0x13, 0x00, 0x00, 0x35, 0x35, 0x33, 0x15, 0x31, 0x33, 0x15, 0x23, 0x33, 0x33, 0x15, 0x23,
    0x37, 0x35, 0x33, 0x15, 0x11, 0x33, 0x11, 0x23, 0x64, 0x64, 0x64, 0x64, 0xc8, 0xc8, 0xc8, 0x64,
    0x64, 0x64, 0xc8, 0x64, 0x64, 0x64, 0x64, 0x64, 0x64, 0x64, 0x03, 0xe8, 0xfc, 0x7c, 0x00, 0x0b,
    0x00, 0x00, 0x00, 0x00, 0x02, 0xbc, 0x04, 0x4c, 0x00, 0x07, 0x00, 0x0b, 0x00, 0x0f, 0x00, 0x13,
    0x00, 0x17, 0x00, 0x1b, 0x00, 0x1f, 0x00, 0x23, 0x00, 0x27, 0x00, 0x2b, 0x00, 0x2f, 0x00, 0x00,
    0x31, 0x11, 0x33, 0x11, 0x33, 0x15, 0x23, 0x11, 0x13, 0x33, 0x15, 0x23, 0x35, 0x35, 0x33, 0x15,
    0x13, 0x35, 0x33, 0x15, 0x27, 0x15, 0x23, 0x35, 0x13, 0x23, 0x35, 0x33, 0x31, 0x35, 0x33, 0x15,
    0x13, 0x15, 0x23, 0x35, 0x17, 0x33, 0x15, 0x23, 0x11, 0x15, 0x23, 0x35, 0x37, 0x33, 0x15, 0x23,
    0x64, 0x64, 0x64, 0x64, 0x64, 0x64, 0x64, 0x64, 0x64, 0x64, 0x64, 0x64, 0x64, 0x64, 0x64, 0x64,
    0x64, 0x64, 0x64, 0x64, 0x64, 0x64, 0x64, 0x64, 0x04, 0x4c, 0xfe, 0x0c, 0x64, 0xfe, 0x0c, 0x01,
    0xf4, 0x64, 0xc8, 0x64, 0x64, 0xfe, 0x70, 0x64, 0x64, 0xc8, 0x64, 0x64, 0x01, 0x2c, 0x64, 0x64,
    0x64, 0xfd, 0xa8, 0x64, 0x64, 0x64, 0x64, 0x03, 0xe8, 0x64, 0x64, 0x64, 0x64, 0x00, 0x00, 0x01,
    0x00, 0x00, 0x00, 0x00, 0x02, 0x58, 0x04, 0x4c, 0x00, 0x05, 0x00, 0x00, 0x31, 0x11, 0x33, 0x11,
    0x21, 0x15, 0x64, 0x01, 0xf4, 0x04, 0x4c, 0xfc, 0x18, 0x64, 0x00, 0x07, 0x00, 0x00, 0x00, 0x00,
    0x03, 0x84, 0x04, 0x4c, 0x00, 0x07, 0x00, 0x0f, 0x00, 0x13, 0x00, 0x17, 0x00, 0x1b, 0x00, 0x1f,
    0x00, 0x23, 0x00, 0x00, 0x01, 0x11, 0x23, 0x11, 0x23, 0x35, 0x33, 0x35, 0x01, 0x11, 0x33, 0x15,
    0x33, 0x15, 0x23, 0x11, 0x13, 0x11, 0x33, 0x11, 0x13, 0x33, 0x15, 0x23, 0x11, 0x11, 0x23, 0x11,
    0x01, 0x23, 0x11, 0x33, 0x31, 0x11, 0x33, 0x11, 0x03, 0x84, 0x64, 0x64, 0x64, 0xfc, 0xe0, 0x64,
    0x64, 0x64, 0x64, 0x64, 0x64, 0x64, 0x64, 0x64, 0x01, 0x2c, 0x64, 0x64, 0x64, 0x04, 0x4c, 0xfb,
    0xb4, 0x03, 0x20, 0xc8, 0x64, 0xfb, 0xb4, 0x04, 0x4c, 0x64, 0xc8, 0xfc, 0xe0, 0x01, 0xf4, 0x01,
    0x2c, 0xfe, 0xd4, 0xfe, 0xd4, 0xc8, 0x01, 0xf4, 0xfe, 0xd4, 0x01, 0x2c, 0xfe, 0xd4, 0x01, 0x2c,
    0x01, 0x2c, 0xfe, 0xd4, 0x00, 0x05, 0x00, 0x00, 0x00, 0x00, 0x02, 0xbc, 0x04, 0x4c, 0x00, 0x07,
    0x00, 0x0b, 0x00, 0x0f, 0x00, 0x13, 0x00, 0x1b, 0x00, 0x00, 0x31, 0x11, 0x33, 0x15, 0x33, 0x15,
    0x23, 0x11, 0x13, 0x35, 0x33, 0x15, 0x15, 0x35, 0x33, 0x15, 0x31, 0x33, 0x15, 0x23, 0x17, 0x35,
    0x33, 0x11, 0x33, 0x11, 0x23, 0x35, 0x64, 0x64, 0x64, 0x64, 0x64, 0x64, 0x64, 0x64, 0x64, 0x64,
    0x64, 0x64, 0x04, 0x4c, 0x64, 0xc8, 0xfc, 0xe0, 0x02, 0x58, 0xc8, 0xc8, 0x64, 0x64, 0x64, 0xc8,
    0xc8, 0xc8, 0x03, 0x20, 0xfb, 0xb4, 0x64, 0x00, 0x00, 0x08, 0x00, 0x00, 0x00, 0x00, 0x03, 0x20,
    0x04, 0x4c, 0x00, 0x03, 0x00, 0x07, 0x00, 0x0b, 0x00, 0x0f, 0x00, 0x13, 0x00, 0x17, 0x00, 0x1b,
    0x00, 0x1f, 0x00, 0x00, 0x35, 0x11, 0x33, 0x11, 0x21, 0x23, 0x11, 0x33, 0x01, 0x33, 0x15, 0x23,
    0x11, 0x35, 0x33, 0x15, 0x11, 0x21, 0x15, 0x21, 0x11, 0x35, 0x21, 0x15, 0x11, 0x35, 0x33, 0x15,
    0x03, 0x33, 0x15, 0x23, 0x64, 0x02, 0xbc, 0x64, 0x64, 0xfd, 0x44, 0x64, 0x64, 0x64, 0x01, 0x90,
    0xfe, 0x70, 0x01, 0x90, 0x64, 0x64, 0x64, 0x64, 0xc8, 0x02, 0xbc, 0xfd, 0x44, 0x02, 0xbc, 0xfd,
    0x44, 0x64, 0x03, 0x20, 0x64, 0x64, 0xfc, 0xe0, 0x64, 0x03, 0xe8, 0x64, 0x64, 0xfc, 0x7c, 0x64,
    0x64, 0x03, 0x84, 0x64, 0x00, 0x04, 0x00, 0x00, 0x00, 0x00, 0x02, 0xbc, 0x04, 0x4c, 0x00, 0x09,
    0x00, 0x0d, 0x00, 0x11, 0x00, 0x15, 0x00, 0x00, 0x31, 0x11, 0x21, 0x15, 0x21, 0x11, 0x21, 0x15,
    0x21, 0x11, 0x01, 0x35, 0x33, 0x15, 0x03, 0x33, 0x15, 0x23, 0x13, 0x11, 0x33, 0x11, 0x01, 0xf4,
    0xfe, 0x70, 0x01, 0x90, 0xfe, 0x70, 0x01, 0x90, 0x64, 0x64, 0x64, 0x64, 0x64, 0x64, 0x04, 0x4c,
    0x64, 0xfe, 0x0c, 0x64, 0xfe, 0x70, 0x01, 0xf4, 0x64, 0x64, 0x01, 0xf4, 0x64, 0xfe, 0xd4, 0x01,
    0x2c, 0xfe, 0xd4, 0x00, 0x00, 0x0b, 0x00, 0x00, 0x00, 0x00, 0x03, 0x20, 0x04, 0x4c, 0x00, 0x03,
    0x00, 0x07, 0x00, 0x0b, 0x00, 0x0f, 0x00, 0x13, 0x00, 0x17, 0x00, 0x1b, 0x00, 0x1f, 0x00, 0x23,
    0x00, 0x27, 0x00, 0x2b, 0x00, 0x00, 0x35, 0x11, 0x33, 0x11, 0x33, 0x15, 0x23, 0x35, 0x17, 0x21,
    0x15, 0x21, 0x11, 0x15, 0x23, 0x35, 0x37, 0x21, 0x15, 0x21, 0x13, 0x35, 0x33, 0x15, 0x17, 0x23,
    0x35, 0x33, 0x15, 0x35, 0x33, 0x15, 0x03, 0x33, 0x15, 0x23, 0x13, 0x23, 0x11, 0x33, 0x11, 0x15,
    0x23, 0x35, 0x64, 0x64, 0x64, 0x64, 0x01, 0x90, 0xfe, 0x70, 0x64, 0x64, 0x01, 0x90, 0xfe, 0x70,
    0xc8, 0x64, 0x64, 0x64, 0x64, 0x64, 0x64, 0x64, 0x64, 0xc8, 0x64, 0x64, 0x64, 0xc8, 0x02, 0xbc,
    0xfd, 0x44, 0x64, 0x64, 0x64, 0x64, 0x03, 0xe8, 0x64, 0x64, 0x64, 0x64, 0xfd, 0x44, 0x64, 0x64,
    0x64, 0x64, 0xc8, 0x64, 0x64, 0x03, 0x84, 0x64, 0xfd, 0x44, 0x02, 0xbc, 0xfc, 0xe0, 0x64, 0x64,
    0x00, 0x07, 0x00, 0x00, 0x00, 0x00, 0x02, 0xbc, 0x04, 0x4c, 0x00, 0x0d, 0x00, 0x11, 0x00, 0x15,
    0x00, 0x19, 0x00, 0x1d, 0x00, 0x21, 0x00, 0x25, 0x00, 0x00, 0x31, 0x11, 0x21, 0x15, 0x21, 0x11,
    0x21, 0x15, 0x23, 0x15, 0x23, 0x35, 0x23, 0x11, 0x25, 0x35, 0x33, 0x15, 0x33, 0x15, 0x23, 0x35,
    0x17, 0x33, 0x15, 0x23, 0x11, 0x23, 0x35, 0x33, 0x31, 0x11, 0x33, 0x11, 0x03, 0x15, 0x23, 0x35,
    0x01, 0xf4, 0xfe, 0x70, 0x01, 0x90, 0x64, 0x64, 0xc8, 0x01, 0x2c, 0x64, 0x64, 0x64, 0x64, 0x64,
    0x64, 0x64, 0x64, 0x64, 0x64, 0x64, 0x04, 0x4c, 0x64, 0xfe, 0x0c, 0x64, 0x64, 0x64, 0xfe, 0x70,
    0xc8, 0x64, 0x64, 0x64, 0x64, 0x64, 0x64, 0x01, 0xf4, 0x64, 0x01, 0x2c, 0xfe, 0xd4, 0x01, 0x90,
    0x64, 0x64, 0x00, 0x0d, 0x00, 0x00, 0x00, 0x00, 0x02, 0xbc, 0x04, 0x4c, 0x00, 0x03, 0x00, 0x07,
    0x00, 0x0b, 0x00, 0x0f, 0x00, 0x13, 0x00, 0x17, 0x00, 0x1b, 0x00, 0x1f, 0x00, 0x23, 0x00, 0x27,
    0x00, 0x2b, 0x00, 0x2f, 0x00, 0x33, 0x00, 0x00, 0x35, 0x35, 0x33, 0x15, 0x03, 0x35, 0x33, 0x15,
    0x13, 0x15, 0x23, 0x35, 0x17, 0x21, 0x15, 0x21, 0x11, 0x35, 0x21, 0x15, 0x25, 0x15, 0x23, 0x35,
    0x13, 0x15, 0x23, 0x35, 0x37, 0x21, 0x15, 0x21, 0x01, 0x15, 0x23, 0x35, 0x13, 0x15, 0x23, 0x35,
    0x17, 0x33, 0x15, 0x23, 0x11, 0x15, 0x23, 0x35, 0x17, 0x33, 0x15, 0x23, 0x64, 0x64, 0x64, 0x64,
    0x64, 0x64, 0x01, 0x2c, 0xfe, 0xd4, 0x01, 0x2c, 0xfe, 0xd4, 0x64, 0x64, 0x64, 0x64, 0x01, 0x2c,
    0xfe, 0xd4, 0x01, 0x90, 0x64, 0x64, 0x64, 0x64, 0x64, 0x64, 0x64, 0x64, 0x64, 0x64, 0xc8, 0x64,
    0x64, 0x01, 0xf4, 0xc8, 0xc8, 0xfe, 0x0c, 0x64, 0x64, 0x64, 0x64, 0x01, 0xf4, 0x64, 0x64, 0xc8,
    0x64, 0x64, 0x01, 0x2c, 0x64, 0x64, 0x64, 0x64, 0xfc, 0xe0, 0x64, 0x64, 0x01, 0x2c, 0x64, 0x64,
    0x64, 0xc8, 0x03, 0x20, 0x64, 0x64, 0x64, 0x64, 0x00, 0x01, 0x00, 0x00, 0x00, 0x00, 0x02, 0xbc,
    0x04, 0x4c, 0x00, 0x07, 0x00, 0x00, 0x21, 0x23, 0x11, 0x21, 0x35, 0x21, 0x15, 0x21, 0x01, 0x90,
    0x64, 0xfe, 0xd4, 0x02, 0xbc, 0xfe, 0xd4, 0x03, 0xe8, 0x64, 0x64, 0x00, 0x00, 0x05, 0x00, 0x00,
    0x00, 0x00, 0x03, 0x20, 0x04, 0x4c, 0x00, 0x03, 0x00, 0x07, 0x00, 0x0b, 0x00, 0x0f, 0x00, 0x13,
    0x00, 0x00, 0x35, 0x11, 0x33, 0x11, 0x21, 0x23, 0x11, 0x33, 0x01, 0x33, 0x15, 0x23, 0x33, 0x21,
    0x15, 0x21, 0x25, 0x35, 0x33, 0x15, 0x64, 0x02, 0xbc, 0x64, 0x64, 0xfd, 0x44, 0x64, 0x64, 0x64,
    0x01, 0x90, 0xfe, 0x70, 0x01, 0x90, 0x64, 0xc8, 0x03, 0x84, 0xfc, 0x7c, 0x03, 0x84, 0xfc, 0x7c,
    0x64, 0x64, 0x64, 0x64, 0x64, 0x00, 0x00, 0x07, 0x00, 0x00, 0x00, 0x00, 0x02, 0xbc, 0x04, 0x4c,
    0x00, 0x03, 0x00, 0x07, 0x00, 0x0b, 0x00, 0x0f, 0x00, 0x13, 0x00, 0x17, 0x00, 0x1b, 0x00, 0x00,
    0x13, 0x11, 0x23, 0x11, 0x13, 0x11, 0x33, 0x19, 0x02, 0x33, 0x11, 0x31, 0x33, 0x15, 0x23, 0x37,
    0x11, 0x33, 0x19, 0x02, 0x33, 0x11, 0x13, 0x11, 0x23, 0x11, 0x64, 0x64, 0x64, 0x64, 0x64, 0x64,
    0x64, 0x64, 0x64, 0x64, 0x64, 0x64, 0x04, 0x4c, 0xfe, 0xd4, 0x01, 0x2c, 0xfd, 0xa8, 0x01, 0x2c,
    0xfe, 0xd4, 0xfe, 0xd4, 0x01, 0x2c, 0xfe, 0xd4, 0xc8, 0xc8, 0x01, 0x2c, 0xfe, 0xd4, 0x01, 0x2c,
    0x01, 0x2c, 0xfe, 0xd4, 0x02, 0x58, 0xfe, 0xd4, 0x01, 0x2c, 0x00, 0x09, 0x00, 0x00, 0x00, 0x00,
    0x03, 0x84, 0x04, 0x4c, 0x00, 0x03, 0x00, 0x07, 0x00, 0x0b, 0x00, 0x0f, 0x00, 0x13, 0x00, 0x17,
    0x00, 0x1b, 0x00, 0x1f, 0x00, 0x23, 0x00, 0x00, 0x01, 0x11, 0x23, 0x11, 0x01, 0x11, 0x33, 0x11,
    0x13, 0x11, 0x33, 0x11, 0x03, 0x23, 0x11, 0x33, 0x13, 0x23, 0x11, 0x33, 0x31, 0x11, 0x33, 0x11,
    0x13, 0x11, 0x33, 0x11, 0x03, 0x23, 0x11, 0x33, 0x13, 0x23, 0x11, 0x33, 0x03, 0x84, 0x64, 0xfc,
    0xe0, 0x64, 0x64, 0x64, 0x64, 0x64, 0x64, 0xc8, 0x64, 0x64, 0x64, 0x64, 0x64, 0x64, 0x64, 0x64,
    0xc8, 0x64, 0x64, 0x04, 0x4c, 0xfe, 0x70, 0x01, 0x90, 0xfe, 0x70, 0x01, 0x90, 0xfe, 0x70, 0xfd,
    0x44, 0x01, 0x2c, 0xfe, 0xd4, 0x01, 0x2c, 0x01, 0x90, 0xfe, 0x70, 0x01, 0x90, 0x01, 0x90, 0xfe,
    0x70, 0xfd, 0x44, 0x01, 0x2c, 0xfe, 0xd4, 0x01, 0x2c, 0x01, 0x90, 0xfe, 0x70, 0x01, 0x90, 0x00,
    0x00, 0x0d, 0x00, 0x00, 0x00, 0x00, 0x02, 0xbc, 0x04, 0x4c, 0x00, 0x03, 0x00, 0x07, 0x00, 0x0b,
    0x00, 0x0f, 0x00, 0x13, 0x00, 0x17, 0x00, 0x1b, 0x00, 0x1f, 0x00, 0x23, 0x00, 0x27, 0x00, 0x2b,
    0x00, 0x2f, 0x00, 0x33, 0x00, 0x00, 0x31, 0x35, 0x33, 0x15, 0x03, 0x35, 0x33, 0x15, 0x13, 0x23,
    0x35, 0x33, 0x35, 0x33, 0x15, 0x23, 0x11, 0x35, 0x33, 0x15, 0x27, 0x23, 0x35, 0x33, 0x13, 0x33,
    0x15, 0x23, 0x11, 0x15, 0x23, 0x35, 0x37, 0x33, 0x15, 0x23, 0x13, 0x23, 0x35, 0x33, 0x11, 0x35,
    0x33, 0x15, 0x03, 0x15, 0x23, 0x35, 0x37, 0x33, 0x15, 0x23, 0x64, 0x64, 0x64, 0x64, 0x64, 0x64,
    0x64, 0x64, 0x64, 0x64, 0x64, 0x64, 0xc8, 0x64, 0x64, 0x64, 0x64, 0x64, 0x64, 0xc8, 0x64, 0x64,
    0x64, 0x64, 0x64, 0x64, 0x64, 0x64, 0x64, 0x64, 0x03, 0xe8, 0x64, 0x64, 0xfc, 0x7c, 0xc8, 0xc8,
    0xc8, 0x01, 0x2c, 0xc8, 0xc8, 0xc8, 0xc8, 0xfe, 0x0c, 0xc8, 0x01, 0x2c, 0x64, 0x64, 0xc8, 0xc8,
    0xfe, 0x0c, 0xc8, 0xfe, 0xd4, 0x64, 0x64, 0x03, 0xe8, 0xc8, 0xc8, 0x64, 0x64, 0x00, 0x00, 0x07,
    0x00, 0x00, 0x00, 0x00, 0x02, 0xbc, 0x04, 0x4c, 0x00, 0x03, 0x00, 0x07, 0x00, 0x0b, 0x00, 0x0f,
    0x00, 0x13, 0x00, 0x17, 0x00, 0x1b, 0x00, 0x00, 0x13, 0x15, 0x23, 0x35, 0x13, 0x35, 0x33, 0x15,
    0x15, 0x35, 0x33, 0x15, 0x11, 0x11, 0x33, 0x11, 0x11, 0x35, 0x33, 0x15, 0x35, 0x35, 0x33, 0x15,
    0x13, 0x15, 0x23, 0x35, 0x64, 0x64, 0x64, 0x64, 0x64, 0x64, 0x64, 0x64, 0x64, 0x64, 0x04, 0x4c,
    0xc8, 0xc8, 0xfe, 0x70, 0xc8, 0xc8, 0xc8, 0xc8, 0xc8, 0xfe, 0x0c, 0x01, 0xf4, 0xfe, 0x0c, 0x01,
    0xf4, 0xc8, 0xc8, 0xc8, 0xc8, 0xc8, 0x01, 0x90, 0xc8, 0xc8, 0x00, 0x05, 0x00, 0x00, 0x00, 0x00,
    0x02, 0x58, 0x04, 0x4c, 0x00, 0x05, 0x00, 0x0d, 0x00, 0x11, 0x00, 0x15, 0x00, 0x19, 0x00, 0x00,
    0x35, 0x33, 0x15, 0x21, 0x15, 0x21, 0x11, 0x35, 0x21, 0x15, 0x23, 0x15, 0x23, 0x35, 0x01, 0x35,
    0x33, 0x15, 0x35, 0x35, 0x33, 0x15, 0x35, 0x35, 0x33, 0x15, 0x64, 0x01, 0xf4, 0xfd, 0xa8, 0x02,
    0x58, 0x64, 0x64, 0xfe, 0xd4, 0x64, 0x64, 0x64, 0xc8, 0x64, 0x64, 0x03, 0xe8, 0x64, 0x64, 0xc8,
    0xc8, 0xfc, 0xe0, 0xc8, 0xc8, 0xc8, 0xc8, 0xc8, 0xc8, 0xc8, 0xc8, 0x00, 0x00, 0x01, 0x00, 0x00,
    0x00, 0x00, 0x01, 0x2c, 0x04, 0x4c, 0x00, 0x07, 0x00, 0x00, 0x31, 0x11, 0x21, 0x15, 0x23, 0x11,
    0x33, 0x15, 0x01, 0x2c, 0xc8, 0xc8, 0x04, 0x4c, 0x64, 0xfc, 0x7c, 0x64, 0x00, 0x05, 0x00, 0x00,
    0x00, 0x00, 0x01, 0xf4, 0x04, 0x4c, 0x00, 0x03, 0x00, 0x07, 0x00, 0x0b, 0x00, 0x0f, 0x00, 0x13,
    0x00, 0x00, 0x13, 0x15, 0x23, 0x35, 0x13, 0x35, 0x33, 0x15, 0x11, 0x11, 0x33, 0x11, 0x15, 0x35,
    0x33, 0x15, 0x31, 0x33, 0x15, 0x23, 0x64, 0x64, 0x64, 0x64, 0x64, 0x64, 0x64, 0x64, 0x04, 0x4c,
    0xc8, 0xc8, 0xfe, 0x70, 0xc8, 0xc8, 0xfe, 0xd4, 0x01, 0x2c, 0xfe, 0xd4, 0xc8, 0xc8, 0xc8, 0xc8,
    0x00, 0x01, 0x00, 0x00, 0x00, 0x00, 0x01, 0x2c, 0x04, 0x4c, 0x00, 0x07, 0x00, 0x00, 0x31, 0x35,
    0x33, 0x11, 0x23, 0x35, 0x21, 0x11, 0xc8, 0xc8, 0x01, 0x2c, 0x64, 0x03, 0x84, 0x64, 0xfb, 0xb4,
    0x00, 0x05, 0x00, 0x00, 0x03, 0x20, 0x01, 0xf4, 0x04, 0x4c, 0x00, 0x03, 0x00, 0x07, 0x00, 0x0b,
    0x00, 0x0f, 0x00, 0x13, 0x00, 0x00, 0x11, 0x35, 0x33, 0x15, 0x35, 0x35, 0x33, 0x15, 0x37, 0x15,
    0x23, 0x35, 0x17, 0x33, 0x15, 0x23, 0x33, 0x33, 0x15, 0x23, 0x64, 0x64, 0x64, 0x64, 0x64, 0x64,
    0x64, 0x64, 0x64, 0x64, 0x03, 0x20, 0x64, 0x64, 0x64, 0x64, 0x64, 0xc8, 0x64, 0x64, 0x64, 0x64,
    0x64, 0x00, 0x00, 0x01, 0x00, 0x00, 0x00, 0x00, 0x02, 0xbc, 0x00, 0x64, 0x00, 0x03, 0x00, 0x00,
    0x31, 0x35, 0x21, 0x15, 0x02, 0xbc, 0x64, 0x64, 0x00, 0x03, 0x00, 0x00, 0x03, 0x20, 0x01, 0x2c,
    0x04, 0x4c, 0x00, 0x03, 0x00, 0x07, 0x00, 0x0b, 0x00, 0x00, 0x13, 0x15, 0x23, 0x35, 0x17, 0x33,
    0x15, 0x23, 0x33, 0x33, 0x15, 0x23, 0x64, 0x64, 0x64, 0x64, 0x64, 0x64, 0x64, 0x64, 0x04, 0x4c,
    0x64, 0x64, 0x64, 0x64, 0x64, 0x00, 0x00, 0x06, 0x00, 0x00, 0x00, 0x00, 0x02, 0x58, 0x03, 0x20,
    0x00, 0x03, 0x00, 0x07, 0x00, 0x13, 0x00, 0x17, 0x00, 0x1b, 0x00, 0x1f, 0x00, 0x00, 0x35, 0x35,
    0x33, 0x15, 0x03, 0x35, 0x33, 0x15, 0x17, 0x35, 0x21, 0x35, 0x33, 0x11, 0x23, 0x35, 0x23, 0x35,
    0x33, 0x35, 0x05, 0x23, 0x35, 0x33, 0x13, 0x15, 0x21, 0x35, 0x11, 0x35, 0x21, 0x15, 0x64, 0x64,
    0x64, 0x64, 0x01, 0x2c, 0x64, 0x64, 0x64, 0x64, 0xfe, 0xd4, 0x64, 0x64, 0xc8, 0xfe, 0xd4, 0x01,
    0x90, 0x64, 0xc8, 0xc8, 0x01, 0xf4, 0x64, 0x64, 0xc8, 0x64, 0xc8, 0xfd, 0x44, 0x64, 0x64, 0xc8,
    0x64, 0x64, 0xfe, 0xd4, 0x64, 0x64, 0x02, 0x58, 0x64, 0x64, 0x00, 0x06, 0x00, 0x00, 0x00, 0x00,
    0x02, 0xbc, 0x04, 0x4c, 0x00, 0x0b, 0x00, 0x0f, 0x00, 0x13, 0x00, 0x17, 0x00, 0x1b, 0x00, 0x1f,
    0x00, 0x00, 0x31, 0x11, 0x33, 0x11, 0x33, 0x15, 0x23, 0x11, 0x33, 0x15, 0x23, 0x15, 0x37, 0x21,
    0x15, 0x21, 0x11, 0x35, 0x21, 0x15, 0x13, 0x15, 0x23, 0x35, 0x13, 0x15, 0x23, 0x35, 0x17, 0x33,
    0x11, 0x23, 0x64, 0x64, 0x64, 0x64, 0x64, 0x64, 0x01, 0x2c, 0xfe, 0xd4, 0x01, 0x2c, 0x64, 0x64,
    0x64, 0x64, 0x64, 0x64, 0x64, 0x04, 0x4c, 0xfe, 0x70, 0x64, 0xfe, 0x70, 0x64, 0x64, 0x64, 0x64,
    0x02, 0xbc, 0x64, 0x64, 0xfe, 0x0c, 0x64, 0x64, 0x01, 0xf4, 0x64, 0x64, 0x64, 0xfe, 0x70, 0x00,
    0x00, 0x07, 0x00, 0x00, 0x00, 0x00, 0x02, 0x58, 0x03, 0x20, 0x00, 0x03, 0x00, 0x07, 0x00, 0x0b,
    0x00, 0x0f, 0x00, 0x13, 0x00, 0x17, 0x00, 0x1b, 0x00, 0x00, 0x35, 0x11, 0x33, 0x11, 0x31, 0x33,
    0x15, 0x23, 0x11, 0x35, 0x33, 0x15, 0x11, 0x21, 0x15, 0x21, 0x11, 0x35, 0x21, 0x15, 0x11, 0x35,
    0x33, 0x15, 0x03, 0x33, 0x15, 0x23, 0x64, 0x64, 0x64, 0x64, 0x01, 0x2c, 0xfe, 0xd4, 0x01, 0x2c,
    0x64, 0x64, 0x64, 0x64, 0xc8, 0x01, 0x90, 0xfe, 0x70, 0x64, 0x01, 0xf4, 0x64, 0x64, 0xfe, 0x0c,
    0x64, 0x02, 0xbc, 0x64, 0x64, 0xfd, 0xa8, 0x64, 0x64, 0x02, 0x58, 0x64, 0x00, 0x06, 0x00, 0x00,
    0x00, 0x00, 0x02, 0xbc, 0x04, 0x4c, 0x00, 0x03, 0x00, 0x07, 0x00, 0x0b, 0x00, 0x0f, 0x00, 0x13,
    0x00, 0x1f, 0x00, 0x00, 0x35, 0x11, 0x33, 0x11, 0x33, 0x15, 0x23, 0x35, 0x17, 0x21, 0x15, 0x21,
    0x11, 0x15, 0x23, 0x35, 0x37, 0x21, 0x15, 0x21, 0x01, 0x23, 0x35, 0x33, 0x11, 0x23, 0x35, 0x33,
    0x11, 0x33, 0x11, 0x23, 0x64, 0x64, 0x64, 0x64, 0x01, 0x2c, 0xfe, 0xd4, 0x64, 0x64, 0x01, 0x2c,
    0xfe, 0xd4, 0x01, 0x90, 0x64, 0x64, 0x64, 0x64, 0x64, 0x64, 0xc8, 0x01, 0x90, 0xfe, 0x70, 0x64,
    0x64, 0x64, 0x64, 0x02, 0xbc, 0x64, 0x64, 0x64, 0x64, 0xfd, 0xa8, 0x64, 0x01, 0x90, 0x64, 0x01,
    0x90, 0xfb, 0xb4, 0x00, 0x00, 0x08, 0x00, 0x00, 0x00, 0x00, 0x02, 0xbc, 0x03, 0x20, 0x00, 0x09,
    0x00, 0x0d, 0x00, 0x11, 0x00, 0x15, 0x00, 0x19, 0x00, 0x1d, 0x00, 0x21, 0x00, 0x25, 0x00, 0x00,
    0x35, 0x11, 0x33, 0x15, 0x21, 0x35, 0x33, 0x15, 0x21, 0x15, 0x33, 0x15, 0x23, 0x35, 0x17, 0x21,
    0x15, 0x21, 0x11, 0x15, 0x23, 0x35, 0x37, 0x21, 0x15, 0x21, 0x01, 0x15, 0x23, 0x35, 0x37, 0x33,
    0x15, 0x23, 0x11, 0x15, 0x23, 0x35, 0x64, 0x01, 0xf4, 0x64, 0xfd, 0xa8, 0x64, 0x64, 0x64, 0x01,
    0x2c, 0xfe, 0xd4, 0x64, 0x64, 0x01, 0x2c, 0xfe, 0xd4, 0x01, 0x90, 0x64, 0x64, 0x64, 0x64, 0x64,
    0xc8, 0x01, 0x90, 0x64, 0x64, 0xc8, 0xc8, 0x64, 0x64, 0x64, 0x64, 0x02, 0xbc, 0x64, 0x64, 0x64,
    0x64, 0xfe, 0x0c, 0x64, 0x64, 0x64, 0x64, 0x01, 0xf4, 0x64, 0x64, 0x00, 0x00, 0x02, 0x00, 0x00,
    0x00, 0x00, 0x01, 0xf4, 0x04, 0x4c, 0x00, 0x0b, 0x00, 0x0f, 0x00, 0x00, 0x11, 0x35, 0x33, 0x35,
    0x33, 0x15, 0x33, 0x15, 0x23, 0x11, 0x23, 0x11, 0x13, 0x33, 0x15, 0x23, 0xc8, 0x64, 0xc8, 0xc8,
    0x64, 0x64, 0xc8, 0xc8, 0x02, 0xbc, 0x64, 0xc8, 0xc8, 0x64, 0xfd, 0x44, 0x02, 0xbc, 0x01, 0x90,
    0x64, 0x00, 0x00, 0x0a, 0x00, 0x00, 0xff, 0x38, 0x02, 0xbc, 0x03, 0x20, 0x00, 0x03, 0x00, 0x07,
    0x00, 0x0b, 0x00, 0x0f, 0x00, 0x13, 0x00, 0x17, 0x00, 0x1b, 0x00, 0x1f, 0x00, 0x2b, 0x00, 0x2f,
    0x00, 0x00, 0x31, 0x35, 0x33, 0x15, 0x03, 0x11, 0x33, 0x11, 0x17, 0x23, 0x35, 0x33, 0x15, 0x35,
    0x21, 0x15, 0x05, 0x15, 0x23, 0x35, 0x17, 0x21, 0x15, 0x21, 0x11, 0x15, 0x23, 0x35, 0x37, 0x21,
    0x15, 0x21, 0x01, 0x23, 0x35, 0x33, 0x11, 0x23, 0x35, 0x33, 0x35, 0x33, 0x11, 0x23, 0x31, 0x15,
    0x23, 0x35, 0x64, 0x64, 0x64, 0x64, 0x64, 0x64, 0x01, 0x2c, 0xfe, 0xd4, 0x64, 0x64, 0x01, 0x2c,
    0xfe, 0xd4, 0x64, 0x64, 0x01, 0x2c, 0xfe, 0xd4, 0x01, 0x90, 0x64, 0x64, 0x64, 0x64, 0x64, 0x64,
    0x64, 0x64, 0x64, 0x01, 0x2c, 0x01, 0x2c, 0xfe, 0xd4, 0x64, 0x64, 0xc8, 0x64, 0x64, 0x64, 0x64,
    0x64, 0x64, 0x64, 0x03, 0x84, 0x64, 0x64, 0x64, 0x64, 0xfe, 0x0c, 0x64, 0x01, 0x2c, 0x64, 0x64,
    0xfc, 0xe0, 0x64, 0x64, 0x00, 0x03, 0x00, 0x00, 0x00, 0x00, 0x02, 0x58, 0x04, 0x4c, 0x00, 0x07,
    0x00, 0x0b, 0x00, 0x0f, 0x00, 0x00, 0x31, 0x11, 0x33, 0x11, 0x33, 0x15, 0x23, 0x11, 0x13, 0x35,
    0x21, 0x15, 0x11, 0x11, 0x33, 0x11, 0x64, 0x64, 0x64, 0x64, 0x01, 0x2c, 0x64, 0x04, 0x4c, 0xfe,
    0x70, 0x64, 0xfd, 0xa8, 0x02, 0xbc, 0x64, 0x64, 0xfd, 0x44, 0x02, 0xbc, 0xfd, 0x44, 0x00, 0x02,
    0x00, 0x64, 0x00, 0x00, 0x00, 0xc8, 0x03, 0xe8, 0x00, 0x03, 0x00, 0x07, 0x00, 0x00, 0x33, 0x11,
    0x33, 0x11, 0x03, 0x35, 0x33, 0x15, 0x64, 0x64, 0x64, 0x64, 0x03, 0x20, 0xfc, 0xe0, 0x03, 0x84,
    0x64, 0x64, 0x00, 0x04, 0x00, 0x00, 0xff, 0x38, 0x01, 0x90, 0x03, 0xe8, 0x00, 0x03, 0x00, 0x07,
    0x00, 0x0b, 0x00, 0x0f, 0x00, 0x00, 0x15, 0x35, 0x33, 0x15, 0x31, 0x33, 0x15, 0x23, 0x37, 0x11,
    0x33, 0x11, 0x03, 0x35, 0x33, 0x15, 0x64, 0xc8, 0xc8, 0xc8, 0x64, 0x64, 0x64, 0x64, 0x64, 0x64,
    0x64, 0x64, 0x03, 0x84, 0xfc, 0x7c, 0x03, 0xe8, 0x64, 0x64, 0x00, 0x07, 0x00, 0x00, 0x00, 0x00,
    0x02, 0x58, 0x04, 0x4c, 0x00, 0x09, 0x00, 0x0d, 0x00, 0x11, 0x00, 0x15, 0x00, 0x19, 0x00, 0x1d,
    0x00, 0x21, 0x00, 0x00, 0x31, 0x11, 0x33, 0x11, 0x33, 0x15, 0x23, 0x35, 0x23, 0x11, 0x25, 0x33,
    0x15, 0x23, 0x11, 0x23, 0x35, 0x33, 0x11, 0x15, 0x23, 0x35, 0x13, 0x35, 0x33, 0x15, 0x13, 0x15,
    0x23, 0x35, 0x13, 0x23, 0x35, 0x33, 0x64, 0xc8, 0x64, 0x64, 0x01, 0x2c, 0x64, 0x64, 0x64, 0x64,
    0x64, 0x64, 0x64, 0x64, 0x64, 0x64, 0x64, 0x64, 0x04, 0x4c, 0xfd, 0xa8, 0xc8, 0x64, 0xfe, 0x70,
    0xc8, 0x64, 0x01, 0x90, 0x64, 0xfe, 0xd4, 0x64, 0x64, 0x01, 0x2c, 0x64, 0x64, 0xfe, 0x0c, 0x64,
    0x64, 0x02, 0x58, 0x64, 0x00, 0x01, 0x00, 0x64, 0x00, 0x00, 0x00, 0xc8, 0x04, 0x4c, 0x00, 0x03,
    0x00, 0x00, 0x13, 0x33, 0x11, 0x23, 0x64, 0x64, 0x64, 0x04, 0x4c, 0xfb, 0xb4, 0x00, 0x00, 0x05,
    0x00, 0x00, 0x00, 0x00, 0x03, 0x84, 0x03, 0x20, 0x00, 0x07, 0x00, 0x0b, 0x00, 0x0f, 0x00, 0x13,
    0x00, 0x19, 0x00, 0x00, 0x31, 0x11, 0x33, 0x15, 0x33, 0x15, 0x23, 0x11, 0x21, 0x11, 0x33, 0x11,
    0x03, 0x23, 0x35, 0x33, 0x05, 0x35, 0x33, 0x15, 0x11, 0x11, 0x33, 0x15, 0x23, 0x11, 0x64, 0x64,
    0x64, 0x02, 0xbc, 0x64, 0x64, 0xc8, 0xc8, 0xfd, 0xa8, 0xc8, 0xc8, 0x64, 0x03, 0x20, 0x64, 0x64,
    0xfd, 0xa8, 0x02, 0xbc, 0xfd, 0x44, 0x02, 0xbc, 0x64, 0x64, 0x64, 0x64, 0xfd, 0x44, 0x02, 0xbc,
    0x64, 0xfd, 0xa8, 0x00, 0x00, 0x03, 0x00, 0x00, 0x00, 0x00, 0x02, 0x58, 0x03, 0x20, 0x00, 0x07,
    0x00, 0x0b, 0x00, 0x0f, 0x00, 0x00, 0x31, 0x11, 0x33, 0x15, 0x33, 0x15, 0x23, 0x11, 0x13, 0x35,
    0x21, 0x15, 0x11, 0x11, 0x33, 0x11, 0x64, 0x64, 0x64, 0x64, 0x01, 0x2c, 0x64, 0x03, 0x20, 0x64,
    0x64, 0xfd, 0xa8, 0x02, 0xbc, 0x64, 0x64, 0xfd, 0x44, 0x02, 0xbc, 0xfd, 0x44, 0x00, 0x00, 0x08,
    0x00, 0x00, 0x00, 0x00, 0x02, 0xbc, 0x03, 0x20, 0x00, 0x03, 0x00, 0x07, 0x00, 0x0b, 0x00, 0x0f,
    0x00, 0x13, 0x00, 0x17, 0x00, 0x1b, 0x00, 0x1f, 0x00, 0x00, 0x35, 0x11, 0x33, 0x11, 0x31, 0x33,
    0x15, 0x23, 0x11, 0x35, 0x33, 0x15, 0x11, 0x21, 0x15, 0x21, 0x11, 0x35, 0x21, 0x15, 0x11, 0x35,
    0x33, 0x15, 0x03, 0x33, 0x15, 0x23, 0x13, 0x11, 0x33, 0x11, 0x64, 0x64, 0x64, 0x64, 0x01, 0x2c,
    0xfe, 0xd4, 0x01, 0x2c, 0x64, 0x64, 0x64, 0x64, 0x64, 0x64, 0xc8, 0x01, 0x90, 0xfe, 0x70, 0x64,
    0x01, 0xf4, 0x64, 0x64, 0xfe, 0x0c, 0x64, 0x02, 0xbc, 0x64, 0x64, 0xfd, 0xa8, 0x64, 0x64, 0x02,
    0x58, 0x64, 0xfe, 0x70, 0x01, 0x90, 0xfe, 0x70, 0x00, 0x06, 0x00, 0x00, 0xff, 0x38, 0x02, 0xbc,
    0x03, 0x20, 0x00, 0x0b, 0x00, 0x0f, 0x00, 0x13, 0x00, 0x17, 0x00, 0x1b, 0x00, 0x1f, 0x00, 0x00,
    0x15, 0x11, 0x33, 0x15, 0x33, 0x15, 0x23, 0x11, 0x33, 0x15, 0x23, 0x11, 0x13, 0x21, 0x15, 0x21,
    0x11, 0x35, 0x21, 0x15, 0x13, 0x15, 0x23, 0x35, 0x13, 0x15, 0x23, 0x35, 0x17, 0x33, 0x11, 0x23,
    0x64, 0x64, 0x64, 0x64, 0x64, 0x64, 0x01, 0x2c, 0xfe, 0xd4, 0x01, 0x2c, 0x64, 0x64, 0x64, 0x64,
    0x64, 0x64, 0x64, 0xc8, 0x03, 0xe8, 0x64, 0x64, 0xfe, 0x70, 0x64, 0xfe, 0xd4, 0x01, 0x2c, 0x64,
    0x02, 0xbc, 0x64, 0x64, 0xfe, 0x0c, 0x64, 0x64, 0x01, 0xf4, 0x64, 0x64, 0x64, 0xfe, 0x70, 0x00,
    0x00, 0x06, 0x00, 0x00, 0xff, 0x38, 0x02, 0xbc, 0x03, 0x20, 0x00, 0x03, 0x00, 0x07, 0x00, 0x0b,
    0x00, 0x0f, 0x00, 0x13, 0x00, 0x1f, 0x00, 0x00, 0x35, 0x11, 0x33, 0x11, 0x33, 0x15, 0x23, 0x35,
    0x17, 0x21, 0x15, 0x21, 0x11, 0x15, 0x23, 0x35, 0x37, 0x21, 0x15, 0x21, 0x01, 0x23, 0x35, 0x33,
    0x11, 0x23, 0x35, 0x33, 0x35, 0x33, 0x11, 0x23, 0x64, 0x64, 0x64, 0x64, 0x01, 0x2c, 0xfe, 0xd4,
    0x64, 0x64, 0x01, 0x2c, 0xfe, 0xd4, 0x01, 0x90, 0x64, 0x64, 0x64, 0x64, 0x64, 0x64, 0xc8, 0x01,
    0x90, 0xfe, 0x70, 0x64, 0x64, 0x64, 0x64, 0x02, 0xbc, 0x64, 0x64, 0x64, 0x64, 0xfd, 0xa8, 0x64,
    0x01, 0x90, 0x64, 0x64, 0xfc, 0x18, 0x00, 0x03, 0x00, 0x00, 0x00, 0x00, 0x01, 0xf4, 0x03, 0x20,
    0x00, 0x07, 0x00, 0x0b, 0x00, 0x0f, 0x00, 0x00, 0x31, 0x11, 0x33, 0x15, 0x33, 0x15, 0x23, 0x11,
    0x13, 0x35, 0x33, 0x15, 0x31, 0x33, 0x15, 0x23, 0x64, 0x64, 0x64, 0x64, 0xc8, 0x64, 0x64, 0x03,
    0x20, 0x64, 0x64, 0xfd, 0xa8, 0x02, 0xbc, 0x64, 0x64, 0x64, 0x00, 0x08, 0x00, 0x00, 0x00, 0x00,
    0x02, 0x58, 0x03, 0x20, 0x00, 0x03, 0x00, 0x07, 0x00, 0x0b, 0x00, 0x0f, 0x00, 0x13, 0x00, 0x17,
    0x00, 0x1b, 0x00, 0x1f, 0x00, 0x00, 0x35, 0x35, 0x33, 0x15, 0x03, 0x35, 0x33, 0x15, 0x01, 0x23,
    0x35, 0x33, 0x11, 0x15, 0x23, 0x35, 0x01, 0x21, 0x15, 0x21, 0x11, 0x33, 0x15, 0x23, 0x11, 0x35,
    0x21, 0x15, 0x03, 0x33, 0x15, 0x23, 0x64, 0x64, 0x64, 0x01, 0xf4, 0x64, 0x64, 0x64, 0xfe, 0x70,
    0x01, 0x90, 0xfe, 0x70, 0xc8, 0xc8, 0x01, 0x90, 0xc8, 0xc8, 0xc8, 0x64, 0x64, 0x64, 0x01, 0x90,
    0xc8, 0xc8, 0xfe, 0x70, 0xc8, 0x01, 0x90, 0x64, 0x64, 0xfd, 0xa8, 0x64, 0x01, 0xf4, 0x64, 0x01,
    0x2c, 0x64, 0x64, 0xfe, 0xd4, 0x64, 0x00, 0x03, 0x00, 0x00, 0x00, 0x00, 0x01, 0xf4, 0x03, 0xe8,
    0x00, 0x0b, 0x00, 0x0f, 0x00, 0x13, 0x00, 0x00, 0x11, 0x35, 0x33, 0x35, 0x33, 0x15, 0x21, 0x15,
    0x21, 0x11, 0x23, 0x11, 0x13, 0x33, 0x15, 0x23, 0x37, 0x35, 0x33, 0x15, 0x64, 0x64, 0x01, 0x2c,
    0xfe, 0xd4, 0x64, 0x64, 0xc8, 0xc8, 0xc8, 0x64, 0x02, 0xbc, 0x64, 0xc8, 0xc8, 0x64, 0xfd, 0xa8,
    0x02, 0x58, 0xfd, 0xa8, 0x64, 0x64, 0x64, 0x64, 0x00, 0x04, 0x00, 0x00, 0x00, 0x00, 0x02, 0xbc,
    0x03, 0x20, 0x00, 0x03, 0x00, 0x07, 0x00, 0x0b, 0x00, 0x13, 0x00, 0x00, 0x35, 0x11, 0x33, 0x11,
    0x31, 0x33, 0x15, 0x23, 0x33, 0x21, 0x15, 0x21, 0x25, 0x35, 0x33, 0x11, 0x33, 0x11, 0x23, 0x35,
    0x64, 0x64, 0x64, 0x64, 0x01, 0x2c, 0xfe, 0xd4, 0x01, 0x2c, 0x64, 0x64, 0x64, 0xc8, 0x02, 0x58,
    0xfd, 0xa8, 0x64, 0x64, 0x64, 0x64, 0x02, 0x58, 0xfc, 0xe0, 0x64, 0x00, 0x00, 0x07, 0x00, 0x00,
    0x00, 0x00, 0x02, 0xbc, 0x03, 0x20, 0x00, 0x03, 0x00, 0x07, 0x00, 0x0b, 0x00, 0x0f, 0x00, 0x13,
    0x00, 0x17, 0x00, 0x1b, 0x00, 0x00, 0x11, 0x35, 0x33, 0x15, 0x15, 0x35, 0x33, 0x15, 0x15, 0x35,
    0x33, 0x15, 0x31, 0x33, 0x15, 0x23, 0x37, 0x35, 0x33, 0x15, 0x35, 0x35, 0x33, 0x15, 0x35, 0x35,
    0x33, 0x15, 0x64, 0x64, 0x64, 0x64, 0x64, 0x64, 0x64, 0x64, 0x64, 0x02, 0x58, 0xc8, 0xc8, 0xc8,
    0xc8, 0xc8, 0xc8, 0xc8, 0xc8, 0xc8, 0xc8, 0xc8, 0xc8, 0xc8, 0xc8, 0xc8, 0xc8, 0xc8, 0xc8, 0x00,
    0x00, 0x09, 0x00, 0x00, 0x00, 0x00, 0x03, 0x84, 0x03, 0x20, 0x00, 0x03, 0x00, 0x07, 0x00, 0x0b,
    0x00, 0x0f, 0x00, 0x13, 0x00, 0x17, 0x00, 0x1b, 0x00, 0x1f, 0x00, 0x23, 0x00, 0x00, 0x11, 0x11,
    0x33, 0x11, 0x21, 0x23, 0x11, 0x33, 0x01, 0x23, 0x11, 0x33, 0x11, 0x35, 0x33, 0x15, 0x37, 0x23,
    0x11, 0x33, 0x31, 0x11, 0x33, 0x11, 0x13, 0x23, 0x11, 0x33, 0x11, 0x35, 0x33, 0x15, 0x37, 0x23,
    0x11, 0x33, 0x64, 0x03, 0x20, 0x64, 0x64, 0xfd, 0x44, 0x64, 0x64, 0x64, 0x64, 0x64, 0x64, 0x64,
    0x64, 0x64, 0x64, 0x64, 0x64, 0x64, 0x64, 0x01, 0xf4, 0x01, 0x2c, 0xfe, 0xd4, 0x01, 0x2c, 0xfd,
    0xa8, 0x01, 0x2c, 0xfe, 0x0c, 0xc8, 0xc8, 0xc8, 0x01, 0x2c, 0x01, 0x2c, 0xfe, 0xd4, 0xfe, 0xd4,
    0x01, 0x2c, 0xfe, 0x0c, 0xc8, 0xc8, 0xc8, 0x01, 0x2c, 0x00, 0x00, 0x0d, 0x00, 0x00, 0x00, 0x00,
    0x02, 0xbc, 0x03, 0x20, 0x00, 0x03, 0x00, 0x07, 0x00, 0x0b, 0x00, 0x0f, 0x00, 0x13, 0x00, 0x17,
    0x00, 0x1b, 0x00, 0x1f, 0x00, 0x23, 0x00, 0x27, 0x00, 0x2b, 0x00, 0x2f, 0x00, 0x33, 0x00, 0x00,
    0x31, 0x35, 0x33, 0x15, 0x03, 0x35, 0x33, 0x15, 0x13, 0x15, 0x23, 0x35, 0x13, 0x35, 0x33, 0x15,
    0x07, 0x33, 0x15, 0x23, 0x11, 0x15, 0x23, 0x35, 0x01, 0x35, 0x33, 0x15, 0x03, 0x15, 0x23, 0x35,
    0x37, 0x33, 0x15, 0x23, 0x13, 0x15, 0x23, 0x35, 0x17, 0x33, 0x15, 0x23, 0x11, 0x15, 0x23, 0x35,
    0x37, 0x33, 0x15, 0x23, 0x64, 0x64, 0x64, 0x64, 0x64, 0x64, 0x64, 0x64, 0x64, 0x64, 0x64, 0x01,
    0x2c, 0x64, 0x64, 0x64, 0x64, 0x64, 0x64, 0xc8, 0x64, 0x64, 0x64, 0x64, 0x64, 0x64, 0x64, 0x64,
    0x64, 0x64, 0x02, 0xbc, 0x64, 0x64, 0xfe, 0x0c, 0x64, 0x64, 0x01, 0x2c, 0x64, 0x64, 0xc8, 0x64,
    0x01, 0xf4, 0x64, 0x64, 0xfe, 0x0c, 0x64, 0x64, 0x01, 0x2c, 0xc8, 0xc8, 0x64, 0x64, 0xfe, 0xd4,
    0x64, 0x64, 0x64, 0x64, 0x02, 0xbc, 0x64, 0x64, 0x64, 0x64, 0x00, 0x09, 0x00, 0x00, 0xff, 0x38,
    0x02, 0xbc, 0x03, 0x20, 0x00, 0x03, 0x00, 0x07, 0x00, 0x0b, 0x00, 0x0f, 0x00, 0x13, 0x00, 0x17,
    0x00, 0x1b, 0x00, 0x1f, 0x00, 0x23, 0x00, 0x00, 0x15, 0x35, 0x33, 0x15, 0x03, 0x35, 0x33, 0x15,
    0x13, 0x35, 0x33, 0x15, 0x03, 0x35, 0x33, 0x15, 0x27, 0x23, 0x35, 0x33, 0x13, 0x15, 0x23, 0x35,
    0x37, 0x33, 0x15, 0x23, 0x37, 0x23, 0x35, 0x33, 0x31, 0x35, 0x33, 0x15, 0xc8, 0xc8, 0x64, 0x64,
    0x64, 0x64, 0x64, 0x64, 0x64, 0x64, 0xc8, 0x64, 0x64, 0x64, 0x64, 0xc8, 0x64, 0x64, 0x64, 0xc8,
    0x64, 0x64, 0x03, 0x20, 0xc8, 0xc8, 0xfd, 0x44, 0x64, 0x64, 0x01, 0x2c, 0xc8, 0xc8, 0xc8, 0xc8,
    0xfe, 0x70, 0xc8, 0xc8, 0xc8, 0xc8, 0xc8, 0xc8, 0xc8, 0xc8, 0x00, 0x06, 0x00, 0x00, 0x00, 0x00,
    0x02, 0x58, 0x03, 0x20, 0x00, 0x05, 0x00, 0x0b, 0x00, 0x0f, 0x00, 0x13, 0x00, 0x17, 0x00, 0x1b,
    0x00, 0x00, 0x35, 0x33, 0x15, 0x21, 0x15, 0x21, 0x11, 0x35, 0x21, 0x15, 0x23, 0x35, 0x01, 0x35,
    0x33, 0x15, 0x35, 0x35, 0x33, 0x15, 0x35, 0x35, 0x33, 0x15, 0x35, 0x35, 0x33, 0x15, 0x64, 0x01,
    0xf4, 0xfd, 0xa8, 0x02, 0x58, 0x64, 0xfe, 0x70, 0x64, 0x64, 0x64, 0x64, 0xc8, 0x64, 0x64, 0x02,
    0xbc, 0x64, 0xc8, 0x64, 0xfe, 0x0c, 0x64, 0x64, 0x64, 0x64, 0x64, 0x64, 0x64, 0x64, 0x64, 0x64,
    0x64, 0x00, 0x00, 0x05, 0x00, 0x00, 0x00, 0x00, 0x01, 0x90, 0x04, 0x4c, 0x00, 0x03, 0x00, 0x07,
    0x00, 0x0b, 0x00, 0x0f, 0x00, 0x13, 0x00, 0x00, 0x11, 0x35, 0x33, 0x15, 0x11, 0x11, 0x33, 0x11,
    0x03, 0x11, 0x33, 0x11, 0x11, 0x33, 0x15, 0x23, 0x11, 0x35, 0x33, 0x15, 0x64, 0x64, 0x64, 0x64,
    0xc8, 0xc8, 0xc8, 0x01, 0xf4, 0x64, 0x64, 0xfe, 0x70, 0x01, 0x90, 0xfe, 0x70, 0x01, 0xf4, 0x01,
    0x90, 0xfe, 0x70, 0xfe, 0x0c, 0x64, 0x03, 0xe8, 0x64, 0x64, 0x00, 0x01, 0x00, 0x64, 0x00, 0x00,
    0x00, 0xc8, 0x04, 0x4c, 0x00, 0x03, 0x00, 0x00, 0x13, 0x33, 0x11, 0x23, 0x64, 0x64, 0x64, 0x04,
    0x4c, 0xfb, 0xb4, 0x00, 0x00, 0x05, 0x00, 0x00, 0x00, 0x00, 0x01, 0x90, 0x04, 0x4c, 0x00, 0x03,
    0x00, 0x07, 0x00, 0x0b, 0x00, 0x0f, 0x00, 0x13, 0x00, 0x00, 0x31, 0x35, 0x33, 0x15, 0x03, 0x35,
    0x33, 0x15, 0x11, 0x11, 0x33, 0x11, 0x03, 0x11, 0x33, 0x11, 0x15, 0x35, 0x33, 0x15, 0xc8, 0xc8,
    0xc8, 0x64, 0x64, 0x64, 0x64, 0x64, 0x64, 0x03, 0xe8, 0x64, 0x64, 0xfc, 0x7c, 0x01, 0x90, 0xfe,
    0x70, 0x01, 0xf4, 0x01, 0x90, 0xfe, 0x70, 0x64, 0x64, 0x64, 0x00, 0x05, 0x00, 0x00, 0x01, 0x90,
    0x02, 0xbc, 0x02, 0xbc, 0x00, 0x03, 0x00, 0x07, 0x00, 0x0b, 0x00, 0x0f, 0x00, 0x13, 0x00, 0x00,
    0x11, 0x35, 0x33, 0x15, 0x35, 0x35, 0x33, 0x15, 0x15, 0x35, 0x33, 0x15, 0x31, 0x33, 0x15, 0x23,
    0x37, 0x35, 0x33, 0x15, 0x64, 0xc8, 0x64, 0xc8, 0xc8, 0xc8, 0x64, 0x01, 0xf4, 0x64, 0x64, 0x64,
    0x64, 0x64, 0x64, 0x64, 0x64, 0x64, 0x64, 0x64, 0x64, 0x00, 0x00, 0x01, 0x00, 0x64, 0x01, 0xf4,
    0x00, 0xc8, 0x02, 0x58, 0x00, 0x03, 0x00, 0x00, 0x13, 0x35, 0x33, 0x15, 0x64, 0x64, 0x01, 0xf4,
    0x64, 0x64, 0x00, 0x05, 0x00, 0x64, 0x00, 0xc8, 0x03, 0xe8, 0x03, 0x84, 0x00, 0x0b, 0x00, 0x0f,
    0x00, 0x13, 0x00, 0x17, 0x00, 0x1b, 0x00, 0x00, 0x01, 0x35, 0x21, 0x35, 0x21, 0x35, 0x33, 0x15,
    0x33, 0x15, 0x23, 0x15, 0x07, 0x23, 0x35, 0x33, 0x11, 0x23, 0x35, 0x33, 0x03, 0x35, 0x33, 0x15,
    0x03, 0x35, 0x33, 0x15, 0x03, 0x20, 0xfd, 0x44, 0x02, 0xbc, 0x64, 0x64, 0x64, 0x64, 0x64, 0x64,
    0x64, 0x64, 0xc8, 0x64, 0x64, 0x64, 0x01, 0x90, 0x64, 0x64, 0x64, 0x64, 0x64, 0x64, 0x64, 0x64,
    0x01, 0x2c, 0x64, 0xfd, 0xa8, 0x64, 0x64, 0x02, 0x58, 0x64, 0x64, 0x00, 0x00, 0x06, 0x00, 0x00,
    0x00, 0x00, 0x04, 0x4c, 0x04, 0x4c, 0x00, 0x07, 0x00, 0x0b, 0x00, 0x11, 0x00, 0x15, 0x00, 0x19,
    0x00, 0x1d, 0x00, 0x00, 0x01, 0x33, 0x11, 0x33, 0x15, 0x23, 0x11, 0x23, 0x25, 0x35, 0x33, 0x15,
    0x03, 0x35, 0x21, 0x11, 0x23, 0x11, 0x01, 0x35, 0x33, 0x15, 0x37, 0x15, 0x23, 0x35, 0x37, 0x33,
    0x15, 0x23, 0x03, 0x84, 0x64, 0x64, 0x64, 0x64, 0xfc, 0x7c, 0xc8, 0xc8, 0x02, 0x58, 0x64, 0xfe,
    0xd4, 0x64, 0x64, 0x64, 0x64, 0x64, 0x64, 0x04, 0x4c, 0xfe, 0x0c, 0x64, 0xfe, 0x0c, 0x64, 0x64,
    0x64, 0x03, 0x84, 0x64, 0xfe, 0x0c, 0x01, 0x90, 0xfc, 0xe0, 0x64, 0x64, 0xc8, 0x64, 0x64, 0xc8,
    0xc8, 0x00, 0x00, 0x06, 0x00, 0x00, 0x00, 0x00, 0x04, 0x4c, 0x04, 0x4c, 0x00, 0x07, 0x00, 0x0b,
    0x00, 0x11, 0x00, 0x17, 0x00, 0x1b, 0x00, 0x1f, 0x00, 0x00, 0x01, 0x33, 0x11, 0x33, 0x15, 0x23,
    0x11, 0x23, 0x25, 0x35, 0x21, 0x15, 0x01, 0x35, 0x21, 0x11, 0x23, 0x35, 0x01, 0x21, 0x15, 0x21,
    0x11, 0x33, 0x13, 0x15, 0x23, 0x35, 0x37, 0x33, 0x15, 0x23, 0x03, 0x84, 0x64, 0x64, 0x64, 0x64,
    0xfc, 0x7c, 0x01, 0x2c, 0xfe, 0xd4, 0x02, 0x58, 0x64, 0xfe, 0xd4, 0x03, 0x20, 0xfc, 0x7c, 0x64,
    0xc8, 0x64, 0x64, 0x64, 0x64, 0x04, 0x4c, 0xfe, 0xd4, 0x64, 0xfe, 0x70, 0xc8, 0x64, 0x64, 0x01,
    0xf4, 0x64, 0xfe, 0xd4, 0xc8, 0xfc, 0x7c, 0x64, 0x01, 0x90, 0x01, 0x2c, 0x64, 0x64, 0x64, 0x64,
    0x00, 0x05, 0x00, 0x00, 0x00, 0x00, 0x04, 0x4c, 0x04, 0x4c, 0x00, 0x07, 0x00, 0x0b, 0x00, 0x11,
    0x00, 0x1d, 0x00, 0x21, 0x00, 0x00, 0x01, 0x33, 0x15, 0x33, 0x15, 0x23, 0x15, 0x23, 0x21, 0x35,
    0x21, 0x15, 0x01, 0x35, 0x21, 0x11, 0x23, 0x35, 0x01, 0x35, 0x21, 0x35, 0x21, 0x11, 0x21, 0x15,
    0x21, 0x15, 0x21, 0x11, 0x01, 0x35, 0x33, 0x15, 0x03, 0x84, 0x64, 0x64, 0x64, 0x64, 0xfc, 0x7c,
    0x01, 0x90, 0xfe, 0x70, 0x02, 0x58, 0x64, 0x01, 0x90, 0xfc, 0xe0, 0x03, 0x84, 0xfc, 0xe0, 0x03,
    0x20, 0xfc, 0x7c, 0x01, 0x2c, 0x64, 0x04, 0x4c, 0xc8, 0x64, 0xc8, 0x64, 0x64, 0x01, 0x90, 0x64,
    0xfe, 0xd4, 0xc8, 0xfd, 0x44, 0x64, 0x64, 0xfe, 0xd4, 0x64, 0x64, 0x01, 0x2c, 0x01, 0x90, 0x64,
    0x64, 0x00, 0x00, 0x07, 0x00, 0x00, 0x00, 0x00, 0x04, 0x4c, 0x04, 0x4c, 0x00, 0x07, 0x00, 0x0b,
    0x00, 0x11, 0x00, 0x15, 0x00, 0x19, 0x00, 0x1d, 0x00, 0x21, 0x00, 0x00, 0x01, 0x33, 0x15, 0x33,
    0x15, 0x23, 0x11, 0x23, 0x21, 0x35, 0x21, 0x15, 0x01, 0x35, 0x21, 0x11, 0x23, 0x35, 0x01, 0x35,
    0x21, 0x15, 0x13, 0x15, 0x23, 0x35, 0x37, 0x33, 0x15, 0x23, 0x01, 0x11, 0x21, 0x11, 0x03, 0x84,
    0x64, 0x64, 0x64, 0x64, 0xfc, 0x7c, 0x01, 0x2c, 0xfe, 0xd4, 0x02, 0x58, 0x64, 0x01, 0x90, 0xfd,
    0x44, 0xc8, 0x64, 0x64, 0x64, 0x64, 0xfe, 0xd4, 0x03, 0x84, 0x04, 0x4c, 0xc8, 0x64, 0xfe, 0xd4,
    0x64, 0x64, 0x01, 0xf4, 0x64, 0xfe, 0xd4, 0xc8, 0xfc, 0x7c, 0xc8, 0xc8, 0x02, 0x58, 0x64, 0x64,
    0x64, 0x64, 0xfd, 0x44, 0x01, 0x90, 0xfe, 0x70, 0x00, 0x07, 0x00, 0x00, 0x00, 0x00, 0x04, 0x4c,
    0x04, 0x4c, 0x00, 0x07, 0x00, 0x0b, 0x00, 0x11, 0x00, 0x15, 0x00, 0x1d, 0x00, 0x21, 0x00, 0x25,
    0x00, 0x00, 0x01, 0x33, 0x15, 0x33, 0x15, 0x23, 0x11, 0x23, 0x21, 0x35, 0x21, 0x15, 0x01, 0x35,
    0x21, 0x11, 0x23, 0x35, 0x01, 0x35, 0x21, 0x15, 0x25, 0x35, 0x33, 0x11, 0x21, 0x11, 0x33, 0x15,
    0x13, 0x15, 0x23, 0x35, 0x37, 0x33, 0x15, 0x23, 0x03, 0x84, 0x64, 0x64, 0x64, 0x64, 0xfc, 0x7c,
    0x01, 0x2c, 0xfe, 0xd4, 0x02, 0x58, 0x64, 0x01, 0x90, 0xfd, 0x44, 0x02, 0xbc, 0x64, 0xfc, 0x7c,
    0x64, 0xc8, 0x64, 0x64, 0x64, 0x64, 0x04, 0x4c, 0xc8, 0x64, 0xfe, 0xd4, 0x64, 0x64, 0x01, 0xf4,
    0x64, 0xfe, 0xd4, 0xc8, 0xfc, 0x7c, 0x64, 0x64, 0xc8, 0x64, 0xfe, 0x70, 0x01, 0x90, 0x64, 0x01,
    0x90, 0x64, 0x64, 0x64, 0x64, 0x00, 0x00, 0x09, 0x00, 0x00, 0x00, 0x00, 0x04, 0x4c, 0x04, 0x4c,
    0x00, 0x07, 0x00, 0x0b, 0x00, 0x11, 0x00, 0x15, 0x00, 0x19, 0x00, 0x1d, 0x00, 0x21, 0x00, 0x25,
    0x00, 0x29, 0x00, 0x00, 0x01, 0x33, 0x15, 0x33, 0x15, 0x23, 0x11, 0x23, 0x21, 0x35, 0x21, 0x15,
    0x01, 0x35, 0x21, 0x11, 0x23, 0x35, 0x01, 0x15, 0x21, 0x35, 0x01, 0x15, 0x21, 0x35, 0x05, 0x33,
    0x15, 0x23, 0x21, 0x23, 0x35, 0x33, 0x13, 0x15, 0x23, 0x35, 0x37, 0x33, 0x15, 0x23, 0x03, 0x84,
    0x64, 0x64, 0x64, 0x64, 0xfc, 0x7c, 0x01, 0x2c, 0xfe, 0xd4, 0x02, 0x58, 0x64, 0x01, 0x90, 0xfd,
    0x44, 0x02, 0xbc, 0xfd, 0x44, 0x02, 0xbc, 0x64, 0x64, 0xfd, 0x44, 0x64, 0x64, 0xc8, 0x64, 0x64,
    0x64, 0x64, 0x04, 0x4c, 0xc8, 0x64, 0xfe, 0xd4, 0x64, 0x64, 0x01, 0xf4, 0x64, 0xfe, 0xd4, 0xc8,
    0xfc, 0x7c, 0x64, 0x64, 0x01, 0x2c, 0x64, 0x64, 0x64, 0xc8, 0xc8, 0x01, 0x90, 0x64, 0x64, 0x64,
    0x64, 0x00, 0x00, 0x05, 0x00, 0x00, 0x00, 0x00, 0x04, 0x4c, 0x04, 0x4c, 0x00, 0x07, 0x00, 0x0b,
    0x00, 0x11, 0x00, 0x1d, 0x00, 0x21, 0x00, 0x00, 0x01, 0x33, 0x15, 0x33, 0x15, 0x23, 0x15, 0x23,
    0x21, 0x35, 0x21, 0x15, 0x01, 0x35, 0x21, 0x11, 0x23, 0x35, 0x01, 0x15, 0x21, 0x15, 0x21, 0x11,
    0x21, 0x15, 0x21, 0x15, 0x21, 0x15, 0x01, 0x35, 0x33, 0x15, 0x03, 0x84, 0x64, 0x64, 0x64, 0x64,
    0xfc, 0x7c, 0x01, 0x90, 0xfe, 0x70, 0x02, 0x58, 0x64, 0xfe, 0xd4, 0x03, 0x20, 0xfc, 0x7c, 0x03,
    0x84, 0xfc, 0xe0, 0x03, 0x20, 0xfd, 0xa8, 0x64, 0x04, 0x4c, 0xc8, 0x64, 0xc8, 0x64, 0x64, 0x01,
    0x90, 0x64, 0xfe, 0xd4, 0xc8, 0xfc, 0xe0, 0x64, 0x64, 0x01, 0xf4, 0x64, 0x64, 0x64, 0x01, 0xf4,
    0x64, 0x64, 0x00, 0x06, 0x00, 0x00, 0x00, 0x00, 0x03, 0xe8, 0x04, 0x4c, 0x00, 0x07, 0x00, 0x0b,
    0x00, 0x11, 0x00, 0x15, 0x00, 0x19, 0x00, 0x1d, 0x00, 0x00, 0x01, 0x33, 0x11, 0x23, 0x11, 0x23,
    0x35, 0x33, 0x01, 0x35, 0x33, 0x15, 0x03, 0x35, 0x21, 0x11, 0x23, 0x11, 0x01, 0x35, 0x33, 0x15,
    0x37, 0x15, 0x23, 0x35, 0x37, 0x33, 0x15, 0x23, 0x03, 0x84, 0x64, 0x64, 0xc8, 0xc8, 0xfc, 0x7c,
    0xc8, 0xc8, 0x02, 0x58, 0x64, 0xfe, 0xd4, 0x64, 0x64, 0x64, 0x64, 0x64, 0x64, 0x04, 0x4c, 0xfb,
    0xb4, 0x02, 0x58, 0x64, 0xfd, 0xa8, 0x64, 0x64, 0x03, 0x84, 0x64, 0xfe, 0x0c, 0x01, 0x90, 0xfc,
    0xe0, 0x64, 0x64, 0xc8, 0x64, 0x64, 0xc8, 0xc8, 0x00, 0x06, 0x00, 0x00, 0x00, 0x00, 0x03, 0xe8,
    0x04, 0x4c, 0x00, 0x07, 0x00, 0x0b, 0x00, 0x11, 0x00, 0x17, 0x00, 0x1b, 0x00, 0x1f, 0x00, 0x00,
    0x01, 0x33, 0x11, 0x23, 0x11, 0x23, 0x35, 0x33, 0x01, 0x35, 0x21, 0x15, 0x01, 0x35, 0x21, 0x11,
    0x23, 0x35, 0x01, 0x21, 0x15, 0x21, 0x11, 0x33, 0x13, 0x15, 0x23, 0x35, 0x37, 0x33, 0x15, 0x23,
    0x03, 0x84, 0x64, 0x64, 0xc8, 0xc8, 0xfc, 0x7c, 0x01, 0x2c, 0xfe, 0xd4, 0x02, 0x58, 0x64, 0xfe,
    0xd4, 0x03, 0x20, 0xfc, 0x7c, 0x64, 0xc8, 0x64, 0x64, 0x64, 0x64, 0x04, 0x4c, 0xfc, 0xe0, 0x01,
    0x90, 0x64, 0xfe, 0xd4, 0x64, 0x64, 0x01, 0xf4, 0x64, 0xfe, 0xd4, 0xc8, 0xfc, 0x7c, 0x64, 0x01,
    0x90, 0x01, 0x2c, 0x64, 0x64, 0x64, 0x64, 0x00, 0x00, 0x07, 0x00, 0x00, 0x00, 0x00, 0x03, 0xe8,
    0x04, 0x4c, 0x00, 0x07, 0x00, 0x0b, 0x00, 0x11, 0x00, 0x15, 0x00, 0x19, 0x00, 0x1d, 0x00, 0x21,
    0x00, 0x00, 0x01, 0x33, 0x11, 0x23, 0x11, 0x23, 0x35, 0x33, 0x01, 0x35, 0x21, 0x15, 0x01, 0x35,
    0x21, 0x11, 0x23, 0x35, 0x01, 0x35, 0x21, 0x15, 0x13, 0x15, 0x23, 0x35, 0x37, 0x33, 0x15, 0x23,
    0x01, 0x11, 0x21, 0x11, 0x03, 0x84, 0x64, 0x64, 0xc8, 0xc8, 0xfc, 0x7c, 0x01, 0x2c, 0xfe, 0xd4,
    0x02, 0x58, 0x64, 0x01, 0x90, 0xfd, 0x44, 0xc8, 0x64, 0x64, 0x64, 0x64, 0xfe, 0xd4, 0x03, 0x84,
    0x04, 0x4c, 0xfd, 0xa8, 0x01, 0x2c, 0x64, 0xfe, 0x70, 0x64, 0x64, 0x01, 0xf4, 0x64, 0xfe, 0xd4,
    0xc8, 0xfc, 0x7c, 0xc8, 0xc8, 0x02, 0x58, 0x64, 0x64, 0x64, 0x64, 0xfd, 0x44, 0x01, 0x90, 0xfe,
    0x70, 0x00, 0x00, 0x05, 0x00, 0x00, 0x00, 0x00, 0x03, 0xe8, 0x04, 0x4c, 0x00, 0x03, 0x00, 0x07,
    0x00, 0x15, 0x00, 0x19, 0x00, 0x1d, 0x00, 0x00, 0x01, 0x33, 0x11, 0x23, 0x25, 0x35, 0x33, 0x15,
    0x03, 0x35, 0x21, 0x11, 0x33, 0x11, 0x33, 0x11, 0x23, 0x11, 0x23, 0x15, 0x23, 0x11, 0x03, 0x35,
    0x33, 0x15, 0x13, 0x15, 0x23, 0x35, 0x03, 0x84, 0x64, 0x64, 0xfc, 0x7c, 0xc8, 0xc8, 0x01, 0xf4,
    0xc8, 0x64, 0x64, 0xc8, 0x64, 0xc8, 0x64, 0x64, 0x64, 0x04, 0x4c, 0xfb, 0xb4, 0x64, 0x64, 0x64,
    0x03, 0x84, 0x64, 0xfe, 0x70, 0x01, 0x90, 0xfb, 0xb4, 0x02, 0x58, 0x64, 0x01, 0xf4, 0xfc, 0xe0,
    0x64, 0x64, 0x01, 0x2c, 0xc8, 0xc8, 0x00, 0x06, 0x00, 0x00, 0x00, 0x00, 0x03, 0xe8, 0x04, 0x4c,
    0x00, 0x0b, 0x00, 0x0f, 0x00, 0x15, 0x00, 0x1b, 0x00, 0x1f, 0x00, 0x23, 0x00, 0x00, 0x01, 0x33,
    0x11, 0x23, 0x35, 0x23, 0x35, 0x33, 0x35, 0x23, 0x35, 0x33, 0x01, 0x35, 0x21, 0x15, 0x01, 0x35,
    0x21, 0x11, 0x23, 0x35, 0x01, 0x11, 0x21, 0x35, 0x21, 0x11, 0x01, 0x15, 0x23, 0x35, 0x37, 0x33,
    0x15, 0x23, 0x03, 0x84, 0x64, 0x64, 0xc8, 0xc8, 0xc8, 0xc8, 0xfc, 0x7c, 0x01, 0x2c, 0xfe, 0xd4,
    0x02, 0x58, 0x64, 0x01, 0x90, 0xfc, 0xe0, 0x03, 0x84, 0xfd, 0xa8, 0x64, 0x64, 0x64, 0x64, 0x04,
    0x4c, 0xfd, 0xa8, 0xc8, 0x64, 0x64, 0x64, 0xfe, 0x0c, 0x64, 0x64, 0x01, 0xf4, 0x64, 0xfe, 0xd4,
    0xc8, 0xfc, 0x18, 0x01, 0x2c, 0x64, 0xfe, 0x70, 0x02, 0xbc, 0x64, 0x64, 0x64, 0x64, 0x00, 0x09,
    0x00, 0x00, 0x00, 0x00, 0x03, 0xe8, 0x04, 0x4c, 0x00, 0x0b, 0x00, 0x0f, 0x00, 0x15, 0x00, 0x19,
    0x00, 0x1d, 0x00, 0x21, 0x00, 0x25, 0x00, 0x29, 0x00, 0x2d, 0x00, 0x00, 0x01, 0x33, 0x11, 0x23,
    0x35, 0x23, 0x35, 0x33, 0x35, 0x23, 0x35, 0x33, 0x01, 0x35, 0x21, 0x15, 0x01, 0x35, 0x21, 0x11,
    0x23, 0x35, 0x01, 0x15, 0x21, 0x35, 0x01, 0x15, 0x21, 0x35, 0x05, 0x33, 0x15, 0x23, 0x21, 0x23,
    0x35, 0x33, 0x13, 0x15, 0x23, 0x35, 0x37, 0x33, 0x15, 0x23, 0x03, 0x84, 0x64, 0x64, 0xc8, 0xc8,
    0xc8, 0xc8, 0xfc, 0x7c, 0x01, 0x2c, 0xfe, 0xd4, 0x02, 0x58, 0x64, 0x01, 0x90, 0xfd, 0x44, 0x02,
    0xbc, 0xfd, 0x44, 0x02, 0xbc, 0x64, 0x64, 0xfd, 0x44, 0x64, 0x64, 0xc8, 0x64, 0x64, 0x64, 0x64,
    0x04, 0x4c, 0xfd, 0xa8, 0xc8, 0x64, 0x64, 0x64, 0xfe, 0x0c, 0x64, 0x64, 0x01, 0xf4, 0x64, 0xfe,
    0xd4, 0xc8, 0xfc, 0x7c, 0x64, 0x64, 0x01, 0x2c, 0x64, 0x64, 0x64, 0xc8, 0xc8, 0x01, 0x90, 0x64,
    0x64, 0x64, 0x64, 0x00, 0x00, 0x03, 0x00, 0x00, 0x00, 0x64, 0x04, 0x4c, 0x04, 0x4c, 0x00, 0x07,
    0x00, 0x0d, 0x00, 0x11, 0x00, 0x00, 0x35, 0x35, 0x21, 0x11, 0x33, 0x11, 0x21, 0x15, 0x01, 0x21,
    0x11, 0x23, 0x11, 0x21, 0x01, 0x35, 0x33, 0x15, 0x01, 0xf4, 0x64, 0x01, 0xf4, 0xfc, 0x18, 0x03,
    0x84, 0x64, 0xfc, 0xe0, 0x02, 0xbc, 0x64, 0x64, 0x64, 0x01, 0x90, 0xfe, 0x70, 0x64, 0x03, 0xe8,
    0xfd, 0x44, 0x02, 0x58, 0xfd, 0x44, 0x64, 0x64, 0x00, 0x06, 0x00, 0x00, 0x00, 0x00, 0x04, 0x4c,
    0x04, 0x4c, 0x00, 0x07, 0x00, 0x0b, 0x00, 0x0f, 0x00, 0x13, 0x00, 0x19, 0x00, 0x1d, 0x00, 0x00,
    0x11, 0x35, 0x21, 0x11, 0x33, 0x11, 0x21, 0x15, 0x03, 0x15, 0x21, 0x35, 0x01, 0x15, 0x21, 0x35,
    0x05, 0x33, 0x15, 0x23, 0x11, 0x11, 0x21, 0x35, 0x21, 0x11, 0x01, 0x23, 0x35, 0x33, 0x01, 0xf4,
    0x64, 0x01, 0xf4, 0xc8, 0xfd, 0x44, 0x02, 0xbc, 0xfd, 0x44, 0x02, 0xbc, 0x64, 0x64, 0xfc, 0xe0,
    0x03, 0x84, 0xfc, 0xe0, 0x64, 0x64, 0x01, 0xf4, 0x64, 0x01, 0x2c, 0xfe, 0xd4, 0x64, 0xfe, 0x70,
    0x64, 0x64, 0x01, 0x2c, 0x64, 0x64, 0x64, 0xc8, 0x02, 0x58, 0x01, 0x2c, 0x64, 0xfe, 0x70, 0xfd,
    0xa8, 0xc8, 0x00, 0x03, 0x00, 0x00, 0x00, 0x00, 0x04, 0x4c, 0x04, 0x4c, 0x00, 0x07, 0x00, 0x0f,
    0x00, 0x15, 0x00, 0x00, 0x01, 0x33, 0x11, 0x33, 0x15, 0x23, 0x11, 0x23, 0x25, 0x35, 0x33, 0x11,
    0x33, 0x11, 0x21, 0x15, 0x01, 0x35, 0x21, 0x11, 0x23, 0x11, 0x03, 0x84, 0x64, 0x64, 0x64, 0x64,
    0xfc, 0x7c, 0xc8, 0x64, 0x01, 0xf4, 0xfc, 0xe0, 0x02, 0x58, 0x64, 0x04, 0x4c, 0xfe, 0x0c, 0x64,
    0xfe, 0x0c, 0xc8, 0x64, 0x01, 0x90, 0xfe, 0x70, 0x64, 0x03, 0x20, 0x64, 0xfd, 0xa8, 0x01, 0xf4,
    0x00, 0x04, 0x00, 0x00, 0x00, 0x00, 0x04, 0x4c, 0x04, 0x4c, 0x00, 0x07, 0x00, 0x0f, 0x00, 0x15,
    0x00, 0x1b, 0x00, 0x00, 0x01, 0x33, 0x11, 0x33, 0x15, 0x23, 0x11, 0x23, 0x25, 0x35, 0x21, 0x35,
    0x33, 0x15, 0x21, 0x15, 0x01, 0x21, 0x15, 0x21, 0x11, 0x33, 0x01, 0x11, 0x21, 0x35, 0x21, 0x11,
    0x03, 0x84, 0x64, 0x64, 0x64, 0x64, 0xfc, 0x7c, 0x01, 0x2c, 0x64, 0x01, 0x90, 0xfd, 0xa8, 0x03,
    0x20, 0xfc, 0x7c, 0x64, 0x01, 0x90, 0xfe, 0x0c, 0x02, 0x58, 0x04, 0x4c, 0xfe, 0xd4, 0x64, 0xfe,
    0x70, 0xc8, 0x64, 0xc8, 0xc8, 0x64, 0xfe, 0x70, 0x64, 0x01, 0x90, 0x01, 0x2c, 0x01, 0x2c, 0x64,
    0xfe, 0x70, 0x00, 0x02, 0x00, 0x00, 0x00, 0x00, 0x04, 0x4c, 0x04, 0x4c, 0x00, 0x05, 0x00, 0x11,
    0x00, 0x00, 0x13, 0x21, 0x11, 0x23, 0x11, 0x21, 0x03, 0x35, 0x21, 0x35, 0x33, 0x15, 0x33, 0x15,
    0x21, 0x11, 0x23, 0x11, 0x64, 0x03, 0x84, 0x64, 0xfc, 0xe0, 0x64, 0x03, 0x20, 0x64, 0xc8, 0xfe,
    0x0c, 0x64, 0x04, 0x4c, 0xfe, 0x70, 0x01, 0x2c, 0xfe, 0x0c, 0x64, 0x64, 0x64, 0x64, 0xfe, 0x0c,
    0x01, 0xf4, 0x00, 0x03, 0x00, 0x00, 0x00, 0x00, 0x03, 0xe8, 0x04, 0x4c, 0x00, 0x07, 0x00, 0x15,
    0x00, 0x1b, 0x00, 0x00, 0x01, 0x33, 0x11, 0x23, 0x35, 0x23, 0x35, 0x33, 0x25, 0x35, 0x21, 0x11,
    0x21, 0x35, 0x21, 0x11, 0x33, 0x15, 0x21, 0x11, 0x23, 0x11, 0x03, 0x21, 0x15, 0x21, 0x11, 0x33,
    0x03, 0x84, 0x64, 0x64, 0xc8, 0xc8, 0xfc, 0x7c, 0x02, 0x58, 0xfe, 0x0c, 0x02, 0x58, 0x64, 0xfe,
    0xd4, 0x64, 0xc8, 0x03, 0x20, 0xfc, 0x7c, 0x64, 0x04, 0x4c, 0xfc, 0xe0, 0x64, 0x64, 0x64, 0x64,
    0x01, 0x2c, 0x64, 0xfe, 0x70, 0x64, 0xfe, 0xd4, 0x01, 0x2c, 0xfe, 0x0c, 0x64, 0x01, 0x90, 0x00,
    0x00, 0x03, 0x00, 0x00, 0x00, 0x00, 0x04, 0x4c, 0x04, 0x4c, 0x00, 0x05, 0x00, 0x09, 0x00, 0x0f,
    0x00, 0x00, 0x13, 0x21, 0x11, 0x23, 0x11, 0x21, 0x03, 0x35, 0x21, 0x15, 0x01, 0x11, 0x33, 0x11,
    0x21, 0x15, 0x64, 0x03, 0x84, 0x64, 0xfc, 0xe0, 0x64, 0x04, 0x4c, 0xfc, 0x18, 0x64, 0x03, 0x20,
    0x04, 0x4c, 0xfe, 0x70, 0x01, 0x2c, 0xfe, 0x0c, 0x64, 0x64, 0xfe, 0x0c, 0x01, 0x90, 0xfe, 0xd4,
    0x64, 0x00, 0x00, 0x06, 0x00, 0x00, 0x00, 0x00, 0x03, 0xe8, 0x04, 0x4c, 0x00, 0x03, 0x00, 0x07,
    0x00, 0x0d, 0x00, 0x11, 0x00, 0x15, 0x00, 0x19, 0x00, 0x00, 0x01, 0x33, 0x11, 0x23, 0x25, 0x35,
    0x33, 0x15, 0x03, 0x35, 0x21, 0x11, 0x23, 0x11, 0x01, 0x35, 0x33, 0x15, 0x35, 0x35, 0x33, 0x15,
    0x35, 0x35, 0x33, 0x15, 0x03, 0x84, 0x64, 0x64, 0xfc, 0x7c, 0xc8, 0xc8, 0x02, 0x58, 0x64, 0xfe,
    0xd4, 0x64, 0x64, 0x64, 0x04, 0x4c, 0xfb, 0xb4, 0x64, 0x64, 0x64, 0x03, 0x84, 0x64, 0xfe, 0x0c,
    0x01, 0x90, 0xfc, 0xe0, 0x64, 0x64, 0x64, 0x64, 0x64, 0x64, 0xc8, 0xc8, 0x00, 0x05, 0x00, 0x00,
    0x00, 0x00, 0x03, 0xe8, 0x04, 0x4c, 0x00, 0x03, 0x00, 0x07, 0x00, 0x0d, 0x00, 0x19, 0x00, 0x1d,
    0x00, 0x00, 0x01, 0x33, 0x11, 0x23, 0x21, 0x35, 0x21, 0x15, 0x01, 0x35, 0x21, 0x11, 0x23, 0x35,
    0x01, 0x35, 0x21, 0x35, 0x21, 0x11, 0x21, 0x15, 0x21, 0x15, 0x21, 0x11, 0x01, 0x35, 0x33, 0x15,
    0x03, 0x84, 0x64, 0x64, 0xfc, 0x7c, 0x01, 0x90, 0xfe, 0x70, 0x02, 0x58, 0x64, 0x01, 0x90, 0xfc,
    0xe0, 0x03, 0x84, 0xfc, 0xe0, 0x03, 0x20, 0xfc, 0x7c, 0x01, 0x2c, 0x64, 0x04, 0x4c, 0xfe, 0x0c,
    0x64, 0x64, 0x01, 0x90, 0x64, 0xfe, 0xd4, 0xc8, 0xfd, 0x44, 0x64, 0x64, 0xfe, 0xd4, 0x64, 0x64,
    0x01, 0x2c, 0x01, 0x90, 0x64, 0x64, 0x00, 0x07, 0x00, 0x00, 0x00, 0x00, 0x03, 0xe8, 0x04, 0x4c,
    0x00, 0x03, 0x00, 0x07, 0x00, 0x0d, 0x00, 0x11, 0x00, 0x15, 0x00, 0x19, 0x00, 0x1d, 0x00, 0x00,
    0x01, 0x33, 0x11, 0x23, 0x21, 0x35, 0x21, 0x15, 0x01, 0x35, 0x21, 0x11, 0x23, 0x35, 0x01, 0x35,
    0x21, 0x15, 0x13, 0x15, 0x23, 0x35, 0x37, 0x33, 0x15, 0x23, 0x01, 0x11, 0x21, 0x11, 0x03, 0x84,
    0x64, 0x64, 0xfc, 0x7c, 0x01, 0x2c, 0xfe, 0xd4, 0x02, 0x58, 0x64, 0x01, 0x90, 0xfd, 0x44, 0xc8,
    0x64, 0x64, 0x64, 0x64, 0xfe, 0xd4, 0x03, 0x84, 0x04, 0x4c, 0xfd, 0xa8, 0x64, 0x64, 0x01, 0xf4,
    0x64, 0xfe, 0xd4, 0xc8, 0xfc, 0x7c, 0xc8, 0xc8, 0x02, 0x58, 0x64, 0x64, 0x64, 0x64, 0xfd, 0x44,
    0x01, 0x90, 0xfe, 0x70, 0x00, 0x06, 0x00, 0x00, 0x00, 0x00, 0x04, 0x4c, 0x04, 0x4c, 0x00, 0x07,
    0x00, 0x0b, 0x00, 0x15, 0x00, 0x19, 0x00, 0x1d, 0x00, 0x21, 0x00, 0x00, 0x01, 0x33, 0x11, 0x33,
    0x15, 0x23, 0x11, 0x23, 0x25, 0x35, 0x33, 0x15, 0x03, 0x35, 0x21, 0x11, 0x23, 0x11, 0x21, 0x11,
    0x23, 0x11, 0x11, 0x23, 0x11, 0x33, 0x13, 0x35, 0x33, 0x15, 0x37, 0x23, 0x11, 0x33, 0x03, 0x84,
    0x64, 0x64, 0x64, 0x64, 0xfc, 0x7c, 0x64, 0x64, 0x02, 0xbc, 0x64, 0xfe, 0xd4, 0x64, 0x64, 0x64,
    0xc8, 0x64, 0x64, 0x64, 0x64, 0x04, 0x4c, 0xfe, 0x0c, 0x64, 0xfe, 0x0c, 0x64, 0x64, 0x64, 0x03,
    0x84, 0x64, 0xfd, 0xa8, 0x01, 0xf4, 0xfe, 0x0c, 0x01, 0xf4, 0xfc, 0xe0, 0x01, 0x2c, 0xfe, 0x70,
    0x64, 0x64, 0x64, 0x01, 0x2c, 0x00, 0x00, 0x05, 0x00, 0x00, 0x00, 0x00, 0x03, 0xe8, 0x04, 0x4c,
    0x00, 0x11, 0x00, 0x15, 0x00, 0x19, 0x00, 0x1d, 0x00, 0x21, 0x00, 0x00, 0x01, 0x33, 0x11, 0x23,
    0x11, 0x23, 0x15, 0x23, 0x11, 0x21, 0x11, 0x23, 0x11, 0x23, 0x35, 0x21, 0x11, 0x33, 0x01, 0x35,
    0x33, 0x15, 0x37, 0x23, 0x11, 0x33, 0x13, 0x35, 0x33, 0x15, 0x37, 0x23, 0x11, 0x33, 0x03, 0x84,
    0x64, 0x64, 0xc8, 0x64, 0xfe, 0xd4, 0x64, 0xc8, 0x02, 0xbc, 0xc8, 0xfc, 0x7c, 0x64, 0x64, 0x64,
    0x64, 0xc8, 0x64, 0x64, 0x64, 0x64, 0x04, 0x4c, 0xfb, 0xb4, 0x02, 0x58, 0x64, 0x01, 0xf4, 0xfe,
    0x0c, 0x01, 0xf4, 0x64, 0xfe, 0x70, 0xfd, 0xa8, 0x64, 0x64, 0x64, 0x01, 0x2c, 0xfe, 0x70, 0x64,
    0x64, 0x64, 0x01, 0x2c, 0x00, 0x04, 0x00, 0x00, 0x00, 0x00, 0x03, 0xe8, 0x04, 0x4c, 0x00, 0x03,
    0x00, 0x17, 0x00, 0x1b, 0x00, 0x23, 0x00, 0x00, 0x01, 0x33, 0x11, 0x23, 0x25, 0x35, 0x33, 0x11,
    0x23, 0x35, 0x21, 0x11, 0x21, 0x11, 0x23, 0x35, 0x21, 0x11, 0x33, 0x15, 0x21, 0x15, 0x23, 0x35,
    0x01, 0x35, 0x21, 0x15, 0x25, 0x35, 0x33, 0x11, 0x21, 0x11, 0x33, 0x15, 0x03, 0x84, 0x64, 0x64,
    0xfc, 0x7c, 0xc8, 0xc8, 0x01, 0x2c, 0x01, 0x2c, 0xc8, 0x01, 0x2c, 0x64, 0xfe, 0xd4, 0x64, 0x01,
    0xf4, 0xfd, 0x44, 0x02, 0xbc, 0x64, 0xfc, 0x7c, 0x64, 0x04, 0x4c, 0xfd, 0xa8, 0x64, 0x64, 0x01,
    0x2c, 0x64, 0xfe, 0x70, 0x01, 0x2c, 0x64, 0xfe, 0x70, 0x64, 0xc8, 0xc8, 0xfe, 0x0c, 0x64, 0x64,
    0xc8, 0x64, 0xfe, 0x70, 0x01, 0x90, 0x64, 0x00, 0x00, 0x02, 0x00, 0x00, 0x00, 0x00, 0x04, 0x4c,
    0x04, 0x4c, 0x00, 0x0f, 0x00, 0x1b, 0x00, 0x00, 0x11, 0x35, 0x21, 0x11, 0x21, 0x35, 0x21, 0x11,
    0x21, 0x11, 0x21, 0x35, 0x21, 0x11, 0x33, 0x15, 0x03, 0x35, 0x21, 0x35, 0x21, 0x11, 0x21, 0x15,
    0x21, 0x15, 0x21, 0x11, 0x01, 0x90, 0xfe, 0xd4, 0x01, 0x90, 0x01, 0x90, 0xfe, 0xd4, 0x01, 0x90,
    0x64, 0xc8, 0xfc, 0xe0, 0x03, 0x84, 0xfc, 0xe0, 0x03, 0x20, 0xfc, 0x7c, 0x02, 0x58, 0x64, 0x01,
    0x2c, 0x64, 0xfe, 0x70, 0x01, 0x2c, 0x64, 0xfe, 0x70, 0x64, 0xfe, 0xd4, 0x64, 0x64, 0xfe, 0xd4,
    0x64, 0x64, 0x01, 0x2c, 0x00, 0x02, 0x00, 0x00, 0x00, 0x00, 0x04, 0x4c, 0x04, 0x4c, 0x00, 0x0f,
    0x00, 0x1b, 0x00, 0x00, 0x11, 0x35, 0x21, 0x11, 0x21, 0x35, 0x21, 0x11, 0x21, 0x11, 0x21, 0x35,
    0x21, 0x11, 0x33, 0x15, 0x01, 0x15, 0x21, 0x15, 0x21, 0x11, 0x21, 0x15, 0x21, 0x15, 0x21, 0x15,
    0x01, 0x90, 0xfe, 0xd4, 0x01, 0x90, 0x01, 0x90, 0xfe, 0xd4, 0x01, 0x90, 0x64, 0xfc, 0x7c, 0x03,
    0x20, 0xfc, 0x7c, 0x03, 0x84, 0xfc, 0xe0, 0x03, 0x20, 0x02, 0x58, 0x64, 0x01, 0x2c, 0x64, 0xfe,
    0x70, 0x01, 0x2c, 0x64, 0xfe, 0x70, 0x64, 0xfe, 0x70, 0x64, 0x64, 0x01, 0xf4, 0x64, 0x64, 0x64,
    0x00, 0x02, 0x00, 0x00, 0x00, 0x00, 0x04, 0x4c, 0x04, 0x4c, 0x00, 0x07, 0x00, 0x0d, 0x00, 0x00,
    0x01, 0x33, 0x11, 0x33, 0x15, 0x23, 0x11, 0x23, 0x25, 0x11, 0x33, 0x11, 0x21, 0x15, 0x03, 0x84,
    0x64, 0x64, 0x64, 0x64, 0xfc, 0x7c, 0x64, 0x02, 0x58, 0x04, 0x4c, 0xfe, 0x0c, 0x64, 0xfe, 0x0c,
    0x64, 0x03, 0xe8, 0xfc, 0x7c, 0x64, 0x00, 0x03, 0x00, 0x00, 0x00, 0x00, 0x04, 0x4c, 0x04, 0x4c,
    0x00, 0x07, 0x00, 0x0d, 0x00, 0x13, 0x00, 0x00, 0x01, 0x33, 0x11, 0x33, 0x15, 0x23, 0x11, 0x23,
    0x01, 0x11, 0x21, 0x15, 0x21, 0x11, 0x13, 0x11, 0x33, 0x11, 0x21, 0x15, 0x03, 0x84, 0x64, 0x64,
    0x64, 0x64, 0xfc, 0xe0, 0x02, 0x58, 0xfd, 0x44, 0x64, 0x64, 0x03, 0x20, 0x04, 0x4c, 0xfe, 0xd4,
    0x64, 0xfe, 0x70, 0x03, 0x20, 0xfe, 0x0c, 0x64, 0x02, 0x58, 0xfb, 0xb4, 0x01, 0x90, 0xfe, 0xd4,
    0x64, 0x00, 0x00, 0x03, 0x00, 0x00, 0x00, 0x00, 0x04, 0x4c, 0x04, 0x4c, 0x00, 0x07, 0x00, 0x0d,
    0x00, 0x19, 0x00, 0x00, 0x01, 0x33, 0x15, 0x33, 0x15, 0x23, 0x15, 0x23, 0x21, 0x11, 0x33, 0x11,
    0x21, 0x15, 0x13, 0x35, 0x21, 0x35, 0x21, 0x11, 0x21, 0x15, 0x21, 0x15, 0x21, 0x11, 0x03, 0x84,
    0x64, 0x64, 0x64, 0x64, 0xfc, 0x7c, 0x64, 0x02, 0x58, 0xc8, 0xfc, 0xe0, 0x03, 0x84, 0xfc, 0xe0,
    0x03, 0x20, 0xfc, 0x7c, 0x04, 0x4c, 0xc8, 0x64, 0xc8, 0x01, 0xf4, 0xfe, 0x70, 0x64, 0xfe, 0xd4,
    0x64, 0x64, 0xfe, 0xd4, 0x64, 0x64, 0x01, 0x2c, 0x00, 0x04, 0x00, 0x00, 0x00, 0x00, 0x04, 0x4c,
    0x04, 0x4c, 0x00, 0x07, 0x00, 0x0d, 0x00, 0x11, 0x00, 0x15, 0x00, 0x00, 0x01, 0x33, 0x15, 0x33,
    0x15, 0x23, 0x11, 0x23, 0x01, 0x11, 0x21, 0x15, 0x21, 0x11, 0x01, 0x35, 0x21, 0x15, 0x07, 0x11,
    0x21, 0x11, 0x03, 0x84, 0x64, 0x64, 0x64, 0x64, 0xfc, 0xe0, 0x02, 0x58, 0xfd, 0x44, 0x03, 0x84,
    0xfd, 0x44, 0x64, 0x03, 0x84, 0x04, 0x4c, 0xc8, 0x64, 0xfe, 0xd4, 0x02, 0x58, 0xfe, 0x0c, 0x64,
    0x02, 0x58, 0xfc, 0x18, 0xc8, 0xc8, 0x64, 0x01, 0x90, 0xfe, 0x70, 0x00, 0x00, 0x07, 0x00, 0x00,
    0x00, 0x00, 0x04, 0x4c, 0x04, 0x4c, 0x00, 0x07, 0x00, 0x0d, 0x00, 0x11, 0x00, 0x19, 0x00, 0x1d,
    0x00, 0x21, 0x00, 0x25, 0x00, 0x00, 0x01, 0x33, 0x15, 0x33, 0x15, 0x23, 0x11, 0x23, 0x21, 0x11,
    0x33, 0x11, 0x21, 0x15, 0x03, 0x33, 0x15, 0x23, 0x35, 0x15, 0x23, 0x35, 0x21, 0x35, 0x21, 0x15,
    0x07, 0x33, 0x15, 0x23, 0x21, 0x35, 0x33, 0x15, 0x35, 0x35, 0x33, 0x15, 0x03, 0x84, 0x64, 0x64,
    0x64, 0x64, 0xfc, 0x7c, 0x64, 0x02, 0x58, 0x64, 0xc8, 0xc8, 0x64, 0xfe, 0x70, 0x03, 0x84, 0xc8,
    0xc8, 0xc8, 0xfd, 0x44, 0xc8, 0xc8, 0x04, 0x4c, 0xc8, 0x64, 0xfe, 0xd4, 0x02, 0x58, 0xfe, 0x0c,
    0x64, 0xfe, 0xd4, 0x64, 0xc8, 0x64, 0x64, 0x64, 0x64, 0xc8, 0x64, 0x64, 0x64, 0x64, 0x64, 0x64,
    0x00, 0x02, 0x00, 0x00, 0x00, 0x00, 0x03, 0xe8, 0x04, 0x4c, 0x00, 0x0b, 0x00, 0x11, 0x00, 0x00,
    0x01, 0x33, 0x11, 0x23, 0x11, 0x23, 0x11, 0x23, 0x11, 0x33, 0x11, 0x33, 0x01, 0x11, 0x33, 0x11,
    0x21, 0x15, 0x03, 0x84, 0x64, 0x64, 0x64, 0x64, 0x64, 0x64, 0xfc, 0x7c, 0x64, 0x01, 0xf4, 0x04,
    0x4c, 0xfb, 0xb4, 0x01, 0xf4, 0xfe, 0x0c, 0x04, 0x4c, 0xfe, 0x0c, 0xfe, 0x0c, 0x03, 0xe8, 0xfc,
    0x7c, 0x64, 0x00, 0x04, 0x00, 0x00, 0x00, 0x00, 0x04, 0x4c, 0x04, 0x4c, 0x00, 0x19, 0x00, 0x1d,
    0x00, 0x21, 0x00, 0x25, 0x00, 0x00, 0x11, 0x35, 0x21, 0x35, 0x21, 0x11, 0x33, 0x11, 0x21, 0x15,
    0x21, 0x15, 0x21, 0x15, 0x21, 0x15, 0x21, 0x15, 0x23, 0x15, 0x21, 0x35, 0x23, 0x35, 0x21, 0x35,
    0x01, 0x15, 0x23, 0x35, 0x05, 0x35, 0x33, 0x15, 0x21, 0x15, 0x21, 0x35, 0x01, 0xf4, 0xfe, 0x70,
    0x64, 0x03, 0x20, 0xfe, 0x70, 0x01, 0xf4, 0xfe, 0x0c, 0x01, 0x90, 0xc8, 0xfe, 0x0c, 0xc8, 0x01,
    0x90, 0x01, 0x90, 0x64, 0xfd, 0xa8, 0x64, 0x01, 0xf4, 0xfe, 0x0c, 0x01, 0xf4, 0x64, 0x64, 0x01,
    0x90, 0xfe, 0xd4, 0x64, 0x64, 0x64, 0x64, 0x64, 0x64, 0x64, 0x64, 0x64, 0xfe, 0xd4, 0x64, 0x64,
    0x64, 0x64, 0x64, 0x64, 0x64, 0x00, 0x00, 0x02, 0x00, 0x00, 0x00, 0x64, 0x04, 0x4c, 0x04, 0x4c,
    0x00, 0x03, 0x00, 0x09, 0x00, 0x00, 0x35, 0x35, 0x21, 0x15, 0x01, 0x33, 0x11, 0x21, 0x15, 0x21,
    0x04, 0x4c, 0xfc, 0x18, 0x64, 0x03, 0x20, 0xfc, 0x7c, 0x64, 0x64, 0x64, 0x03, 0xe8, 0xfd, 0xa8,
    0x64, 0x00, 0x00, 0x03, 0x00, 0x00, 0x00, 0x00, 0x04, 0x4c, 0x04, 0x4c, 0x00, 0x05, 0x00, 0x09,
    0x00, 0x0f, 0x00, 0x00, 0x13, 0x33, 0x11, 0x21, 0x15, 0x21, 0x07, 0x35, 0x21, 0x15, 0x01, 0x11,
    0x33, 0x11, 0x21, 0x15, 0x64, 0x64, 0x03, 0x20, 0xfc, 0x7c, 0x64, 0x04, 0x4c, 0xfc, 0x18, 0x64,
    0x03, 0x20, 0x04, 0x4c, 0xfe, 0xd4, 0x64, 0xc8, 0x64, 0x64, 0xfe, 0x0c, 0x01, 0x90, 0xfe, 0xd4,
    0x64, 0x00, 0x00, 0x06, 0x00, 0x00, 0x00, 0x00, 0x04, 0x4c, 0x04, 0x4c, 0x00, 0x05, 0x00, 0x09,
    0x00, 0x0d, 0x00, 0x11, 0x00, 0x15, 0x00, 0x19, 0x00, 0x00, 0x13, 0x33, 0x11, 0x21, 0x15, 0x21,
    0x07, 0x35, 0x21, 0x15, 0x03, 0x15, 0x21, 0x35, 0x23, 0x35, 0x33, 0x15, 0x01, 0x15, 0x21, 0x35,
    0x05, 0x33, 0x15, 0x23, 0x64, 0x64, 0x03, 0x20, 0xfc, 0x7c, 0x64, 0x04, 0x4c, 0xc8, 0xfd, 0x44,
    0x64, 0x64, 0x02, 0xbc, 0xfd, 0x44, 0x02, 0xbc, 0x64, 0x64, 0x04, 0x4c, 0xfe, 0xd4, 0x64, 0xc8,
    0x64, 0x64, 0xfe, 0x70, 0x64, 0x64, 0xc8, 0xc8, 0x01, 0x2c, 0x64, 0x64, 0x64, 0xc8, 0x00, 0x02,
    0x00, 0x00, 0x00, 0x00, 0x03, 0xe8, 0x04, 0x4c, 0x00, 0x03, 0x00, 0x09, 0x00, 0x00, 0x01, 0x33,
    0x11, 0x23, 0x25, 0x11, 0x33, 0x11, 0x21, 0x15, 0x03, 0x84, 0x64, 0x64, 0xfc, 0x7c, 0x64, 0x02,
    0x58, 0x04, 0x4c, 0xfb, 0xb4, 0x64, 0x03, 0xe8, 0xfc, 0x7c, 0x64, 0x00, 0x00, 0x02, 0x00, 0x00,
    0x00, 0x00, 0x04, 0x4c, 0x04, 0x4c, 0x00, 0x07, 0x00, 0x0f, 0x00, 0x00, 0x01, 0x33, 0x11, 0x33,
    0x15, 0x23, 0x11, 0x23, 0x25, 0x11, 0x21, 0x15, 0x21, 0x11, 0x21, 0x15, 0x03, 0x84, 0x64, 0x64,
    0x64, 0x64, 0xfc, 0x7c, 0x02, 0xbc, 0xfd, 0xa8, 0x02, 0x58, 0x04, 0x4c, 0xfe, 0x0c, 0x64, 0xfe,
    0x0c, 0x64, 0x03, 0xe8, 0x64, 0xfc, 0xe0, 0x64, 0x00, 0x03, 0x00, 0x00, 0x00, 0x00, 0x04, 0x4c,
    0x04, 0x4c, 0x00, 0x07, 0x00, 0x0f, 0x00, 0x15, 0x00, 0x00, 0x01, 0x33, 0x15, 0x33, 0x15, 0x23,
    0x11, 0x23, 0x21, 0x11, 0x21, 0x15, 0x21, 0x11, 0x21, 0x15, 0x01, 0x11, 0x21, 0x35, 0x21, 0x11,
    0x03, 0x84, 0x64, 0x64, 0x64, 0x64, 0xfc, 0x7c, 0x02, 0x58, 0xfe, 0x0c, 0x01, 0xf4, 0x01, 0x2c,
    0xfc, 0xe0, 0x03, 0x84, 0x04, 0x4c, 0xc8, 0x64, 0xfe, 0xd4, 0x02, 0x58, 0x64, 0xfe, 0x70, 0x64,
    0xfe, 0x0c, 0x01, 0x2c, 0x64, 0xfe, 0x70, 0x00, 0x00, 0x03, 0x00, 0x00, 0x00, 0x00, 0x04, 0x4c,
    0x04, 0x4c, 0x00, 0x07, 0x00, 0x0f, 0x00, 0x15, 0x00, 0x00, 0x01, 0x33, 0x11, 0x33, 0x15, 0x23,
    0x11, 0x23, 0x25, 0x11, 0x21, 0x15, 0x21, 0x11, 0x21, 0x15, 0x01, 0x11, 0x33, 0x11, 0x21, 0x15,
    0x03, 0x84, 0x64, 0x64, 0x64, 0x64, 0xfc, 0x7c, 0x02, 0x58, 0xfe, 0x0c, 0x01, 0xf4, 0xfe, 0x0c,
    0x64, 0x03, 0x20, 0x04, 0x4c, 0xfe, 0xd4, 0x64, 0xfe, 0x70, 0xc8, 0x02, 0x58, 0x64, 0xfe, 0x70,
    0x64, 0xfe, 0x0c, 0x01, 0x90, 0xfe, 0xd4, 0x64, 0x00, 0x03, 0x00, 0x00, 0x00, 0x00, 0x04, 0x4c,
    0x04, 0x4c, 0x00, 0x07, 0x00, 0x0f, 0x00, 0x1b, 0x00, 0x00, 0x01, 0x33, 0x15, 0x33, 0x15, 0x23,
    0x15, 0x23, 0x21, 0x11, 0x21, 0x15, 0x21, 0x11, 0x21, 0x15, 0x01, 0x35, 0x21, 0x35, 0x21, 0x11,
    0x21, 0x15, 0x21, 0x15, 0x21, 0x11, 0x03, 0x84, 0x64, 0x64, 0x64, 0x64, 0xfc, 0x7c, 0x02, 0x58,
    0xfe, 0x0c, 0x01, 0xf4, 0x01, 0x2c, 0xfc, 0xe0, 0x03, 0x84, 0xfc, 0xe0, 0x03, 0x20, 0xfc, 0x7c,
    0x04, 0x4c, 0xc8, 0x64, 0xc8, 0x01, 0xf4, 0x64, 0xfe, 0xd4, 0x64, 0xfe, 0xd4, 0x64, 0x64, 0xfe,
    0xd4, 0x64, 0x64, 0x01, 0x2c, 0x00, 0x00, 0x06, 0x00, 0x00, 0x00, 0x00, 0x04, 0x4c, 0x04, 0x4c,
    0x00, 0x07, 0x00, 0x0f, 0x00, 0x13, 0x00, 0x17, 0x00, 0x1b, 0x00, 0x1f, 0x00, 0x00, 0x01, 0x33,
    0x15, 0x33, 0x15, 0x23, 0x11, 0x23, 0x21, 0x11, 0x21, 0x15, 0x21, 0x11, 0x21, 0x15, 0x01, 0x15,
    0x21, 0x35, 0x01, 0x15, 0x21, 0x35, 0x05, 0x33, 0x15, 0x23, 0x21, 0x23, 0x35, 0x33, 0x03, 0x84,
    0x64, 0x64, 0x64, 0x64, 0xfc, 0x7c, 0x02, 0x58, 0xfe, 0x0c, 0x01, 0xf4, 0x01, 0x2c, 0xfd, 0x44,
    0x02, 0xbc, 0xfd, 0x44, 0x02, 0xbc, 0x64, 0x64, 0xfd, 0x44, 0x64, 0x64, 0x04, 0x4c, 0xc8, 0x64,
    0xfe, 0xd4, 0x02, 0x58, 0x64, 0xfe, 0x70, 0x64, 0xfe, 0x70, 0x64, 0x64, 0x01, 0x2c, 0x64, 0x64,
    0x64, 0xc8, 0xc8, 0x00, 0x00, 0x02, 0x00, 0x00, 0x00, 0x00, 0x03, 0xe8, 0x04, 0x4c, 0x00, 0x0b,
    0x00, 0x13, 0x00, 0x00, 0x01, 0x33, 0x11, 0x23, 0x11, 0x23, 0x11, 0x23, 0x11, 0x33, 0x11, 0x33,
    0x01, 0x11, 0x21, 0x15, 0x21, 0x11, 0x21, 0x15, 0x03, 0x84, 0x64, 0x64, 0x64, 0x64, 0x64, 0x64,
    0xfc, 0x7c, 0x02, 0x58, 0xfe, 0x0c, 0x01, 0xf4, 0x04, 0x4c, 0xfb, 0xb4, 0x01, 0xf4, 0xfe, 0x0c,
    0x04, 0x4c, 0xfe, 0x0c, 0xfe, 0x0c, 0x03, 0xe8, 0x64, 0xfc, 0xe0, 0x64, 0x00, 0x03, 0x00, 0x00,
    0x00, 0x00, 0x03, 0xe8, 0x04, 0x4c, 0x00, 0x03, 0x00, 0x0b, 0x00, 0x13, 0x00, 0x00, 0x01, 0x33,
    0x11, 0x23, 0x25, 0x11, 0x21, 0x15, 0x21, 0x11, 0x21, 0x15, 0x05, 0x23, 0x11, 0x21, 0x35, 0x21,
    0x11, 0x33, 0x03, 0x84, 0x64, 0x64, 0xfc, 0x7c, 0x01, 0xf4, 0xfe, 0x70, 0x01, 0x90, 0x01, 0x2c,
    0x64, 0xfe, 0xd4, 0x01, 0x2c, 0x64, 0x04, 0x4c, 0xfb, 0xb4, 0x64, 0x03, 0xe8, 0x64, 0xfc, 0xe0,
    0x64, 0x64, 0x02, 0x58, 0x64, 0x01, 0x90, 0x00, 0x00, 0x01, 0x00, 0x00, 0x00, 0x64, 0x04, 0x4c,
    0x04, 0x4c, 0x00, 0x0f, 0x00, 0x00, 0x35, 0x35, 0x21, 0x35, 0x21, 0x11, 0x21, 0x15, 0x21, 0x11,
    0x21, 0x15, 0x21, 0x15, 0x21, 0x15, 0x01, 0xf4, 0xfe, 0x70, 0x03, 0x84, 0xfc, 0xe0, 0x03, 0x20,
    0xfe, 0x70, 0x01, 0xf4, 0x64, 0x64, 0xc8, 0x02, 0xbc, 0x64, 0xfe, 0x0c, 0x64, 0xc8, 0x64, 0x00,
    0x00, 0x02, 0x00, 0x00, 0x00, 0x00, 0x04, 0x4c, 0x04, 0x4c, 0x00, 0x0f, 0x00, 0x1b, 0x00, 0x00,
    0x11, 0x35, 0x21, 0x35, 0x21, 0x11, 0x21, 0x15, 0x21, 0x15, 0x21, 0x15, 0x21, 0x15, 0x21, 0x15,
    0x03, 0x35, 0x21, 0x35, 0x21, 0x11, 0x21, 0x15, 0x21, 0x15, 0x21, 0x11, 0x01, 0xf4, 0xfe, 0x70,
    0x03, 0x84, 0xfc, 0xe0, 0x03, 0x20, 0xfe, 0x70, 0x01, 0xf4, 0xc8, 0xfc, 0xe0, 0x03, 0x84, 0xfc,
    0xe0, 0x03, 0x20, 0xfc, 0x7c, 0x02, 0x58, 0x64, 0x64, 0x01, 0x2c, 0x64, 0x64, 0x64, 0x64, 0x64,
    0xfe, 0xd4, 0x64, 0x64, 0xfe, 0xd4, 0x64, 0x64, 0x01, 0x2c, 0x00, 0x05, 0x00, 0x00, 0x00, 0x00,
    0x04, 0x4c, 0x04, 0x4c, 0x00, 0x0f, 0x00, 0x13, 0x00, 0x17, 0x00, 0x1b, 0x00, 0x1f, 0x00, 0x00,
    0x11, 0x35, 0x21, 0x35, 0x21, 0x11, 0x21, 0x15, 0x21, 0x15, 0x21, 0x15, 0x21, 0x15, 0x21, 0x15,
    0x03, 0x15, 0x21, 0x35, 0x01, 0x15, 0x21, 0x35, 0x05, 0x33, 0x15, 0x23, 0x21, 0x23, 0x35, 0x33,
    0x01, 0xf4, 0xfe, 0x70, 0x03, 0x84, 0xfc, 0xe0, 0x03, 0x20, 0xfe, 0x70, 0x01, 0xf4, 0xc8, 0xfd,
    0x44, 0x02, 0xbc, 0xfd, 0x44, 0x02, 0xbc, 0x64, 0x64, 0xfd, 0x44, 0x64, 0x64, 0x01, 0xf4, 0x64,
    0x64, 0x01, 0x90, 0x64, 0xc8, 0x64, 0x64, 0x64, 0xfe, 0x70, 0x64, 0x64, 0x01, 0x2c, 0x64, 0x64,
    0x64, 0xc8, 0xc8, 0x00, 0x00, 0x04, 0x00, 0x00, 0x00, 0x00, 0x03, 0xe8, 0x04, 0x4c, 0x00, 0x03,
    0x00, 0x13, 0x00, 0x17, 0x00, 0x1f, 0x00, 0x00, 0x01, 0x33, 0x11, 0x23, 0x21, 0x35, 0x21, 0x35,
    0x21, 0x11, 0x21, 0x15, 0x21, 0x15, 0x21, 0x15, 0x23, 0x15, 0x21, 0x15, 0x13, 0x35, 0x21, 0x15,
    0x25, 0x35, 0x33, 0x11, 0x21, 0x11, 0x33, 0x15, 0x03, 0x84, 0x64, 0x64, 0xfc, 0x7c, 0x01, 0x90,
    0xfe, 0xd4, 0x02, 0x58, 0xfe, 0x0c, 0x01, 0xf4, 0xc8, 0x01, 0x2c, 0x64, 0xfd, 0x44, 0x02, 0xbc,
    0x64, 0xfc, 0x7c, 0x64, 0x04, 0x4c, 0xfd, 0xa8, 0x64, 0x64, 0x01, 0x90, 0x64, 0xc8, 0x64, 0x64,
    0x64, 0xfe, 0x70, 0x64, 0x64, 0xc8, 0x64, 0xfe, 0x70, 0x01, 0x90, 0x64, 0x00, 0x03, 0x00, 0x00,
    0x00, 0x00, 0x03, 0xe8, 0x04, 0x4c, 0x00, 0x03, 0x00, 0x0b, 0x00, 0x13, 0x00, 0x00, 0x01, 0x33,
    0x11, 0x23, 0x01, 0x21, 0x15, 0x21, 0x11, 0x21, 0x15, 0x21, 0x07, 0x35, 0x21, 0x15, 0x21, 0x11,
    0x23, 0x11, 0x03, 0x84, 0x64, 0x64, 0xfc, 0xe0, 0x02, 0x58, 0xfe, 0x0c, 0x01, 0xf4, 0xfd, 0xa8,
    0x64, 0x03, 0x20, 0xfe, 0xd4, 0x64, 0x04, 0x4c, 0xfb, 0xb4, 0x04, 0x4c, 0x64, 0xfe, 0xd4, 0x64,
    0xc8, 0x64, 0x64, 0xfe, 0x70, 0x01, 0x90, 0x00, 0x00, 0x02, 0x00, 0x00, 0x00, 0x64, 0x04, 0x4c,
    0x04, 0x4c, 0x00, 0x03, 0x00, 0x0b, 0x00, 0x00, 0x35, 0x35, 0x21, 0x15, 0x01, 0x21, 0x15, 0x21,
    0x11, 0x21, 0x15, 0x21, 0x04, 0x4c, 0xfc, 0x18, 0x03, 0x84, 0xfc, 0xe0, 0x03, 0x20, 0xfc, 0x7c,
    0x64, 0x64, 0x64, 0x03, 0xe8, 0x64, 0xfe, 0x0c, 0x64, 0x00, 0x00, 0x03, 0x00, 0x00, 0x00, 0x00,
    0x04, 0x4c, 0x04, 0x4c, 0x00, 0x07, 0x00, 0x0b, 0x00, 0x11, 0x00, 0x00, 0x13, 0x21, 0x15, 0x21,
    0x15, 0x21, 0x15, 0x21, 0x07, 0x35, 0x21, 0x15, 0x03, 0x11, 0x21, 0x35, 0x21, 0x11, 0x64, 0x03,
    0x84, 0xfc, 0xe0, 0x03, 0x20, 0xfc, 0x7c, 0x64, 0x04, 0x4c, 0xc8, 0xfc, 0xe0, 0x03, 0x84, 0x04,
    0x4c, 0x64, 0xc8, 0x64, 0xc8, 0x64, 0x64, 0xfe, 0x0c, 0x01, 0x2c, 0x64, 0xfe, 0x70, 0x00, 0x07,
    0x00, 0x00, 0x00, 0x00, 0x03, 0xe8, 0x04, 0x4c, 0x00, 0x03, 0x00, 0x0b, 0x00, 0x0f, 0x00, 0x17,
    0x00, 0x1b, 0x00, 0x1f, 0x00, 0x23, 0x00, 0x00, 0x01, 0x33, 0x11, 0x23, 0x21, 0x11, 0x21, 0x15,
    0x21, 0x11, 0x21, 0x15, 0x03, 0x33, 0x15, 0x23, 0x35, 0x15, 0x23, 0x35, 0x21, 0x35, 0x21, 0x15,
    0x07, 0x33, 0x15, 0x23, 0x21, 0x35, 0x33, 0x15, 0x35, 0x35, 0x33, 0x15, 0x03, 0x84, 0x64, 0x64,
    0xfc, 0x7c, 0x02, 0xbc, 0xfd, 0xa8, 0x02, 0x58, 0x64, 0xc8, 0xc8, 0x64, 0xfe, 0x70, 0x03, 0x84,
    0xc8, 0xc8, 0xc8, 0xfd, 0x44, 0xc8, 0xc8, 0x04, 0x4c, 0xfd, 0xa8, 0x02, 0x58, 0x64, 0xfe, 0x70,
    0x64, 0xfe, 0xd4, 0x64, 0xc8, 0x64, 0x64, 0x64, 0x64, 0xc8, 0x64, 0x64, 0x64, 0x64, 0x64, 0x64,
    0x00, 0x03, 0x00, 0x00, 0x00, 0x00, 0x03, 0xe8, 0x04, 0x4c, 0x00, 0x07, 0x00, 0x13, 0x00, 0x17,
    0x00, 0x00, 0x35, 0x11, 0x21, 0x15, 0x23, 0x11, 0x33, 0x15, 0x17, 0x23, 0x11, 0x33, 0x11, 0x33,
    0x11, 0x33, 0x11, 0x23, 0x11, 0x23, 0x01, 0x33, 0x11, 0x23, 0x02, 0x58, 0xc8, 0xc8, 0xc8, 0x64,
    0x64, 0x64, 0x64, 0x64, 0x64, 0xfd, 0x44, 0xc8, 0xc8, 0x64, 0x03, 0xe8, 0x64, 0xfc, 0xe0, 0x64,
    0x64, 0x04, 0x4c, 0xfe, 0x0c, 0x01, 0xf4, 0xfb, 0xb4, 0x01, 0xf4, 0xfe, 0xd4, 0x03, 0x20, 0x00,
    0x00, 0x03, 0x00, 0x00, 0x00, 0x00, 0x03, 0xe8, 0x04, 0x4c, 0x00, 0x07, 0x00, 0x0f, 0x00, 0x13,
    0x00, 0x00, 0x01, 0x33, 0x11, 0x23, 0x11, 0x21, 0x35, 0x21, 0x01, 0x11, 0x21, 0x15, 0x21, 0x11,
    0x21, 0x15, 0x25, 0x21, 0x11, 0x21, 0x03, 0x84, 0x64, 0x64, 0xfe, 0xd4, 0x01, 0x2c, 0xfc, 0x7c,
    0x03, 0x20, 0xfe, 0xd4, 0x01, 0x2c, 0xfd, 0x44, 0x01, 0x2c, 0xfe, 0xd4, 0x04, 0x4c, 0xfb, 0xb4,
    0x02, 0x58, 0x64, 0xfd, 0xa8, 0x03, 0xe8, 0x64, 0xfc, 0xe0, 0x64, 0x64, 0x03, 0x20, 0x00, 0x02,
    0x00, 0x00, 0x00, 0x64, 0x04, 0x4c, 0x04, 0x4c, 0x00, 0x0f, 0x00, 0x13, 0x00, 0x00, 0x35, 0x35,
    0x21, 0x35, 0x21, 0x11, 0x21, 0x15, 0x21, 0x11, 0x21, 0x15, 0x21, 0x15, 0x21, 0x15, 0x01, 0x21,
    0x11, 0x21, 0x01, 0xf4, 0xfe, 0x70, 0x03, 0x84, 0xfe, 0x70, 0x01, 0x90, 0xfe, 0x70, 0x01, 0xf4,
    0xfc, 0x7c, 0x01, 0x2c, 0xfe, 0xd4, 0x64, 0x64, 0xc8, 0x02, 0xbc, 0x64, 0xfe, 0x0c, 0x64, 0xc8,
    0x64, 0x01, 0x90, 0x01, 0xf4, 0x00, 0x00, 0x02, 0x00, 0x00, 0x00, 0x00, 0x04, 0x4c, 0x04, 0x4c,
    0x00, 0x07, 0x00, 0x13, 0x00, 0x00, 0x01, 0x33, 0x11, 0x33, 0x15, 0x23, 0x11, 0x23, 0x25, 0x11,
    0x21, 0x11, 0x21, 0x35, 0x21, 0x11, 0x21, 0x11, 0x21, 0x15, 0x03, 0x84, 0x64, 0x64, 0x64, 0x64,
    0xfc, 0x7c, 0x01, 0xf4, 0xfe, 0x0c, 0x02, 0x58, 0xfe, 0x0c, 0x02, 0x58, 0x04, 0x4c, 0xfe, 0x0c,
    0x64, 0xfe, 0x0c, 0x64, 0x02, 0x58, 0x01, 0x2c, 0x64, 0xfe, 0x0c, 0xfe, 0x70, 0x64, 0x00, 0x02,
    0x00, 0x00, 0x00, 0x00, 0x03, 0xe8, 0x04, 0x4c, 0x00, 0x0b, 0x00, 0x17, 0x00, 0x00, 0x35, 0x11,
    0x21, 0x11, 0x21, 0x35, 0x21, 0x11, 0x21, 0x11, 0x21, 0x15, 0x17, 0x23, 0x11, 0x33, 0x11, 0x33,
    0x11, 0x33, 0x11, 0x23, 0x11, 0x23, 0x01, 0xf4, 0xfe, 0x0c, 0x02, 0x58, 0xfe, 0x0c, 0x01, 0xf4,
    0xc8, 0x64, 0x64, 0x64, 0x64, 0x64, 0x64, 0x64, 0x02, 0x58, 0x01, 0x2c, 0x64, 0xfe, 0x0c, 0xfe,
    0x70, 0x64, 0x64, 0x04, 0x4c, 0xfe, 0x0c, 0x01, 0xf4, 0xfb, 0xb4, 0x01, 0xf4, 0x00, 0x00, 0x03,
    0x00, 0x00, 0x00, 0x00, 0x03, 0xe8, 0x04, 0x4c, 0x00, 0x0b, 0x00, 0x13, 0x00, 0x17, 0x00, 0x00,
    0x35, 0x11, 0x21, 0x11, 0x21, 0x35, 0x21, 0x11, 0x21, 0x11, 0x21, 0x15, 0x05, 0x23, 0x11, 0x23,
    0x35, 0x33, 0x11, 0x3b, 0x02, 0x11, 0x23, 0x01, 0x90, 0xfe, 0x70, 0x01, 0xf4, 0xfe, 0x70, 0x01,
    0x90, 0x01, 0x2c, 0x64, 0xc8, 0xc8, 0x64, 0x64, 0x64, 0x64, 0x64, 0x02, 0x58, 0x01, 0x2c, 0x64,
    0xfe, 0x0c, 0xfe, 0x70, 0x64, 0x64, 0x01, 0xf4, 0x64, 0x01, 0xf4, 0xfb, 0xb4, 0x00, 0x00, 0x03,
    0x00, 0x00, 0x00, 0x00, 0x03, 0xe8, 0x04, 0x4c, 0x00, 0x0b, 0x00, 0x17, 0x00, 0x1d, 0x00, 0x00,
    0x01, 0x33, 0x11, 0x23, 0x35, 0x23, 0x35, 0x33, 0x35, 0x23, 0x35, 0x33, 0x01, 0x11, 0x21, 0x35,
    0x21, 0x35, 0x21, 0x11, 0x21, 0x15, 0x21, 0x15, 0x13, 0x11, 0x21, 0x35, 0x21, 0x11, 0x03, 0x84,
    0x64, 0x64, 0xc8, 0xc8, 0xc8, 0xc8, 0xfc, 0x7c, 0x01, 0xf4, 0xfe, 0x0c, 0x02, 0x58, 0xfe, 0x0c,
    0x02, 0x58, 0xc8, 0xfc, 0xe0, 0x03, 0x84, 0x04, 0x4c, 0xfd, 0xa8, 0xc8, 0x64, 0x64, 0x64, 0xfe,
    0x0c, 0x01, 0x90, 0x64, 0x64, 0xfe, 0xd4, 0xc8, 0x64, 0xfe, 0x0c, 0x01, 0x2c, 0x64, 0xfe, 0x70,
    0x00, 0x02, 0x00, 0x00, 0x00, 0x00, 0x03, 0xe8, 0x04, 0x4c, 0x00, 0x17, 0x00, 0x1b, 0x00, 0x00,
    0x35, 0x11, 0x21, 0x11, 0x21, 0x35, 0x21, 0x11, 0x33, 0x11, 0x33, 0x11, 0x23, 0x11, 0x23, 0x35,
    0x33, 0x35, 0x23, 0x15, 0x21, 0x11, 0x21, 0x15, 0x01, 0x33, 0x11, 0x23, 0x01, 0x90, 0xfe, 0x70,
    0x01, 0xf4, 0xc8, 0x64, 0x64, 0xc8, 0xc8, 0xc8, 0xfe, 0x70, 0x01, 0x90, 0x01, 0x90, 0x64, 0x64,
    0x64, 0x02, 0x58, 0x01, 0x2c, 0x64, 0xfe, 0xd4, 0x01, 0x2c, 0xfb, 0xb4, 0x01, 0x90, 0x64, 0xc8,
    0x64, 0xfe, 0x70, 0x64, 0x03, 0xe8, 0xfb, 0xb4, 0x00, 0x01, 0x00, 0x00, 0x00, 0x64, 0x04, 0x4c,
    0x04, 0x4c, 0x00, 0x13, 0x00, 0x00, 0x35, 0x35, 0x21, 0x35, 0x21, 0x11, 0x21, 0x35, 0x21, 0x35,
    0x21, 0x11, 0x21, 0x15, 0x21, 0x15, 0x21, 0x15, 0x21, 0x15, 0x01, 0xf4, 0xfe, 0x70, 0x03, 0x20,
    0xfc, 0xe0, 0x03, 0x84, 0xfc, 0xe0, 0x03, 0x20, 0xfe, 0x70, 0x01, 0xf4, 0x64, 0x64, 0xc8, 0x01,
    0x90, 0xc8, 0x64, 0xfe, 0x70, 0xc8, 0x64, 0xc8, 0x64, 0x00, 0x00, 0x02, 0x00, 0x00, 0x00, 0x00,
    0x04, 0x4c, 0x04, 0x4c, 0x00, 0x13, 0x00, 0x19, 0x00, 0x00, 0x11, 0x35, 0x21, 0x35, 0x21, 0x11,
    0x21, 0x35, 0x21, 0x35, 0x21, 0x11, 0x21, 0x15, 0x21, 0x15, 0x21, 0x15, 0x21, 0x15, 0x07, 0x21,
    0x35, 0x21, 0x11, 0x23, 0x01, 0xf4, 0xfe, 0x70, 0x03, 0x20, 0xfc, 0xe0, 0x03, 0x84, 0xfc, 0xe0,
    0x03, 0x20, 0xfe, 0x70, 0x01, 0xf4, 0xc8, 0xfc, 0xe0, 0x03, 0x84, 0x64, 0x01, 0x90, 0x64, 0x64,
    0x01, 0x2c, 0x64, 0x64, 0xfe, 0xd4, 0x64, 0x64, 0x64, 0x64, 0xc8, 0x64, 0xfe, 0xd4, 0x00, 0x02,
    0x00, 0x00, 0x00, 0x64, 0x04, 0x4c, 0x04, 0x4c, 0x00, 0x13, 0x00, 0x17, 0x00, 0x00, 0x35, 0x35,
    0x21, 0x35, 0x23, 0x11, 0x21, 0x35, 0x21, 0x35, 0x21, 0x11, 0x21, 0x15, 0x21, 0x15, 0x23, 0x15,
    0x21, 0x15, 0x25, 0x21, 0x35, 0x21, 0x01, 0x2c, 0xc8, 0x03, 0x20, 0xfc, 0xe0, 0x03, 0x84, 0xfc,
    0xe0, 0x03, 0x20, 0xc8, 0x01, 0x2c, 0xfd, 0x44, 0x01, 0x2c, 0xfe, 0xd4, 0x64, 0x64, 0xc8, 0x01,
    0x90, 0xc8, 0x64, 0xfe, 0x70, 0xc8, 0x64, 0xc8, 0x64, 0x64, 0xc8, 0x00, 0x00, 0x02, 0x00, 0x00,
    0x00, 0x00, 0x04, 0x4c, 0x04, 0x4c, 0x00, 0x0b, 0x00, 0x17, 0x00, 0x00, 0x21, 0x23, 0x11, 0x21,
    0x11, 0x23, 0x11, 0x21, 0x35, 0x21, 0x15, 0x21, 0x01, 0x21, 0x11, 0x21, 0x15, 0x21, 0x15, 0x21,
    0x11, 0x21, 0x35, 0x21, 0x03, 0x20, 0x64, 0xfe, 0xd4, 0x64, 0xfe, 0xd4, 0x04, 0x4c, 0xfe, 0xd4,
    0xfd, 0x44, 0x03, 0x84, 0xfc, 0xe0, 0x03, 0x20, 0xfc, 0x7c, 0x03, 0x20, 0xfc, 0xe0, 0x01, 0x90,
    0xfe, 0x70, 0x01, 0x90, 0x64, 0x64, 0x02, 0xbc, 0xfe, 0xd4, 0x64, 0x64, 0x01, 0x2c, 0x64, 0x00,
    0x00, 0x02, 0x00, 0x00, 0x00, 0x00, 0x04, 0x4c, 0x04, 0x4c, 0x00, 0x1d, 0x00, 0x21, 0x00, 0x00,
    0x11, 0x35, 0x33, 0x35, 0x21, 0x35, 0x21, 0x35, 0x21, 0x11, 0x21, 0x15, 0x21, 0x15, 0x21, 0x15,
    0x33, 0x11, 0x21, 0x15, 0x21, 0x15, 0x21, 0x11, 0x21, 0x35, 0x21, 0x35, 0x33, 0x35, 0x17, 0x21,
    0x35, 0x21, 0x64, 0x03, 0x20, 0xfc, 0xe0, 0x03, 0x84, 0xfc, 0xe0, 0x03, 0x84, 0xfe, 0xd4, 0xc8,
    0xfc, 0xe0, 0x03, 0x20, 0xfc, 0x7c, 0x03, 0x20, 0xfc, 0xe0, 0xc8, 0x64, 0x01, 0x2c, 0xfe, 0xd4,
    0x02, 0x58, 0x64, 0xc8, 0x64, 0x64, 0xfe, 0xd4, 0x64, 0x64, 0x64, 0xfe, 0xd4, 0x64, 0x64, 0x01,
    0x2c, 0x64, 0x64, 0x64, 0x64, 0x64, 0x00, 0x02, 0x00, 0x00, 0x00, 0x64, 0x04, 0x4c, 0x04, 0x4c,
    0x00, 0x03, 0x00, 0x0f, 0x00, 0x00, 0x35, 0x35, 0x21, 0x15, 0x01, 0x21, 0x11, 0x21, 0x15, 0x21,
    0x15, 0x21, 0x11, 0x21, 0x35, 0x21, 0x04, 0x4c, 0xfc, 0x18, 0x03, 0x84, 0xfc, 0xe0, 0x03, 0x20,
    0xfc, 0x7c, 0x03, 0x20, 0xfc, 0xe0, 0x64, 0x64, 0x64, 0x03, 0xe8, 0xfe, 0x70, 0xc8, 0x64, 0x01,
    0x90, 0xc8, 0x00, 0x02, 0x00, 0x00, 0x00, 0x00, 0x04, 0x4c, 0x04, 0x4c, 0x00, 0x0d, 0x00, 0x19,
    0x00, 0x00, 0x11, 0x35, 0x33, 0x35, 0x21, 0x35, 0x21, 0x35, 0x21, 0x11, 0x21, 0x15, 0x21, 0x15,
    0x03, 0x35, 0x21, 0x35, 0x21, 0x11, 0x21, 0x15, 0x21, 0x15, 0x21, 0x11, 0x64, 0x03, 0x20, 0xfc,
    0xe0, 0x03, 0x84, 0xfc, 0xe0, 0x03, 0x84, 0xc8, 0xfc, 0xe0, 0x03, 0x84, 0xfc, 0xe0, 0x03, 0x20,
    0xfc, 0x7c, 0x02, 0x58, 0x64, 0xc8, 0x64, 0x64, 0xfe, 0xd4, 0x64, 0x64, 0xfe, 0xd4, 0x64, 0x64,
    0xfe, 0xd4, 0x64, 0x64, 0x01, 0x2c, 0x00, 0x04, 0x00, 0x00, 0x00, 0x00, 0x04, 0x4c, 0x04, 0x4c,
    0x00, 0x07, 0x00, 0x0b, 0x00, 0x0f, 0x00, 0x1b, 0x00, 0x00, 0x11, 0x35, 0x21, 0x15, 0x23, 0x11,
    0x21, 0x11, 0x01, 0x35, 0x21, 0x15, 0x25, 0x35, 0x21, 0x15, 0x01, 0x35, 0x21, 0x35, 0x21, 0x11,
    0x21, 0x15, 0x21, 0x15, 0x21, 0x11, 0x04, 0x4c, 0x64, 0xfc, 0x7c, 0x03, 0x20, 0xfd, 0x44, 0x02,
    0xbc, 0xfd, 0x44, 0x02, 0xbc, 0xfc, 0xe0, 0x03, 0x84, 0xfc, 0xe0, 0x03, 0x20, 0xfc, 0x7c, 0x01,
    0x90, 0x64, 0x64, 0xfe, 0x70, 0x01, 0x90, 0xfe, 0xd4, 0x64, 0x64, 0xc8, 0x64, 0x64, 0x02, 0x58,
    0x64, 0x64, 0xfe, 0xd4, 0x64, 0x64, 0x01, 0x2c, 0x00, 0x02, 0x00, 0x00, 0x00, 0x00, 0x03, 0xe8,
    0x04, 0x4c, 0x00, 0x03, 0x00, 0x0f, 0x00, 0x00, 0x01, 0x33, 0x11, 0x23, 0x25, 0x11, 0x21, 0x11,
    0x21, 0x35, 0x21, 0x11, 0x21, 0x11, 0x21, 0x15, 0x03, 0x84, 0x64, 0x64, 0xfc, 0x7c, 0x01, 0xf4,
    0xfe, 0x0c, 0x02, 0x58, 0xfe, 0x0c, 0x02, 0x58, 0x04, 0x4c, 0xfb, 0xb4, 0x64, 0x02, 0x58, 0x01,
    0x2c, 0x64, 0xfe, 0x0c, 0xfe, 0x70, 0x64, 0x00, 0x00, 0x03, 0x00, 0x00, 0x00, 0x00, 0x03, 0xe8,
    0x04, 0x4c, 0x00, 0x03, 0x00, 0x0f, 0x00, 0x15, 0x00, 0x00, 0x01, 0x33, 0x11, 0x23, 0x21, 0x11,
    0x21, 0x35, 0x21, 0x35, 0x21, 0x11, 0x21, 0x15, 0x21, 0x15, 0x13, 0x11, 0x21, 0x35, 0x21, 0x11,
    0x03, 0x84, 0x64, 0x64, 0xfc, 0x7c, 0x01, 0xf4, 0xfe, 0x0c, 0x02, 0x58, 0xfe, 0x0c, 0x02, 0x58,
    0xc8, 0xfc, 0xe0, 0x03, 0x84, 0x04, 0x4c, 0xfd, 0xa8, 0x01, 0x90, 0x64, 0x64, 0xfe, 0xd4, 0xc8,
    0x64, 0xfe, 0x0c, 0x01, 0x2c, 0x64, 0xfe, 0x70, 0x00, 0x03, 0x00, 0x00, 0x00, 0x00, 0x03, 0xe8,
    0x04, 0x4c, 0x00, 0x03, 0x00, 0x0f, 0x00, 0x15, 0x00, 0x00, 0x01, 0x33, 0x11, 0x23, 0x25, 0x11,
    0x21, 0x35, 0x21, 0x35, 0x21, 0x11, 0x21, 0x15, 0x21, 0x15, 0x01, 0x11, 0x33, 0x11, 0x21, 0x15,
    0x03, 0x84, 0x64, 0x64, 0xfc, 0x7c, 0x01, 0xf4, 0xfe, 0x0c, 0x02, 0x58, 0xfe, 0x0c, 0x02, 0x58,
    0xfd, 0xa8, 0x64, 0x03, 0x20, 0x04, 0x4c, 0xfc, 0xe0, 0xc8, 0x01, 0x90, 0x64, 0x64, 0xfe, 0xd4,
    0xc8, 0x64, 0xfe, 0x0c, 0x01, 0x90, 0xfe, 0xd4, 0x64, 0x00, 0x00, 0x03, 0x00, 0x00, 0x00, 0x00,
    0x04, 0x4c, 0x04, 0x4c, 0x00, 0x07, 0x00, 0x0b, 0x00, 0x0f, 0x00, 0x00, 0x01, 0x33, 0x11, 0x33,
    0x15, 0x23, 0x11, 0x23, 0x25, 0x11, 0x21, 0x11, 0x25, 0x21, 0x11, 0x21, 0x03, 0x84, 0x64, 0x64,
    0x64, 0x64, 0xfc, 0x7c, 0x02, 0xbc, 0xfd, 0xa8, 0x01, 0xf4, 0xfe, 0x0c, 0x04, 0x4c, 0xfe, 0x0c,
    0x64, 0xfe, 0x0c, 0x64, 0x03, 0xe8, 0xfc, 0x18, 0x64, 0x03, 0x20, 0x00, 0x00, 0x04, 0x00, 0x00,
    0x00, 0x00, 0x04, 0x4c, 0x04, 0x4c, 0x00, 0x07, 0x00, 0x0b, 0x00, 0x11, 0x00, 0x15, 0x00, 0x00,
    0x01, 0x33, 0x15, 0x33, 0x15, 0x23, 0x11, 0x23, 0x21, 0x11, 0x21, 0x11, 0x01, 0x11, 0x21, 0x35,
    0x21, 0x11, 0x01, 0x21, 0x11, 0x21, 0x03, 0x84, 0x64, 0x64, 0x64, 0x64, 0xfc, 0x7c, 0x02, 0x58,
    0x01, 0x2c, 0xfc, 0xe0, 0x03, 0x84, 0xfc, 0x7c, 0x01, 0x90, 0xfe, 0x70, 0x04, 0x4c, 0xc8, 0x64,
    0xfe, 0xd4, 0x02, 0x58, 0xfd, 0xa8, 0xfe, 0x0c, 0x01, 0x2c, 0x64, 0xfe, 0x70, 0x02, 0x58, 0x01,
    0x90, 0x00, 0x00, 0x04, 0x00, 0x00, 0x00, 0x00, 0x04, 0x4c, 0x04, 0x4c, 0x00, 0x07, 0x00, 0x0b,
    0x00, 0x11, 0x00, 0x15, 0x00, 0x00, 0x01, 0x33, 0x11, 0x33, 0x15, 0x23, 0x11, 0x23, 0x25, 0x11,
    0x21, 0x11, 0x01, 0x11, 0x33, 0x11, 0x21, 0x15, 0x01, 0x21, 0x11, 0x21, 0x03, 0x84, 0x64, 0x64,
    0x64, 0x64, 0xfc, 0x7c, 0x02, 0x58, 0xfe, 0x0c, 0x64, 0x03, 0x20, 0xfc, 0x7c, 0x01, 0x90, 0xfe,
    0x70, 0x04, 0x4c, 0xfe, 0xd4, 0x64, 0xfe, 0x70, 0xc8, 0x02, 0x58, 0xfd, 0xa8, 0xfe, 0x0c, 0x01,
    0x90, 0xfe, 0xd4, 0x64, 0x02, 0x58, 0x01, 0x90, 0x00, 0x02, 0x00, 0x00, 0x00, 0x00, 0x03, 0xe8,
    0x04, 0x4c, 0x00, 0x0b, 0x00, 0x0f, 0x00, 0x00, 0x01, 0x33, 0x11, 0x23, 0x11, 0x23, 0x11, 0x21,
    0x11, 0x21, 0x11, 0x33, 0x01, 0x21, 0x11, 0x21, 0x03, 0x84, 0x64, 0x64, 0xc8, 0xfd, 0x44, 0x02,
    0xbc, 0xc8, 0xfc, 0xe0, 0x01, 0xf4, 0xfe, 0x0c, 0x04, 0x4c, 0xfb, 0xb4, 0x02, 0x58, 0xfe, 0x0c,
    0x03, 0xe8, 0xfe, 0x70, 0xfe, 0x0c, 0x03, 0x20, 0x00, 0x04, 0x00, 0x00, 0x00, 0x00, 0x03, 0xe8,
    0x04, 0x4c, 0x00, 0x07, 0x00, 0x0b, 0x00, 0x11, 0x00, 0x15, 0x00, 0x00, 0x01, 0x33, 0x11, 0x23,
    0x11, 0x23, 0x35, 0x33, 0x01, 0x11, 0x21, 0x11, 0x01, 0x11, 0x33, 0x11, 0x21, 0x15, 0x01, 0x21,
    0x11, 0x21, 0x03, 0x84, 0x64, 0x64, 0xc8, 0xc8, 0xfc, 0x7c, 0x02, 0x58, 0xfe, 0x0c, 0x64, 0x03,
    0x20, 0xfc, 0x7c, 0x01, 0x90, 0xfe, 0x70, 0x04, 0x4c, 0xfc, 0xe0, 0x01, 0x90, 0x64, 0xfe, 0xd4,
    0x02, 0x58, 0xfd, 0xa8, 0xfe, 0x0c, 0x01, 0x90, 0xfe, 0xd4, 0x64, 0x02, 0x58, 0x01, 0x90, 0x00,
    0x00, 0x04, 0x00, 0x00, 0x00, 0x00, 0x03, 0xe8, 0x04, 0x4c, 0x00, 0x07, 0x00, 0x0b, 0x00, 0x17,
    0x00, 0x1b, 0x00, 0x00, 0x01, 0x33, 0x11, 0x23, 0x35, 0x23, 0x35, 0x33, 0x01, 0x11, 0x21, 0x11,
    0x01, 0x35, 0x21, 0x35, 0x21, 0x11, 0x21, 0x15, 0x21, 0x15, 0x21, 0x11, 0x11, 0x21, 0x11, 0x21,
    0x03, 0x84, 0x64, 0x64, 0xc8, 0xc8, 0xfc, 0x7c, 0x02, 0x58, 0x01, 0x2c, 0xfc, 0xe0, 0x03, 0x84,
    0xfc, 0xe0, 0x03, 0x20, 0xfc, 0x7c, 0x01, 0x90, 0xfe, 0x70, 0x04, 0x4c, 0xfe, 0x0c, 0xc8, 0x64,
    0xfe, 0xd4, 0x01, 0xf4, 0xfe, 0x0c, 0xfe, 0xd4, 0x64, 0x64, 0xfe, 0xd4, 0x64, 0x64, 0x01, 0x2c,
    0x01, 0x90, 0x01, 0x2c, 0x00, 0x04, 0x00, 0x00, 0x00, 0x00, 0x03, 0xe8, 0x04, 0x4c, 0x00, 0x0b,
    0x00, 0x0f, 0x00, 0x15, 0x00, 0x19, 0x00, 0x00, 0x01, 0x33, 0x11, 0x23, 0x11, 0x23, 0x35, 0x33,
    0x35, 0x23, 0x35, 0x33, 0x01, 0x11, 0x21, 0x11, 0x01, 0x21, 0x15, 0x21, 0x11, 0x33, 0x27, 0x21,
    0x11, 0x21, 0x03, 0x84, 0x64, 0x64, 0xc8, 0xc8, 0xc8, 0xc8, 0xfc, 0x7c, 0x02, 0x58, 0xfe, 0x70,
    0x03, 0x20, 0xfc, 0x7c, 0x64, 0x64, 0x01, 0x90, 0xfe, 0x70, 0x04, 0x4c, 0xfc, 0xe0, 0x01, 0x2c,
    0x64, 0x64, 0x64, 0xfe, 0x70, 0x02, 0x58, 0xfd, 0xa8, 0xfe, 0x70, 0x64, 0x01, 0x90, 0xc8, 0x01,
    0x90, 0x00, 0x00, 0x07, 0x00, 0x00, 0x00, 0x00, 0x03, 0xe8, 0x04, 0x4c, 0x00, 0x0b, 0x00, 0x0f,
    0x00, 0x13, 0x00, 0x17, 0x00, 0x1b, 0x00, 0x1f, 0x00, 0x23, 0x00, 0x00, 0x01, 0x33, 0x11, 0x23,
    0x35, 0x23, 0x35, 0x33, 0x35, 0x23, 0x35, 0x33, 0x01, 0x11, 0x21, 0x11, 0x01, 0x15, 0x21, 0x35,
    0x01, 0x15, 0x21, 0x35, 0x05, 0x33, 0x15, 0x23, 0x21, 0x23, 0x35, 0x33, 0x03, 0x21, 0x11, 0x21,
    0x03, 0x84, 0x64, 0x64, 0xc8, 0xc8, 0xc8, 0xc8, 0xfc, 0x7c, 0x02, 0x58, 0x01, 0x2c, 0xfd, 0x44,
    0x02, 0xbc, 0xfd, 0x44, 0x02, 0xbc, 0x64, 0x64, 0xfd, 0x44, 0x64, 0x64, 0x64, 0x01, 0x90, 0xfe,
    0x70, 0x04, 0x4c, 0xfd, 0xa8, 0xc8, 0x64, 0x64, 0x64, 0xfe, 0x0c, 0x02, 0x58, 0xfd, 0xa8, 0xfe,
    0x70, 0x64, 0x64, 0x01, 0x2c, 0x64, 0x64, 0x64, 0xc8, 0xc8, 0x01, 0x2c, 0x01, 0x90, 0x00, 0x02,
    0x00, 0x00, 0x00, 0x64, 0x04, 0x4c, 0x04, 0x4c, 0x00, 0x0b, 0x00, 0x0f, 0x00, 0x00, 0x35, 0x35,
    0x21, 0x35, 0x21, 0x11, 0x21, 0x11, 0x21, 0x15, 0x21, 0x15, 0x03, 0x11, 0x21, 0x11, 0x01, 0xf4,
    0xfe, 0x70, 0x03, 0x84, 0xfe, 0x70, 0x01, 0xf4, 0xc8, 0xfd, 0x44, 0x64, 0x64, 0xc8, 0x02, 0xbc,
    0xfd, 0x44, 0xc8, 0x64, 0x01, 0x90, 0x01, 0xf4, 0xfe, 0x0c, 0x00, 0x04, 0x00, 0x00, 0x00, 0x00,
    0x04, 0x4c, 0x04, 0x4c, 0x00, 0x0b, 0x00, 0x0f, 0x00, 0x13, 0x00, 0x17, 0x00, 0x00, 0x13, 0x21,
    0x11, 0x21, 0x15, 0x21, 0x15, 0x21, 0x35, 0x21, 0x35, 0x21, 0x11, 0x11, 0x21, 0x11, 0x27, 0x35,
    0x21, 0x15, 0x01, 0x21, 0x15, 0x21, 0x64, 0x03, 0x84, 0xfe, 0x70, 0x01, 0xf4, 0xfb, 0xb4, 0x01,
    0xf4, 0xfe, 0x70, 0x03, 0x84, 0x64, 0xfd, 0x44, 0x02, 0xbc, 0xfd, 0x44, 0x02, 0xbc, 0x04, 0x4c,
    0xfe, 0x70, 0x64, 0x64, 0x64, 0x64, 0xfd, 0x44, 0x01, 0x90, 0xfe, 0x70, 0x64, 0xc8, 0xc8, 0x03,
    0x84, 0xc8, 0x00, 0x03, 0x00, 0x00, 0x00, 0x00, 0x04, 0x4c, 0x04, 0x4c, 0x00, 0x03, 0x00, 0x0b,
    0x00, 0x0f, 0x00, 0x00, 0x13, 0x21, 0x11, 0x21, 0x07, 0x35, 0x21, 0x15, 0x21, 0x11, 0x23, 0x11,
    0x01, 0x11, 0x21, 0x11, 0x64, 0x03, 0x84, 0xfc, 0x7c, 0x64, 0x04, 0x4c, 0xfe, 0x0c, 0x64, 0x01,
    0x90, 0xfd, 0x44, 0x04, 0x4c, 0xfe, 0x0c, 0xc8, 0x64, 0x64, 0xfe, 0x70, 0x01, 0x90, 0x01, 0x2c,
    0x01, 0x2c, 0xfe, 0xd4, 0x00, 0x03, 0x00, 0x00, 0x00, 0x00, 0x03, 0xe8, 0x04, 0x4c, 0x00, 0x03,
    0x00, 0x07, 0x00, 0x0b, 0x00, 0x00, 0x01, 0x33, 0x11, 0x23, 0x25, 0x11, 0x21, 0x11, 0x25, 0x21,
    0x11, 0x21, 0x03, 0x84, 0x64, 0x64, 0xfc, 0x7c, 0x02, 0xbc, 0xfd, 0xa8, 0x01, 0xf4, 0xfe, 0x0c,
    0x04, 0x4c, 0xfb, 0xb4, 0x64, 0x03, 0xe8, 0xfc, 0x18, 0x64, 0x03, 0x20, 0x00, 0x03, 0x00, 0x00,
    0x00, 0x00, 0x04, 0x4c, 0x04, 0x4c, 0x00, 0x07, 0x00, 0x0f, 0x00, 0x13, 0x00, 0x00, 0x01, 0x33,
    0x11, 0x33, 0x15, 0x23, 0x11, 0x23, 0x25, 0x11, 0x33, 0x11, 0x21, 0x11, 0x33, 0x11, 0x25, 0x21,
    0x11, 0x21, 0x03, 0x84, 0x64, 0x64, 0x64, 0x64, 0xfc, 0x7c, 0x64, 0x01, 0xf4, 0x64, 0xfd, 0xa8,
    0x01, 0xf4, 0xfe, 0x0c, 0x04, 0x4c, 0xfe, 0x0c, 0x64, 0xfe, 0x0c, 0x64, 0x03, 0xe8, 0xfe, 0x70,
    0x01, 0x90, 0xfc, 0x18, 0x64, 0x01, 0x90, 0x00, 0x00, 0x04, 0x00, 0x00, 0x00, 0x00, 0x04, 0x4c,
    0x04, 0x4c, 0x00, 0x07, 0x00, 0x0f, 0x00, 0x19, 0x00, 0x1d, 0x00, 0x00, 0x01, 0x33, 0x15, 0x33,
    0x15, 0x23, 0x11, 0x23, 0x21, 0x11, 0x33, 0x15, 0x21, 0x35, 0x33, 0x11, 0x01, 0x11, 0x21, 0x11,
    0x23, 0x11, 0x21, 0x35, 0x21, 0x11, 0x01, 0x21, 0x35, 0x21, 0x03, 0x84, 0x64, 0x64, 0x64, 0x64,
    0xfc, 0x7c, 0x64, 0x01, 0x90, 0x64, 0x01, 0x2c, 0xfe, 0xd4, 0x64, 0xfe, 0x70, 0x03, 0x84, 0xfc,
    0x7c, 0x01, 0x90, 0xfe, 0x70, 0x04, 0x4c, 0xc8, 0x64, 0xfe, 0xd4, 0x02, 0x58, 0xc8, 0xc8, 0xfd,
    0xa8, 0xfe, 0x0c, 0x01, 0x2c, 0xfe, 0xd4, 0x01, 0x2c, 0x64, 0xfe, 0x70, 0x02, 0x58, 0xc8, 0x00,
    0x00, 0x04, 0x00, 0x00, 0x00, 0x00, 0x04, 0x4c, 0x04, 0x4c, 0x00, 0x07, 0x00, 0x0f, 0x00, 0x15,
    0x00, 0x19, 0x00, 0x00, 0x01, 0x33, 0x11, 0x33, 0x15, 0x23, 0x11, 0x23, 0x25, 0x11, 0x33, 0x15,
    0x21, 0x35, 0x33, 0x11, 0x01, 0x21, 0x15, 0x21, 0x11, 0x33, 0x27, 0x21, 0x35, 0x21, 0x03, 0x84,
    0x64, 0x64, 0x64, 0x64, 0xfc, 0x7c, 0x64, 0x01, 0x90, 0x64, 0xfe, 0x70, 0x03, 0x20, 0xfc, 0x7c,
    0x64, 0x64, 0x01, 0x90, 0xfe, 0x70, 0x04, 0x4c, 0xfe, 0xd4, 0x64, 0xfe, 0x70, 0xc8, 0x02, 0x58,
    0xc8, 0xc8, 0xfd, 0xa8, 0xfe, 0x70, 0x64, 0x01, 0x90, 0xc8, 0xc8, 0x00, 0x00, 0x04, 0x00, 0x00,
    0x00, 0x00, 0x04, 0x4c, 0x04, 0x4c, 0x00, 0x07, 0x00, 0x0f, 0x00, 0x1b, 0x00, 0x1f, 0x00, 0x00,
    0x01, 0x33, 0x15, 0x33, 0x15, 0x23, 0x15, 0x23, 0x21, 0x11, 0x33, 0x15, 0x21, 0x35, 0x33, 0x11,
    0x01, 0x35, 0x21, 0x35, 0x21, 0x11, 0x21, 0x15, 0x21, 0x15, 0x21, 0x11, 0x11, 0x21, 0x35, 0x21,
    0x03, 0x84, 0x64, 0x64, 0x64, 0x64, 0xfc, 0x7c, 0x64, 0x01, 0x90, 0x64, 0x01, 0x2c, 0xfc, 0xe0,
    0x03, 0x84, 0xfc, 0xe0, 0x03, 0x20, 0xfc, 0x7c, 0x01, 0x90, 0xfe, 0x70, 0x04, 0x4c, 0xc8, 0x64,
    0xc8, 0x01, 0xf4, 0x64, 0x64, 0xfe, 0x0c, 0xfe, 0xd4, 0x64, 0x64, 0xfe, 0xd4, 0x64, 0x64, 0x01,
    0x2c, 0x01, 0x90, 0xc8, 0x00, 0x07, 0x00, 0x00, 0x00, 0x00, 0x04, 0x4c, 0x04, 0x4c, 0x00, 0x07,
    0x00, 0x0f, 0x00, 0x13, 0x00, 0x17, 0x00, 0x1b, 0x00, 0x1f, 0x00, 0x23, 0x00, 0x00, 0x01, 0x33,
    0x15, 0x33, 0x15, 0x23, 0x11, 0x23, 0x21, 0x11, 0x33, 0x15, 0x21, 0x35, 0x33, 0x11, 0x01, 0x15,
    0x21, 0x35, 0x01, 0x15, 0x21, 0x35, 0x05, 0x33, 0x15, 0x23, 0x21, 0x23, 0x35, 0x33, 0x03, 0x21,
    0x35, 0x21, 0x03, 0x84, 0x64, 0x64, 0x64, 0x64, 0xfc, 0x7c, 0x64, 0x01, 0x90, 0x64, 0x01, 0x2c,
    0xfd, 0x44, 0x02, 0xbc, 0xfd, 0x44, 0x02, 0xbc, 0x64, 0x64, 0xfd, 0x44, 0x64, 0x64, 0x64, 0x01,
    0x90, 0xfe, 0x70, 0x04, 0x4c, 0xc8, 0x64, 0xfe, 0xd4, 0x02, 0x58, 0xc8, 0xc8, 0xfd, 0xa8, 0xfe,
    0x70, 0x64, 0x64, 0x01, 0x2c, 0x64, 0x64, 0x64, 0xc8, 0xc8, 0x01, 0x2c, 0xc8, 0x00, 0x00, 0x03,
    0x00, 0x00, 0x00, 0x00, 0x03, 0xe8, 0x04, 0x4c, 0x00, 0x07, 0x00, 0x13, 0x00, 0x17, 0x00, 0x00,
    0x35, 0x11, 0x33, 0x11, 0x21, 0x11, 0x33, 0x11, 0x17, 0x23, 0x11, 0x33, 0x11, 0x33, 0x11, 0x33,
    0x11, 0x23, 0x11, 0x23, 0x01, 0x21, 0x11, 0x21, 0x64, 0x01, 0x90, 0x64, 0xc8, 0x64, 0x64, 0x64,
    0x64, 0x64, 0x64, 0xfd, 0x44, 0x01, 0x90, 0xfe, 0x70, 0x64, 0x03, 0xe8, 0xfe, 0x70, 0x01, 0x90,
    0xfc, 0x18, 0x64, 0x04, 0x4c, 0xfe, 0x0c, 0x01, 0xf4, 0xfb, 0xb4, 0x01, 0xf4, 0xfe, 0xd4, 0x01,
    0x90, 0x00, 0x00, 0x04, 0x00, 0x00, 0x00, 0x00, 0x03, 0xe8, 0x04, 0x4c, 0x00, 0x07, 0x00, 0x0f,
    0x00, 0x15, 0x00, 0x19, 0x00, 0x00, 0x01, 0x33, 0x11, 0x23, 0x11, 0x23, 0x35, 0x33, 0x01, 0x11,
    0x33, 0x15, 0x21, 0x35, 0x33, 0x11, 0x01, 0x21, 0x15, 0x21, 0x11, 0x33, 0x27, 0x21, 0x35, 0x21,
    0x03, 0x84, 0x64, 0x64, 0xc8, 0xc8, 0xfc, 0x7c, 0x64, 0x01, 0x90, 0x64, 0xfe, 0x70, 0x03, 0x20,
    0xfc, 0x7c, 0x64, 0x64, 0x01, 0x90, 0xfe, 0x70, 0x04, 0x4c, 0xfc, 0xe0, 0x01, 0x90, 0x64, 0xfe,
    0xd4, 0x02, 0x58, 0xc8, 0xc8, 0xfd, 0xa8, 0xfe, 0x70, 0x64, 0x01, 0x90, 0xc8, 0xc8, 0x00, 0x05,
    0x00, 0x00, 0x00, 0x00, 0x03, 0xe8, 0x04, 0x4c, 0x00, 0x07, 0x00, 0x0f, 0x00, 0x13, 0x00, 0x1b,
    0x00, 0x1f, 0x00, 0x00, 0x01, 0x33, 0x11, 0x23, 0x11, 0x23, 0x35, 0x33, 0x01, 0x11, 0x33, 0x15,
    0x21, 0x35, 0x33, 0x11, 0x01, 0x35, 0x21, 0x15, 0x25, 0x35, 0x33, 0x11, 0x21, 0x11, 0x33, 0x15,
    0x03, 0x21, 0x35, 0x21, 0x03, 0x84, 0x64, 0x64, 0xc8, 0xc8, 0xfc, 0x7c, 0x64, 0x01, 0x90, 0x64,
    0x01, 0x2c, 0xfd, 0x44, 0x02, 0xbc, 0x64, 0xfc, 0x7c, 0x64, 0x64, 0x01, 0x90, 0xfe, 0x70, 0x04,
    0x4c, 0xfd, 0xa8, 0x01, 0x2c, 0x64, 0xfe, 0x70, 0x02, 0x58, 0xc8, 0xc8, 0xfd, 0xa8, 0xfe, 0x70,
    0x64, 0x64, 0xc8, 0x64, 0xfe, 0x70, 0x01, 0x90, 0x64, 0x01, 0x2c, 0xc8, 0x00, 0x04, 0x00, 0x00,
    0x00, 0x00, 0x03, 0xe8, 0x04, 0x4c, 0x00, 0x0b, 0x00, 0x13, 0x00, 0x19, 0x00, 0x1d, 0x00, 0x00,
    0x01, 0x33, 0x11, 0x23, 0x35, 0x23, 0x35, 0x33, 0x35, 0x23, 0x35, 0x33, 0x01, 0x11, 0x33, 0x15,
    0x21, 0x35, 0x33, 0x11, 0x01, 0x11, 0x21, 0x35, 0x21, 0x11, 0x01, 0x21, 0x35, 0x21, 0x03, 0x84,
    0x64, 0x64, 0xc8, 0xc8, 0xc8, 0xc8, 0xfc, 0x7c, 0x64, 0x01, 0x90, 0x64, 0x01, 0x2c, 0xfc, 0xe0,
    0x03, 0x84, 0xfc, 0x7c, 0x01, 0x90, 0xfe, 0x70, 0x04, 0x4c, 0xfd, 0xa8, 0xc8, 0x64, 0x64, 0x64,
    0xfe, 0x0c, 0x02, 0x58, 0xc8, 0xc8, 0xfd, 0xa8, 0xfe, 0x0c, 0x01, 0x2c, 0x64, 0xfe, 0x70, 0x02,
    0x58, 0xc8, 0x00, 0x04, 0x00, 0x00, 0x00, 0x00, 0x03, 0xe8, 0x04, 0x4c, 0x00, 0x0b, 0x00, 0x13,
    0x00, 0x19, 0x00, 0x1d, 0x00, 0x00, 0x01, 0x33, 0x11, 0x23, 0x11, 0x23, 0x35, 0x33, 0x35, 0x23,
    0x35, 0x33, 0x01, 0x11, 0x33, 0x15, 0x21, 0x35, 0x33, 0x11, 0x01, 0x21, 0x15, 0x21, 0x11, 0x33,
    0x27, 0x21, 0x35, 0x21, 0x03, 0x84, 0x64, 0x64, 0xc8, 0xc8, 0xc8, 0xc8, 0xfc, 0x7c, 0x64, 0x01,
    0x90, 0x64, 0xfe, 0x70, 0x03, 0x20, 0xfc, 0x7c, 0x64, 0x64, 0x01, 0x90, 0xfe, 0x70, 0x04, 0x4c,
    0xfc, 0xe0, 0x01, 0x2c, 0x64, 0x64, 0x64, 0xfe, 0x70, 0x02, 0x58, 0xc8, 0xc8, 0xfd, 0xa8, 0xfe,
    0x70, 0x64, 0x01, 0x90, 0xc8, 0xc8, 0x00, 0x04, 0x00, 0x00, 0x00, 0x00, 0x03, 0xe8, 0x04, 0x4c,
    0x00, 0x0b, 0x00, 0x13, 0x00, 0x1f, 0x00, 0x23, 0x00, 0x00, 0x01, 0x33, 0x11, 0x23, 0x35, 0x23,
    0x35, 0x33, 0x35, 0x23, 0x35, 0x33, 0x01, 0x11, 0x33, 0x15, 0x21, 0x35, 0x33, 0x11, 0x01, 0x35,
    0x21, 0x35, 0x21, 0x11, 0x21, 0x15, 0x21, 0x15, 0x21, 0x11, 0x11, 0x21, 0x35, 0x21, 0x03, 0x84,
    0x64, 0x64, 0xc8, 0xc8, 0xc8, 0xc8, 0xfc, 0x7c, 0x64, 0x01, 0x90, 0x64, 0x01, 0x2c, 0xfc, 0xe0,
    0x03, 0x84, 0xfc, 0xe0, 0x03, 0x20, 0xfc, 0x7c, 0x01, 0x90, 0xfe, 0x70, 0x04, 0x4c, 0xfe, 0x0c,
    0x64, 0x64, 0x64, 0x64, 0xfe, 0x70, 0x01, 0xf4, 0x64, 0x64, 0xfe, 0x0c, 0xfe, 0xd4, 0x64, 0x64,
    0xfe, 0xd4, 0x64, 0x64, 0x01, 0x2c, 0x01, 0x90, 0xc8, 0x00, 0x00, 0x02, 0x00, 0x00, 0x00, 0x64,
    0x04, 0x4c, 0x04, 0x4c, 0x00, 0x0f, 0x00, 0x13, 0x00, 0x00, 0x01, 0x33, 0x11, 0x21, 0x15, 0x21,
    0x15, 0x21, 0x35, 0x21, 0x35, 0x21, 0x11, 0x33, 0x15, 0x21, 0x11, 0x11, 0x21, 0x11, 0x03, 0x84,
    0x64, 0xfe, 0x70, 0x01, 0xf4, 0xfb, 0xb4, 0x01, 0xf4, 0xfe, 0x70, 0x64, 0x02, 0xbc, 0xfd, 0x44,
    0x04, 0x4c, 0xfd, 0x44, 0xc8, 0x64, 0x64, 0xc8, 0x02, 0xbc, 0xc8, 0xfe, 0x70, 0x01, 0x2c, 0xfe,
    0xd4, 0x00, 0x00, 0x03, 0x00, 0x00, 0x00, 0x00, 0x04, 0x4c, 0x04, 0x4c, 0x00, 0x0f, 0x00, 0x15,
    0x00, 0x19, 0x00, 0x00, 0x01, 0x33, 0x11, 0x21, 0x15, 0x21, 0x15, 0x21, 0x35, 0x21, 0x35, 0x21,
    0x11, 0x33, 0x15, 0x21, 0x11, 0x11, 0x21, 0x35, 0x21, 0x11, 0x03, 0x35, 0x21, 0x15, 0x03, 0x84,
    0x64, 0xfe, 0x70, 0x01, 0xf4, 0xfb, 0xb4, 0x01, 0xf4, 0xfe, 0x70, 0x64, 0x02, 0xbc, 0xfc, 0xe0,
    0x03, 0x84, 0x64, 0xfd, 0x44, 0x04, 0x4c, 0xfe, 0x70, 0x64, 0x64, 0x64, 0x64, 0x01, 0x90, 0x64,
    0xfc, 0x18, 0x01, 0x2c, 0x64, 0xfe, 0x70, 0x03, 0x20, 0x64, 0x64, 0x00, 0x00, 0x03, 0x00, 0x00,
    0x00, 0x00, 0x04, 0x4c, 0x04, 0x4c, 0x00, 0x07, 0x00, 0x0f, 0x00, 0x13, 0x00, 0x00, 0x01, 0x33,
    0x11, 0x21, 0x11, 0x33, 0x15, 0x21, 0x01, 0x35, 0x21, 0x15, 0x21, 0x11, 0x23, 0x11, 0x01, 0x35,
    0x21, 0x15, 0x03, 0x84, 0x64, 0xfc, 0x7c, 0x64, 0x02, 0xbc, 0xfc, 0x7c, 0x04, 0x4c, 0xfe, 0x0c,
    0x64, 0x01, 0x90, 0xfd, 0x44, 0x04, 0x4c, 0xfe, 0x0c, 0x01, 0xf4, 0x64, 0xfd, 0xa8, 0x64, 0x64,
    0xfe, 0x70, 0x01, 0x90, 0x01, 0x2c, 0xc8, 0xc8, 0x00, 0x02, 0x00, 0x00, 0x00, 0x00, 0x04, 0x4c,
    0x04, 0x4c, 0x00, 0x1b, 0x00, 0x1f, 0x00, 0x00, 0x01, 0x33, 0x11, 0x33, 0x15, 0x21, 0x15, 0x21,
    0x11, 0x21, 0x15, 0x21, 0x15, 0x21, 0x11, 0x21, 0x35, 0x21, 0x35, 0x21, 0x35, 0x21, 0x35, 0x33,
    0x11, 0x33, 0x15, 0x21, 0x15, 0x35, 0x21, 0x15, 0x03, 0x84, 0x64, 0x64, 0xfe, 0x0c, 0x01, 0x90,
    0xfc, 0xe0, 0x03, 0x20, 0xfc, 0x7c, 0x03, 0x20, 0xfc, 0xe0, 0x01, 0x90, 0xfe, 0x0c, 0x64, 0x64,
    0x02, 0xbc, 0xfd, 0x44, 0x04, 0x4c, 0xfe, 0x70, 0x64, 0x64, 0xfe, 0xd4, 0x64, 0x64, 0x01, 0x2c,
    0x64, 0x64, 0x64, 0x64, 0x01, 0x90, 0x64, 0xc8, 0x64, 0x64, 0x00, 0x03, 0x00, 0x00, 0x00, 0x64,
    0x04, 0x4c, 0x04, 0x4c, 0x00, 0x07, 0x00, 0x0b, 0x00, 0x0f, 0x00, 0x00, 0x01, 0x33, 0x11, 0x21,
    0x11, 0x33, 0x15, 0x21, 0x01, 0x35, 0x21, 0x15, 0x03, 0x11, 0x21, 0x11, 0x03, 0x84, 0x64, 0xfc,
    0x7c, 0x64, 0x02, 0xbc, 0xfc, 0x7c, 0x04, 0x4c, 0xc8, 0xfd, 0x44, 0x04, 0x4c, 0xfd, 0x44, 0x02,
    0xbc, 0xc8, 0xfc, 0xe0, 0x64, 0x64, 0x01, 0x90, 0x01, 0x2c, 0xfe, 0xd4, 0x00, 0x03, 0x00, 0x00,
    0x00, 0x00, 0x03, 0xe8, 0x04, 0x4c, 0x00, 0x03, 0x00, 0x0b, 0x00, 0x0f, 0x00, 0x00, 0x01, 0x33,
    0x11, 0x23, 0x25, 0x11, 0x33, 0x11, 0x21, 0x11, 0x33, 0x11, 0x25, 0x21, 0x11, 0x21, 0x03, 0x84,
    0x64, 0x64, 0xfc, 0x7c, 0x64, 0x01, 0xf4, 0x64, 0xfd, 0xa8, 0x01, 0xf4, 0xfe, 0x0c, 0x04, 0x4c,
    0xfb, 0xb4, 0x64, 0x03, 0xe8, 0xfe, 0x70, 0x01, 0x90, 0xfc, 0x18, 0x64, 0x01, 0x90, 0x00, 0x04,
    0x00, 0x00, 0x00, 0x00, 0x03, 0xe8, 0x04, 0x4c, 0x00, 0x03, 0x00, 0x0b, 0x00, 0x11, 0x00, 0x15,
    0x00, 0x00, 0x01, 0x33, 0x11, 0x23, 0x01, 0x15, 0x21, 0x35, 0x33, 0x11, 0x21, 0x11, 0x13, 0x11,
    0x33, 0x11, 0x21, 0x15, 0x01, 0x21, 0x35, 0x21, 0x03, 0x84, 0x64, 0x64, 0xfc, 0xe0, 0x01, 0x90,
    0x64, 0xfd, 0xa8, 0x64, 0x64, 0x03, 0x20, 0xfc, 0x7c, 0x01, 0x90, 0xfe, 0x70, 0x04, 0x4c, 0xfc,
    0xe0, 0x03, 0x20, 0xc8, 0xc8, 0xfd, 0xa8, 0x02, 0x58, 0xfb, 0xb4, 0x01, 0x90, 0xfe, 0xd4, 0x64,
    0x02, 0x58, 0xc8, 0x00, 0x00, 0x07, 0x00, 0x00, 0x00, 0x00, 0x04, 0x4c, 0x04, 0x4c, 0x00, 0x07,
    0x00, 0x0f, 0x00, 0x13, 0x00, 0x1b, 0x00, 0x1f, 0x00, 0x23, 0x00, 0x2b, 0x00, 0x00, 0x01, 0x33,
    0x11, 0x21, 0x11, 0x33, 0x15, 0x33, 0x01, 0x35, 0x21, 0x35, 0x33, 0x15, 0x21, 0x15, 0x03, 0x35,
    0x21, 0x15, 0x25, 0x35, 0x33, 0x11, 0x21, 0x11, 0x33, 0x15, 0x01, 0x35, 0x23, 0x15, 0x25, 0x15,
    0x33, 0x35, 0x27, 0x33, 0x35, 0x33, 0x11, 0x21, 0x11, 0x33, 0x03, 0x84, 0x64, 0xfe, 0x70, 0x64,
    0xc8, 0xfc, 0x7c, 0x01, 0xf4, 0x64, 0x01, 0xf4, 0xc8, 0xfd, 0x44, 0x02, 0xbc, 0x64, 0xfc, 0x7c,
    0x64, 0x02, 0xbc, 0xc8, 0xfe, 0x0c, 0xc8, 0xc8, 0xc8, 0x64, 0xfe, 0x70, 0x64, 0x04, 0x4c, 0xfe,
    0x70, 0x01, 0x90, 0x64, 0xfe, 0x0c, 0x64, 0x64, 0x64, 0x64, 0xfe, 0x70, 0x64, 0x64, 0xc8, 0x64,
    0xfe, 0x70, 0x01, 0x90, 0x64, 0x01, 0xf4, 0x64, 0x64, 0x64, 0x64, 0x64, 0x64, 0x64, 0xfe, 0x70,
    0x01, 0x90, 0x00, 0x08, 0x00, 0x00, 0x00, 0x00, 0x04, 0x4c, 0x04, 0x4c, 0x00, 0x07, 0x00, 0x0b,
    0x00, 0x0f, 0x00, 0x13, 0x00, 0x17, 0x00, 0x1b, 0x00, 0x1f, 0x00, 0x23, 0x00, 0x00, 0x01, 0x33,
    0x11, 0x33, 0x15, 0x23, 0x11, 0x23, 0x25, 0x35, 0x33, 0x15, 0x37, 0x23, 0x35, 0x33, 0x31, 0x35,
    0x33, 0x15, 0x33, 0x35, 0x33, 0x15, 0x27, 0x23, 0x11, 0x33, 0x13, 0x23, 0x35, 0x33, 0x11, 0x35,
    0x33, 0x15, 0x03, 0x84, 0x64, 0x64, 0x64, 0x64, 0xfc, 0x7c, 0x64, 0x64, 0x64, 0x64, 0x64, 0x64,
    0x64, 0x64, 0x64, 0x64, 0xc8, 0x64, 0x64, 0x64, 0x04, 0x4c, 0xfe, 0x0c, 0x64, 0xfe, 0x0c, 0x64,
    0x64, 0x64, 0x64, 0xc8, 0xc8, 0xc8, 0xc8, 0xc8, 0xc8, 0x01, 0xf4, 0xfc, 0x7c, 0xc8, 0xfe, 0xd4,
    0x64, 0x64, 0x00, 0x09, 0x00, 0x00, 0x00, 0x00, 0x04, 0x4c, 0x04, 0x4c, 0x00, 0x07, 0x00, 0x0b,
    0x00, 0x11, 0x00, 0x15, 0x00, 0x19, 0x00, 0x1d, 0x00, 0x21, 0x00, 0x25, 0x00, 0x29, 0x00, 0x00,
    0x01, 0x33, 0x11, 0x33, 0x15, 0x23, 0x11, 0x23, 0x25, 0x35, 0x33, 0x15, 0x13, 0x21, 0x15, 0x21,
    0x11, 0x33, 0x11, 0x15, 0x23, 0x35, 0x37, 0x33, 0x15, 0x23, 0x33, 0x35, 0x33, 0x15, 0x27, 0x23,
    0x11, 0x33, 0x13, 0x35, 0x33, 0x15, 0x27, 0x15, 0x23, 0x35, 0x03, 0x84, 0x64, 0x64, 0x64, 0x64,
    0xfc, 0x7c, 0x64, 0x64, 0x03, 0x20, 0xfc, 0x7c, 0x64, 0x64, 0x64, 0x64, 0x64, 0xc8, 0x64, 0x64,
    0x64, 0x64, 0xc8, 0x64, 0x64, 0x64, 0x04, 0x4c, 0xfe, 0xd4, 0x64, 0xfe, 0x70, 0xc8, 0x64, 0x64,
    0xfe, 0x70, 0x64, 0x01, 0x90, 0x01, 0x2c, 0x64, 0x64, 0x64, 0x64, 0x64, 0x64, 0x64, 0x01, 0x2c,
    0xfd, 0xa8, 0x64, 0x64, 0xc8, 0x64, 0x64, 0x00, 0x00, 0x09, 0x00, 0x00, 0x00, 0x00, 0x04, 0x4c,
    0x04, 0x4c, 0x00, 0x07, 0x00, 0x0b, 0x00, 0x17, 0x00, 0x1b, 0x00, 0x1f, 0x00, 0x23, 0x00, 0x27,
    0x00, 0x2b, 0x00, 0x2f, 0x00, 0x00, 0x01, 0x33, 0x15, 0x33, 0x15, 0x23, 0x15, 0x23, 0x21, 0x35,
    0x33, 0x15, 0x01, 0x35, 0x21, 0x35, 0x21, 0x11, 0x21, 0x15, 0x21, 0x15, 0x21, 0x11, 0x13, 0x23,
    0x35, 0x33, 0x31, 0x35, 0x33, 0x15, 0x37, 0x33, 0x15, 0x23, 0x11, 0x15, 0x23, 0x35, 0x01, 0x23,
    0x35, 0x33, 0x15, 0x35, 0x33, 0x15, 0x03, 0x84, 0x64, 0x64, 0x64, 0x64, 0xfc, 0x7c, 0x64, 0x03,
    0x20, 0xfc, 0xe0, 0x03, 0x84, 0xfc, 0xe0, 0x03, 0x20, 0xfc, 0x7c, 0x64, 0x64, 0x64, 0x64, 0x64,
    0x64, 0x64, 0x64, 0x01, 0x2c, 0x64, 0x64, 0x64, 0x04, 0x4c, 0xc8, 0x64, 0xc8, 0x64, 0x64, 0xfe,
    0xd4, 0x64, 0x64, 0xfe, 0xd4, 0x64, 0x64, 0x01, 0x2c, 0x01, 0x90, 0x64, 0x64, 0x64, 0x64, 0x64,
    0x01, 0x2c, 0xc8, 0xc8, 0xfe, 0x70, 0x64, 0xc8, 0x64, 0x64, 0x00, 0x0c, 0x00, 0x00, 0x00, 0x00,
    0x04, 0x4c, 0x04, 0x4c, 0x00, 0x07, 0x00, 0x0b, 0x00, 0x0f, 0x00, 0x13, 0x00, 0x17, 0x00, 0x1b,
    0x00, 0x1f, 0x00, 0x23, 0x00, 0x27, 0x00, 0x2b, 0x00, 0x2f, 0x00, 0x33, 0x00, 0x00, 0x01, 0x33,
    0x15, 0x33, 0x15, 0x23, 0x11, 0x23, 0x21, 0x35, 0x33, 0x15, 0x01, 0x15, 0x21, 0x35, 0x01, 0x15,
    0x21, 0x35, 0x05, 0x33, 0x15, 0x23, 0x21, 0x23, 0x35, 0x33, 0x11, 0x15, 0x23, 0x35, 0x37, 0x33,
    0x15, 0x23, 0x33, 0x35, 0x33, 0x15, 0x27, 0x23, 0x11, 0x33, 0x13, 0x35, 0x33, 0x15, 0x27, 0x15,
    0x23, 0x35, 0x03, 0x84, 0x64, 0x64, 0x64, 0x64, 0xfc, 0x7c, 0x64, 0x03, 0x20, 0xfd, 0x44, 0x02,
    0xbc, 0xfd, 0x44, 0x02, 0xbc, 0x64, 0x64, 0xfd, 0x44, 0x64, 0x64, 0x64, 0x64, 0x64, 0x64, 0xc8,
    0x64, 0x64, 0x64, 0x64, 0xc8, 0x64, 0x64, 0x64, 0x04, 0x4c, 0xc8, 0x64, 0xfe, 0xd4, 0x64, 0x64,
    0xfe, 0x70, 0x64, 0x64, 0x01, 0x2c, 0x64, 0x64, 0x64, 0xc8, 0xc8, 0x01, 0x90, 0x64, 0x64, 0x64,
    0x64, 0x64, 0x64, 0x64, 0x01, 0x2c, 0xfd, 0xa8, 0x64, 0x64, 0xc8, 0x64, 0x64, 0x00, 0x00, 0x07,
    0x00, 0x00, 0x00, 0x00, 0x03, 0xe8, 0x04, 0x4c, 0x00, 0x0f, 0x00, 0x13, 0x00, 0x17, 0x00, 0x1b,
    0x00, 0x1f, 0x00, 0x23, 0x00, 0x27, 0x00, 0x00, 0x01, 0x33, 0x11, 0x23, 0x11, 0x23, 0x11, 0x23,
    0x35, 0x23, 0x35, 0x33, 0x11, 0x33, 0x11, 0x33, 0x01, 0x35, 0x33, 0x15, 0x37, 0x23, 0x35, 0x33,
    0x31, 0x35, 0x33, 0x15, 0x33, 0x35, 0x33, 0x15, 0x27, 0x23, 0x11, 0x33, 0x13, 0x23, 0x35, 0x33,
    0x03, 0x84, 0x64, 0x64, 0x64, 0x64, 0x64, 0x64, 0x64, 0x64, 0xfc, 0x7c, 0x64, 0x64, 0x64, 0x64,
    0x64, 0x64, 0x64, 0x64, 0x64, 0x64, 0xc8, 0x64, 0x64, 0x04, 0x4c, 0xfb, 0xb4, 0x01, 0xf4, 0xfe,
    0x0c, 0x64, 0x64, 0x03, 0x84, 0xfe, 0x0c, 0xfe, 0x0c, 0x64, 0x64, 0x64, 0xc8, 0xc8, 0xc8, 0xc8,
    0xc8, 0xc8, 0x01, 0xf4, 0xfc, 0x7c, 0xc8, 0x00, 0x00, 0x08, 0x00, 0x00, 0x00, 0x00, 0x03, 0xe8,
    0x04, 0x4c, 0x00, 0x07, 0x00, 0x0b, 0x00, 0x0f, 0x00, 0x13, 0x00, 0x17, 0x00, 0x1b, 0x00, 0x1f,
    0x00, 0x23, 0x00, 0x00, 0x01, 0x33, 0x11, 0x23, 0x11, 0x23, 0x35, 0x33, 0x01, 0x35, 0x33, 0x15,
    0x37, 0x23, 0x35, 0x33, 0x31, 0x35, 0x33, 0x15, 0x33, 0x35, 0x33, 0x15, 0x27, 0x23, 0x11, 0x33,
    0x13, 0x23, 0x35, 0x33, 0x11, 0x35, 0x33, 0x15, 0x03, 0x84, 0x64, 0x64, 0xc8, 0xc8, 0xfc, 0x7c,
    0x64, 0x64, 0x64, 0x64, 0x64, 0x64, 0x64, 0x64, 0x64, 0x64, 0xc8, 0x64, 0x64, 0x64, 0x04, 0x4c,
    0xfb, 0xb4, 0x02, 0x58, 0x64, 0xfd, 0xa8, 0x64, 0x64, 0x64, 0xc8, 0xc8, 0xc8, 0xc8, 0xc8, 0xc8,
    0x01, 0xf4, 0xfc, 0x7c, 0xc8, 0xfe, 0xd4, 0x64, 0x64, 0x00, 0x00, 0x09, 0x00, 0x00, 0x00, 0x00,
    0x03, 0xe8, 0x04, 0x4c, 0x00, 0x07, 0x00, 0x0b, 0x00, 0x11, 0x00, 0x15, 0x00, 0x19, 0x00, 0x1d,
    0x00, 0x21, 0x00, 0x25, 0x00, 0x29, 0x00, 0x00, 0x01, 0x33, 0x11, 0x23, 0x11, 0x23, 0x35, 0x33,
    0x01, 0x35, 0x33, 0x15, 0x13, 0x21, 0x15, 0x21, 0x11, 0x33, 0x11, 0x15, 0x23, 0x35, 0x37, 0x33,
    0x15, 0x23, 0x33, 0x35, 0x33, 0x15, 0x27, 0x23, 0x11, 0x33, 0x13, 0x35, 0x33, 0x15, 0x27, 0x15,
    0x23, 0x35, 0x03, 0x84, 0x64, 0x64, 0xc8, 0xc8, 0xfc, 0x7c, 0x64, 0x64, 0x03, 0x20, 0xfc, 0x7c,
    0x64, 0x64, 0x64, 0x64, 0x64, 0xc8, 0x64, 0x64, 0x64, 0x64, 0xc8, 0x64, 0x64, 0x64, 0x04, 0x4c,
    0xfc, 0xe0, 0x01, 0xf4, 0x64, 0xfe, 0x70, 0x64, 0x64, 0xfe, 0x70, 0x64, 0x01, 0x90, 0x01, 0x2c,
    0x64, 0x64, 0x64, 0x64, 0x64, 0x64, 0x64, 0x01, 0x2c, 0xfd, 0xa8, 0x64, 0x64, 0xc8, 0x64, 0x64,
    0x00, 0x0c, 0x00, 0x00, 0x00, 0x00, 0x03, 0xe8, 0x04, 0x4c, 0x00, 0x07, 0x00, 0x0b, 0x00, 0x0f,
    0x00, 0x13, 0x00, 0x17, 0x00, 0x1b, 0x00, 0x1f, 0x00, 0x23, 0x00, 0x27, 0x00, 0x2b, 0x00, 0x2f,
    0x00, 0x33, 0x00, 0x00, 0x01, 0x33, 0x11, 0x23, 0x11, 0x23, 0x35, 0x33, 0x01, 0x35, 0x33, 0x15,
    0x01, 0x15, 0x21, 0x35, 0x01, 0x15, 0x21, 0x35, 0x05, 0x33, 0x15, 0x23, 0x21, 0x23, 0x35, 0x33,
    0x11, 0x15, 0x23, 0x35, 0x37, 0x33, 0x15, 0x23, 0x33, 0x35, 0x33, 0x15, 0x27, 0x23, 0x11, 0x33,
    0x13, 0x35, 0x33, 0x15, 0x27, 0x15, 0x23, 0x35, 0x03, 0x84, 0x64, 0x64, 0xc8, 0xc8, 0xfc, 0x7c,
    0x64, 0x03, 0x20, 0xfd, 0x44, 0x02, 0xbc, 0xfd, 0x44, 0x02, 0xbc, 0x64, 0x64, 0xfd, 0x44, 0x64,
    0x64, 0x64, 0x64, 0x64, 0x64, 0xc8, 0x64, 0x64, 0x64, 0x64, 0xc8, 0x64, 0x64, 0x64, 0x04, 0x4c,
    0xfd, 0xa8, 0x01, 0x2c, 0x64, 0xfe, 0x70, 0x64, 0x64, 0xfe, 0x70, 0x64, 0x64, 0x01, 0x2c, 0x64,
    0x64, 0x64, 0xc8, 0xc8, 0x01, 0x90, 0x64, 0x64, 0x64, 0x64, 0x64, 0x64, 0x64, 0x01, 0x2c, 0xfd,
    0xa8, 0x64, 0x64, 0xc8, 0x64, 0x64, 0x00, 0x08, 0x00, 0x00, 0x00, 0x00, 0x03, 0xe8, 0x04, 0x4c,
    0x00, 0x03, 0x00, 0x07, 0x00, 0x0b, 0x00, 0x0f, 0x00, 0x13, 0x00, 0x17, 0x00, 0x1b, 0x00, 0x27,
    0x00, 0x00, 0x01, 0x33, 0x11, 0x23, 0x25, 0x35, 0x33, 0x15, 0x37, 0x23, 0x35, 0x33, 0x31, 0x35,
    0x33, 0x15, 0x33, 0x35, 0x33, 0x15, 0x27, 0x23, 0x11, 0x33, 0x13, 0x23, 0x35, 0x33, 0x11, 0x35,
    0x33, 0x11, 0x23, 0x35, 0x33, 0x11, 0x33, 0x11, 0x23, 0x35, 0x03, 0x84, 0x64, 0x64, 0xfc, 0x7c,
    0x64, 0x64, 0x64, 0x64, 0x64, 0x64, 0x64, 0x64, 0x64, 0x64, 0xc8, 0x64, 0x64, 0x64, 0xc8, 0xc8,
    0x64, 0x64, 0x04, 0x4c, 0xfb, 0xb4, 0x64, 0x64, 0x64, 0x64, 0xc8, 0xc8, 0xc8, 0xc8, 0xc8, 0xc8,
    0x01, 0xf4, 0xfc, 0x7c, 0xc8, 0xfe, 0xd4, 0x64, 0x01, 0x90, 0x64, 0x01, 0x90, 0xfb, 0xb4, 0x64,
    0x00, 0x07, 0x00, 0x00, 0x00, 0x00, 0x04, 0x4c, 0x04, 0x4c, 0x00, 0x07, 0x00, 0x0d, 0x00, 0x11,
    0x00, 0x15, 0x00, 0x19, 0x00, 0x1d, 0x00, 0x21, 0x00, 0x00, 0x11, 0x35, 0x21, 0x35, 0x33, 0x15,
    0x21, 0x15, 0x03, 0x11, 0x21, 0x35, 0x21, 0x11, 0x01, 0x33, 0x15, 0x23, 0x11, 0x15, 0x23, 0x35,
    0x01, 0x35, 0x33, 0x15, 0x21, 0x35, 0x33, 0x15, 0x35, 0x35, 0x33, 0x15, 0x01, 0xf4, 0x64, 0x01,
    0xf4, 0xc8, 0xfc, 0xe0, 0x03, 0x84, 0xfe, 0x70, 0xc8, 0xc8, 0x64, 0x01, 0x2c, 0xc8, 0xfc, 0x7c,
    0xc8, 0xc8, 0x01, 0xf4, 0x64, 0xc8, 0xc8, 0x64, 0xfe, 0x0c, 0x01, 0x2c, 0x64, 0xfe, 0x70, 0x03,
    0x84, 0x64, 0x01, 0x2c, 0xc8, 0xc8, 0xfe, 0x70, 0x64, 0x64, 0x64, 0x64, 0x64, 0x64, 0x64, 0x00,
    0x00, 0x07, 0x00, 0x00, 0x00, 0x00, 0x03, 0xe8, 0x04, 0x4c, 0x00, 0x17, 0x00, 0x1b, 0x00, 0x1f,
    0x00, 0x23, 0x00, 0x27, 0x00, 0x2b, 0x00, 0x2f, 0x00, 0x00, 0x01, 0x33, 0x11, 0x23, 0x11, 0x23,
    0x11, 0x23, 0x35, 0x21, 0x35, 0x21, 0x11, 0x33, 0x11, 0x21, 0x11, 0x23, 0x35, 0x33, 0x11, 0x33,
    0x11, 0x33, 0x05, 0x35, 0x33, 0x15, 0x37, 0x15, 0x23, 0x35, 0x37, 0x33, 0x15, 0x23, 0x33, 0x35,
    0x33, 0x15, 0x27, 0x23, 0x35, 0x33, 0x13, 0x15, 0x23, 0x35, 0x03, 0x84, 0x64, 0x64, 0x64, 0x64,
    0xfd, 0x44, 0x01, 0x2c, 0x64, 0x01, 0x2c, 0x64, 0x64, 0x64, 0x64, 0xfc, 0x7c, 0x64, 0x64, 0x64,
    0x64, 0x64, 0x64, 0xc8, 0x64, 0x64, 0x64, 0x64, 0xc8, 0x64, 0x04, 0x4c, 0xfb, 0xb4, 0x01, 0xf4,
    0xfe, 0x0c, 0x64, 0x64, 0x01, 0x2c, 0xfe, 0xd4, 0x01, 0x2c, 0x64, 0x01, 0xf4, 0xfe, 0x0c, 0x64,
    0x64, 0x64, 0xc8, 0x64, 0x64, 0xc8, 0xc8, 0xc8, 0xc8, 0xc8, 0xc8, 0xfe, 0x70, 0x64, 0x64, 0x00,
    0x00, 0x06, 0x00, 0x00, 0x00, 0x00, 0x04, 0x4c, 0x04, 0x4c, 0x00, 0x07, 0x00, 0x0b, 0x00, 0x0f,
    0x00, 0x13, 0x00, 0x17, 0x00, 0x1b, 0x00, 0x00, 0x11, 0x35, 0x21, 0x15, 0x21, 0x11, 0x23, 0x11,
    0x25, 0x35, 0x33, 0x15, 0x27, 0x15, 0x23, 0x35, 0x05, 0x35, 0x33, 0x15, 0x35, 0x35, 0x33, 0x15,
    0x11, 0x33, 0x15, 0x23, 0x04, 0x4c, 0xfe, 0x0c, 0x64, 0x01, 0x2c, 0xc8, 0xc8, 0xc8, 0xfe, 0x0c,
    0xc8, 0xc8, 0x64, 0x64, 0x01, 0xf4, 0x64, 0x64, 0xfe, 0x0c, 0x01, 0xf4, 0xc8, 0x64, 0x64, 0xc8,
    0x64, 0x64, 0xc8, 0x64, 0x64, 0x64, 0x64, 0x64, 0x01, 0x2c, 0xc8, 0x00, 0x00, 0x0a, 0x00, 0x00,
    0x00, 0x64, 0x04, 0x4c, 0x04, 0x4c, 0x00, 0x03, 0x00, 0x07, 0x00, 0x0b, 0x00, 0x0f, 0x00, 0x13,
    0x00, 0x17, 0x00, 0x1b, 0x00, 0x1f, 0x00, 0x23, 0x00, 0x27, 0x00, 0x00, 0x35, 0x35, 0x21, 0x15,
    0x03, 0x23, 0x35, 0x33, 0x15, 0x35, 0x33, 0x15, 0x25, 0x15, 0x23, 0x35, 0x37, 0x33, 0x15, 0x23,
    0x37, 0x15, 0x23, 0x35, 0x37, 0x33, 0x15, 0x23, 0x33, 0x35, 0x33, 0x15, 0x27, 0x23, 0x11, 0x33,
    0x13, 0x15, 0x23, 0x35, 0x04, 0x4c, 0xc8, 0x64, 0x64, 0x64, 0xfc, 0xe0, 0x64, 0x64, 0x64, 0x64,
    0xc8, 0x64, 0x64, 0x64, 0x64, 0xc8, 0x64, 0x64, 0x64, 0x64, 0xc8, 0x64, 0x64, 0x64, 0x64, 0x01,
    0x90, 0x64, 0xc8, 0x64, 0x64, 0x64, 0x64, 0x64, 0x64, 0x64, 0xc8, 0x64, 0x64, 0x64, 0x64, 0x64,
    0x64, 0x64, 0x01, 0x2c, 0xfe, 0x70, 0x64, 0x64, 0x00, 0x08, 0x00, 0x00, 0x00, 0x00, 0x04, 0x4c,
    0x04, 0x4c, 0x00, 0x03, 0x00, 0x07, 0x00, 0x0f, 0x00, 0x13, 0x00, 0x17, 0x00, 0x1b, 0x00, 0x1f,
    0x00, 0x23, 0x00, 0x00, 0x11, 0x35, 0x21, 0x15, 0x03, 0x35, 0x21, 0x15, 0x25, 0x35, 0x33, 0x11,
    0x21, 0x11, 0x33, 0x15, 0x01, 0x33, 0x15, 0x23, 0x11, 0x15, 0x23, 0x35, 0x01, 0x35, 0x33, 0x15,
    0x21, 0x35, 0x33, 0x15, 0x35, 0x35, 0x33, 0x15, 0x04, 0x4c, 0xc8, 0xfd, 0x44, 0x02, 0xbc, 0x64,
    0xfc, 0x7c, 0x64, 0x01, 0x90, 0xc8, 0xc8, 0x64, 0x01, 0x2c, 0xc8, 0xfc, 0x7c, 0xc8, 0xc8, 0x01,
    0xf4, 0x64, 0x64, 0xfe, 0x70, 0x64, 0x64, 0xc8, 0x64, 0xfe, 0x70, 0x01, 0x90, 0x64, 0x02, 0x58,
    0x64, 0x01, 0x2c, 0xc8, 0xc8, 0xfe, 0x70, 0x64, 0x64, 0x64, 0x64, 0x64, 0x64, 0x64, 0x00, 0x08,
    0x00, 0x00, 0x00, 0x00, 0x03, 0xe8, 0x04, 0x4c, 0x00, 0x03, 0x00, 0x07, 0x00, 0x0b, 0x00, 0x0f,
    0x00, 0x13, 0x00, 0x17, 0x00, 0x1b, 0x00, 0x1f, 0x00, 0x00, 0x01, 0x33, 0x11, 0x23, 0x25, 0x35,
    0x33, 0x15, 0x37, 0x23, 0x35, 0x33, 0x31, 0x35, 0x33, 0x15, 0x33, 0x35, 0x33, 0x15, 0x27, 0x23,
    0x11, 0x33, 0x13, 0x23, 0x35, 0x33, 0x11, 0x35, 0x33, 0x15, 0x03, 0x84, 0x64, 0x64, 0xfc, 0x7c,
    0x64, 0x64, 0x64, 0x64, 0x64, 0x64, 0x64, 0x64, 0x64, 0x64, 0xc8, 0x64, 0x64, 0x64, 0x04, 0x4c,
    0xfb, 0xb4, 0x64, 0x64, 0x64, 0x64, 0xc8, 0xc8, 0xc8, 0xc8, 0xc8, 0xc8, 0x01, 0xf4, 0xfc, 0x7c,
    0xc8, 0xfe, 0xd4, 0x64, 0x64, 0x00, 0x00, 0x09, 0x00, 0x00, 0x00, 0x00, 0x03, 0xe8, 0x04, 0x4c,
    0x00, 0x03, 0x00, 0x07, 0x00, 0x0d, 0x00, 0x11, 0x00, 0x15, 0x00, 0x19, 0x00, 0x1d, 0x00, 0x21,
    0x00, 0x25, 0x00, 0x00, 0x01, 0x33, 0x11, 0x23, 0x21, 0x35, 0x33, 0x15, 0x01, 0x11, 0x21, 0x35,
    0x21, 0x11, 0x01, 0x15, 0x23, 0x35, 0x37, 0x33, 0x15, 0x23, 0x33, 0x35, 0x33, 0x15, 0x27, 0x23,
    0x11, 0x33, 0x13, 0x35, 0x33, 0x15, 0x27, 0x15, 0x23, 0x35, 0x03, 0x84, 0x64, 0x64, 0xfc, 0x7c,
    0x64, 0x03, 0x20, 0xfc, 0xe0, 0x03, 0x84, 0xfc, 0xe0, 0x64, 0x64, 0x64, 0x64, 0xc8, 0x64, 0x64,
    0x64, 0x64, 0xc8, 0x64, 0x64, 0x64, 0x04, 0x4c, 0xfd, 0xa8, 0x64, 0x64, 0xfe, 0x0c, 0x01, 0x2c,
    0x64, 0xfe, 0x70, 0x02, 0xbc, 0x64, 0x64, 0x64, 0x64, 0x64, 0x64, 0x64, 0x01, 0x2c, 0xfd, 0xa8,
    0x64, 0x64, 0xc8, 0x64, 0x64, 0x00, 0x00, 0x09, 0x00, 0x00, 0x00, 0x00, 0x03, 0xe8, 0x04, 0x4c,
    0x00, 0x03, 0x00, 0x07, 0x00, 0x0d, 0x00, 0x11, 0x00, 0x15, 0x00, 0x19, 0x00, 0x1d, 0x00, 0x21,
    0x00, 0x25, 0x00, 0x00, 0x01, 0x33, 0x11, 0x23, 0x25, 0x35, 0x33, 0x15, 0x13, 0x21, 0x15, 0x21,
    0x11, 0x33, 0x11, 0x15, 0x23, 0x35, 0x37, 0x33, 0x15, 0x23, 0x33, 0x35, 0x33, 0x15, 0x27, 0x23,
    0x11, 0x33, 0x13, 0x35, 0x33, 0x15, 0x27, 0x15, 0x23, 0x35, 0x03, 0x84, 0x64, 0x64, 0xfc, 0x7c,
    0x64, 0x64, 0x03, 0x20, 0xfc, 0x7c, 0x64, 0x64, 0x64, 0x64, 0x64, 0xc8, 0x64, 0x64, 0x64, 0x64,
    0xc8, 0x64, 0x64, 0x64, 0x04, 0x4c, 0xfc, 0xe0, 0xc8, 0x64, 0x64, 0xfe, 0x70, 0x64, 0x01, 0x90,
    0x01, 0x2c, 0x64, 0x64, 0x64, 0x64, 0x64, 0x64, 0x64, 0x01, 0x2c, 0xfd, 0xa8, 0x64, 0x64, 0xc8,
    0x64, 0x64, 0x00, 0x09, 0x00, 0x00, 0x00, 0x00, 0x03, 0xe8, 0x04, 0x4c, 0x00, 0x03, 0x00, 0x07,
    0x00, 0x13, 0x00, 0x17, 0x00, 0x1b, 0x00, 0x1f, 0x00, 0x23, 0x00, 0x27, 0x00, 0x2b, 0x00, 0x00,
    0x01, 0x33, 0x11, 0x23, 0x21, 0x35, 0x33, 0x15, 0x01, 0x35, 0x21, 0x35, 0x21, 0x11, 0x21, 0x15,
    0x21, 0x15, 0x21, 0x11, 0x13, 0x23, 0x35, 0x33, 0x31, 0x35, 0x33, 0x15, 0x37, 0x33, 0x15, 0x23,
    0x11, 0x15, 0x23, 0x35, 0x01, 0x23, 0x35, 0x33, 0x15, 0x35, 0x33, 0x15, 0x03, 0x84, 0x64, 0x64,
    0xfc, 0x7c, 0x64, 0x03, 0x20, 0xfc, 0xe0, 0x03, 0x84, 0xfc, 0xe0, 0x03, 0x20, 0xfc, 0x7c, 0x64,
    0x64, 0x64, 0x64, 0x64, 0x64, 0x64, 0x64, 0x01, 0x2c, 0x64, 0x64, 0x64, 0x04, 0x4c, 0xfe, 0x0c,
    0x64, 0x64, 0xfe, 0xd4, 0x64, 0x64, 0xfe, 0xd4, 0x64, 0x64, 0x01, 0x2c, 0x01, 0x90, 0x64, 0x64,
    0x64, 0x64, 0x64, 0x01, 0x2c, 0xc8, 0xc8, 0xfe, 0x70, 0x64, 0xc8, 0x64, 0x64, 0x00, 0x00, 0x0a,
    0x00, 0x00, 0x00, 0x64, 0x04, 0x4c, 0x04, 0x4c, 0x00, 0x07, 0x00, 0x0b, 0x00, 0x0f, 0x00, 0x13,
    0x00, 0x17, 0x00, 0x1b, 0x00, 0x1f, 0x00, 0x23, 0x00, 0x27, 0x00, 0x2b, 0x00, 0x00, 0x35, 0x35,
    0x21, 0x35, 0x33, 0x15, 0x21, 0x15, 0x03, 0x35, 0x33, 0x15, 0x27, 0x23, 0x35, 0x33, 0x01, 0x23,
    0x35, 0x33, 0x31, 0x35, 0x33, 0x15, 0x33, 0x35, 0x33, 0x15, 0x27, 0x23, 0x11, 0x33, 0x13, 0x23,
    0x35, 0x33, 0x31, 0x35, 0x33, 0x15, 0x37, 0x23, 0x11, 0x33, 0x01, 0xf4, 0x64, 0x01, 0xf4, 0xc8,
    0x64, 0x64, 0x64, 0x64, 0xfd, 0x44, 0x64, 0x64, 0x64, 0x64, 0x64, 0x64, 0x64, 0x64, 0xc8, 0x64,
    0x64, 0x64, 0x64, 0x64, 0x64, 0x64, 0x64, 0xc8, 0xc8, 0x64, 0x01, 0x2c, 0xc8, 0xc8, 0xc8, 0xc8,
    0xfe, 0x70, 0xc8, 0xc8, 0xc8, 0xc8, 0xc8, 0xc8, 0x01, 0x2c, 0xfd, 0xa8, 0x64, 0xc8, 0xc8, 0xc8,
    0x01, 0x2c, 0x00, 0x09, 0x00, 0x00, 0x00, 0x00, 0x04, 0x4c, 0x04, 0x4c, 0x00, 0x07, 0x00, 0x0b,
    0x00, 0x0f, 0x00, 0x13, 0x00, 0x17, 0x00, 0x1b, 0x00, 0x1f, 0x00, 0x23, 0x00, 0x27, 0x00, 0x00,
    0x01, 0x33, 0x11, 0x33, 0x15, 0x23, 0x11, 0x23, 0x01, 0x11, 0x33, 0x11, 0x17, 0x23, 0x35, 0x33,
    0x15, 0x35, 0x21, 0x15, 0x01, 0x15, 0x23, 0x35, 0x37, 0x21, 0x15, 0x21, 0x01, 0x23, 0x35, 0x33,
    0x31, 0x11, 0x33, 0x11, 0x03, 0x15, 0x23, 0x35, 0x03, 0x84, 0x64, 0x64, 0x64, 0x64, 0xfc, 0x7c,
    0x64, 0x64, 0x64, 0x64, 0x01, 0x2c, 0xfe, 0xd4, 0x64, 0x64, 0x01, 0x2c, 0xfe, 0xd4, 0x01, 0x90,
    0x64, 0x64, 0x64, 0x64, 0x64, 0x04, 0x4c, 0xfe, 0x0c, 0x64, 0xfe, 0x0c, 0x01, 0x2c, 0x02, 0x58,
    0xfd, 0xa8, 0x64, 0x64, 0xc8, 0x64, 0x64, 0x03, 0x84, 0x64, 0x64, 0x64, 0x64, 0xfc, 0xe0, 0x64,
    0x02, 0x58, 0xfd, 0xa8, 0x02, 0xbc, 0x64, 0x64, 0x00, 0x0a, 0x00, 0x00, 0x00, 0x00, 0x04, 0x4c,
    0x04, 0x4c, 0x00, 0x07, 0x00, 0x0b, 0x00, 0x11, 0x00, 0x15, 0x00, 0x19, 0x00, 0x1d, 0x00, 0x21,
    0x00, 0x25, 0x00, 0x29, 0x00, 0x2d, 0x00, 0x00, 0x01, 0x33, 0x15, 0x33, 0x15, 0x23, 0x11, 0x23,
    0x25, 0x35, 0x33, 0x15, 0x01, 0x11, 0x21, 0x35, 0x21, 0x11, 0x01, 0x35, 0x21, 0x15, 0x25, 0x15,
    0x23, 0x35, 0x13, 0x15, 0x23, 0x35, 0x37, 0x21, 0x15, 0x21, 0x01, 0x15, 0x23, 0x35, 0x13, 0x15,
    0x23, 0x35, 0x17, 0x33, 0x15, 0x23, 0x03, 0x84, 0x64, 0x64, 0x64, 0x64, 0xfc, 0x7c, 0x64, 0x03,
    0x20, 0xfc, 0xe0, 0x03, 0x84, 0xfc, 0xe0, 0x01, 0x2c, 0xfe, 0xd4, 0x64, 0x64, 0x64, 0x64, 0x01,
    0x2c, 0xfe, 0xd4, 0x01, 0x90, 0x64, 0x64, 0x64, 0x64, 0x64, 0x64, 0x04, 0x4c, 0xc8, 0x64, 0xfe,
    0xd4, 0xc8, 0xc8, 0xc8, 0xfd, 0x44, 0x01, 0x2c, 0x64, 0xfe, 0x70, 0x01, 0xf4, 0x64, 0x64, 0xc8,
    0x64, 0x64, 0x01, 0x2c, 0x64, 0x64, 0x64, 0x64, 0xfe, 0xd4, 0x64, 0x64, 0x01, 0x2c, 0x64, 0x64,
    0x64, 0xc8, 0x00, 0x0a, 0x00, 0x00, 0x00, 0x00, 0x04, 0x4c, 0x04, 0x4c, 0x00, 0x07, 0x00, 0x0b,
    0x00, 0x11, 0x00, 0x15, 0x00, 0x19, 0x00, 0x1d, 0x00, 0x21, 0x00, 0x25, 0x00, 0x29, 0x00, 0x2d,
    0x00, 0x00, 0x01, 0x33, 0x11, 0x33, 0x15, 0x23, 0x11, 0x23, 0x01, 0x35, 0x33, 0x15, 0x13, 0x21,
    0x15, 0x21, 0x11, 0x33, 0x35, 0x35, 0x21, 0x15, 0x25, 0x15, 0x23, 0x35, 0x13, 0x15, 0x23, 0x35,
    0x37, 0x21, 0x15, 0x21, 0x01, 0x15, 0x23, 0x35, 0x13, 0x15, 0x23, 0x35, 0x17, 0x33, 0x15, 0x23,
    0x03, 0x84, 0x64, 0x64, 0x64, 0x64, 0xfc, 0x7c, 0x64, 0x64, 0x03, 0x20, 0xfc, 0x7c, 0x64, 0x01,
    0x2c, 0xfe, 0xd4, 0x64, 0x64, 0x64, 0x64, 0x01, 0x2c, 0xfe, 0xd4, 0x01, 0x90, 0x64, 0x64, 0x64,
    0x64, 0x64, 0x64, 0x04, 0x4c, 0xfe, 0xd4, 0x64, 0xfe, 0x70, 0x01, 0x90, 0xc8, 0xc8, 0xfd, 0xa8,
    0x64, 0x01, 0x90, 0x64, 0x64, 0x64, 0xc8, 0x64, 0x64, 0x01, 0x2c, 0x64, 0x64, 0x64, 0x64, 0xfe,
    0xd4, 0x64, 0x64, 0x01, 0x2c, 0x64, 0x64, 0x64, 0xc8, 0x00, 0x00, 0x0e, 0x00, 0x00, 0x00, 0x00,
    0x04, 0x4c, 0x04, 0x4c, 0x00, 0x07, 0x00, 0x0b, 0x00, 0x0f, 0x00, 0x13, 0x00, 0x1f, 0x00, 0x23,
    0x00, 0x29, 0x00, 0x2d, 0x00, 0x31, 0x00, 0x35, 0x00, 0x39, 0x00, 0x3d, 0x00, 0x41, 0x00, 0x45,
    0x00, 0x00, 0x01, 0x33, 0x15, 0x33, 0x15, 0x23, 0x11, 0x23, 0x25, 0x35, 0x33, 0x15, 0x01, 0x33,
    0x15, 0x23, 0x31, 0x15, 0x21, 0x35, 0x25, 0x15, 0x21, 0x35, 0x23, 0x35, 0x33, 0x35, 0x33, 0x15,
    0x33, 0x15, 0x01, 0x23, 0x35, 0x33, 0x01, 0x21, 0x15, 0x21, 0x11, 0x33, 0x35, 0x35, 0x21, 0x15,
    0x25, 0x15, 0x23, 0x35, 0x13, 0x15, 0x23, 0x35, 0x37, 0x21, 0x15, 0x21, 0x01, 0x15, 0x23, 0x35,
    0x13, 0x15, 0x23, 0x35, 0x13, 0x15, 0x23, 0x35, 0x03, 0x84, 0x64, 0x64, 0x64, 0x64, 0xfc, 0x7c,
    0x64, 0x03, 0x20, 0x64, 0x64, 0xfe, 0xd4, 0x01, 0x2c, 0xfe, 0xd4, 0x64, 0xc8, 0x64, 0xc8, 0xfe,
    0xd4, 0x64, 0x64, 0xfe, 0x0c, 0x01, 0x2c, 0xfe, 0x70, 0x64, 0x01, 0x2c, 0xfe, 0xd4, 0x64, 0x64,
    0x64, 0x64, 0x01, 0x2c, 0xfe, 0xd4, 0x01, 0x90, 0x64, 0x64, 0x64, 0x64, 0x64, 0x04, 0x4c, 0xc8,
    0x64, 0xfe, 0xd4, 0xc8, 0xc8, 0xc8, 0xfe, 0x0c, 0x64, 0x64, 0x64, 0xc8, 0x64, 0x64, 0x64, 0x64,
    0x64, 0x64, 0x01, 0x90, 0xc8, 0xfc, 0xe0, 0x64, 0x01, 0x90, 0x64, 0x64, 0x64, 0xc8, 0x64, 0x64,
    0x01, 0x2c, 0x64, 0x64, 0x64, 0x64, 0xfc, 0xe0, 0x64, 0x64, 0x01, 0xf4, 0x64, 0x64, 0x01, 0x2c,
    0x64, 0x64, 0x00, 0x08, 0x00, 0x00, 0x00, 0x00, 0x03, 0xe8, 0x04, 0x4c, 0x00, 0x0b, 0x00, 0x0f,
    0x00, 0x13, 0x00, 0x17, 0x00, 0x1b, 0x00, 0x1f, 0x00, 0x23, 0x00, 0x27, 0x00, 0x00, 0x01, 0x33,
    0x11, 0x23, 0x11, 0x23, 0x11, 0x23, 0x11, 0x33, 0x15, 0x33, 0x01, 0x11, 0x33, 0x11, 0x17, 0x23,
    0x35, 0x33, 0x15, 0x35, 0x21, 0x15, 0x01, 0x15, 0x23, 0x35, 0x37, 0x21, 0x15, 0x21, 0x01, 0x23,
    0x35, 0x33, 0x11, 0x15, 0x23, 0x35, 0x03, 0x84, 0x64, 0x64, 0xc8, 0x64, 0x64, 0xc8, 0xfc, 0x7c,
    0x64, 0x64, 0x64, 0x64, 0x01, 0x2c, 0xfe, 0xd4, 0x64, 0x64, 0x01, 0x2c, 0xfe, 0xd4, 0x01, 0x90,
    0x64, 0x64, 0x64, 0x04, 0x4c, 0xfb, 0xb4, 0x02, 0x58, 0xfe, 0xd4, 0x02, 0x58, 0xc8, 0xfe, 0x70,
    0x02, 0x58, 0xfd, 0xa8, 0x64, 0x64, 0xc8, 0x64, 0x64, 0x03, 0x84, 0x64, 0x64, 0x64, 0x64, 0xfc,
    0xe0, 0x64, 0x02, 0xbc, 0x64, 0x64, 0x00, 0x09, 0x00, 0x00, 0x00, 0x00, 0x03, 0xe8, 0x04, 0x4c,
    0x00, 0x09, 0x00, 0x0d, 0x00, 0x15, 0x00, 0x19, 0x00, 0x1d, 0x00, 0x21, 0x00, 0x25, 0x00, 0x29,
    0x00, 0x2d, 0x00, 0x00, 0x01, 0x33, 0x11, 0x23, 0x11, 0x23, 0x15, 0x23, 0x35, 0x21, 0x05, 0x35,
    0x33, 0x15, 0x13, 0x21, 0x15, 0x21, 0x11, 0x21, 0x15, 0x21, 0x35, 0x35, 0x21, 0x15, 0x25, 0x15,
    0x23, 0x35, 0x13, 0x15, 0x23, 0x35, 0x37, 0x21, 0x15, 0x21, 0x01, 0x15, 0x23, 0x35, 0x13, 0x15,
    0x23, 0x35, 0x03, 0x84, 0x64, 0x64, 0xc8, 0x64, 0x01, 0x2c, 0xfc, 0x7c, 0x64, 0x64, 0x03, 0x20,
    0xfc, 0x7c, 0x03, 0x84, 0xfc, 0xe0, 0x01, 0x2c, 0xfe, 0xd4, 0x64, 0x64, 0x64, 0x64, 0x01, 0x2c,
    0xfe, 0xd4, 0x01, 0x90, 0x64, 0x64, 0x64, 0x04, 0x4c, 0xfd, 0xa8, 0x01, 0x2c, 0x64, 0xc8, 0xc8,
    0xc8, 0xc8, 0xfd, 0xa8, 0x64, 0x01, 0x90, 0x64, 0xc8, 0x64, 0x64, 0xc8, 0x64, 0x64, 0x01, 0x2c,
    0x64, 0x64, 0x64, 0x64, 0xfe, 0xd4, 0x64, 0x64, 0x01, 0x2c, 0x64, 0x64, 0x00, 0x0e, 0x00, 0x00,
    0x00, 0x00, 0x03, 0xe8, 0x04, 0x4c, 0x00, 0x09, 0x00, 0x0d, 0x00, 0x11, 0x00, 0x15, 0x00, 0x19,
    0x00, 0x23, 0x00, 0x27, 0x00, 0x2b, 0x00, 0x2f, 0x00, 0x33, 0x00, 0x37, 0x00, 0x3b, 0x00, 0x3f,
    0x00, 0x43, 0x00, 0x00, 0x01, 0x33, 0x11, 0x23, 0x11, 0x23, 0x15, 0x23, 0x35, 0x21, 0x05, 0x35,
    0x33, 0x15, 0x01, 0x15, 0x23, 0x35, 0x17, 0x33, 0x15, 0x23, 0x25, 0x35, 0x23, 0x15, 0x37, 0x35,
    0x33, 0x11, 0x33, 0x15, 0x21, 0x11, 0x33, 0x15, 0x05, 0x23, 0x35, 0x33, 0x07, 0x15, 0x23, 0x35,
    0x01, 0x35, 0x21, 0x15, 0x25, 0x15, 0x23, 0x35, 0x13, 0x15, 0x23, 0x35, 0x37, 0x21, 0x15, 0x21,
    0x01, 0x15, 0x23, 0x35, 0x13, 0x15, 0x23, 0x35, 0x03, 0x84, 0x64, 0x64, 0xc8, 0x64, 0x01, 0x2c,
    0xfc, 0x7c, 0x64, 0x03, 0x20, 0x64, 0x64, 0x64, 0x64, 0xfe, 0x0c, 0xc8, 0xc8, 0x64, 0x64, 0xfe,
    0x0c, 0x64, 0x02, 0x58, 0x64, 0x64, 0x64, 0x64, 0xfe, 0x70, 0x01, 0x2c, 0xfe, 0xd4, 0x64, 0x64,
    0x64, 0x64, 0x01, 0x2c, 0xfe, 0xd4, 0x01, 0x90, 0x64, 0x64, 0x64, 0x04, 0x4c, 0xfd, 0x44, 0x01,
    0x90, 0x64, 0xc8, 0xc8, 0xc8, 0xc8, 0xfe, 0x0c, 0x64, 0x64, 0x64, 0x64, 0x64, 0x64, 0x64, 0xc8,
    0x64, 0xfe, 0xd4, 0x64, 0x01, 0x90, 0x64, 0x64, 0xc8, 0xc8, 0x64, 0x64, 0x01, 0x2c, 0x64, 0x64,
    0xc8, 0x64, 0x64, 0x01, 0x2c, 0x64, 0x64, 0x64, 0x64, 0xfe, 0xd4, 0x64, 0x64, 0x01, 0x2c, 0x64,
    0x64, 0x00, 0x00, 0x09, 0x00, 0x00, 0x00, 0x00, 0x03, 0xe8, 0x04, 0x4c, 0x00, 0x03, 0x00, 0x07,
    0x00, 0x0b, 0x00, 0x0f, 0x00, 0x13, 0x00, 0x17, 0x00, 0x1b, 0x00, 0x1f, 0x00, 0x2b, 0x00, 0x00,
    0x01, 0x33, 0x11, 0x23, 0x01, 0x11, 0x33, 0x11, 0x17, 0x33, 0x15, 0x23, 0x35, 0x15, 0x23, 0x35,
    0x13, 0x15, 0x23, 0x35, 0x37, 0x33, 0x15, 0x23, 0x13, 0x35, 0x33, 0x15, 0x03, 0x33, 0x15, 0x23,
    0x13, 0x23, 0x11, 0x33, 0x15, 0x33, 0x11, 0x33, 0x11, 0x23, 0x11, 0x23, 0x03, 0x84, 0x64, 0x64,
    0xfc, 0x7c, 0x64, 0x64, 0xc8, 0xc8, 0x64, 0x64, 0x64, 0x64, 0xc8, 0xc8, 0xc8, 0x64, 0x64, 0x64,
    0x64, 0xc8, 0x64, 0x64, 0x64, 0x64, 0x64, 0x64, 0x04, 0x4c, 0xfb, 0xb4, 0x01, 0x2c, 0x02, 0x58,
    0xfd, 0xa8, 0x64, 0x64, 0xc8, 0x64, 0x64, 0x02, 0xbc, 0x64, 0x64, 0x64, 0x64, 0xfc, 0xe0, 0x64,
    0x64, 0x03, 0x20, 0x64, 0xfd, 0xa8, 0x02, 0x58, 0xc8, 0x01, 0x90, 0xfb, 0xb4, 0x02, 0x58, 0x00,
    0x00, 0x09, 0x00, 0x00, 0x00, 0x00, 0x03, 0xe8, 0x04, 0x4c, 0x00, 0x0d, 0x00, 0x11, 0x00, 0x17,
    0x00, 0x1b, 0x00, 0x1f, 0x00, 0x23, 0x00, 0x27, 0x00, 0x2b, 0x00, 0x2f, 0x00, 0x00, 0x01, 0x33,
    0x11, 0x23, 0x11, 0x23, 0x35, 0x33, 0x35, 0x23, 0x15, 0x23, 0x35, 0x21, 0x05, 0x35, 0x33, 0x15,
    0x13, 0x21, 0x15, 0x21, 0x11, 0x33, 0x35, 0x35, 0x21, 0x15, 0x25, 0x15, 0x23, 0x35, 0x13, 0x15,
    0x23, 0x35, 0x37, 0x21, 0x15, 0x21, 0x01, 0x15, 0x23, 0x35, 0x13, 0x15, 0x23, 0x35, 0x03, 0x84,
    0x64, 0x64, 0xc8, 0xc8, 0xc8, 0x64, 0x01, 0x2c, 0xfc, 0x7c, 0x64, 0x64, 0x03, 0x20, 0xfc, 0x7c,
    0x64, 0x01, 0x2c, 0xfe, 0xd4, 0x64, 0x64, 0x64, 0x64, 0x01, 0x2c, 0xfe, 0xd4, 0x01, 0x90, 0x64,
    0x64, 0x64, 0x04, 0x4c, 0xfc, 0xe0, 0x01, 0x2c, 0x64, 0x64, 0x64, 0xc8, 0xc8, 0xc8, 0xc8, 0xfd,
    0xa8, 0x64, 0x01, 0x90, 0x64, 0x64, 0x64, 0xc8, 0x64, 0x64, 0x01, 0x2c, 0x64, 0x64, 0x64, 0x64,
    0xfe, 0xd4, 0x64, 0x64, 0x01, 0x2c, 0x64, 0x64, 0x00, 0x0a, 0x00, 0x00, 0x00, 0x00, 0x03, 0xe8,
    0x04, 0x4c, 0x00, 0x0d, 0x00, 0x11, 0x00, 0x15, 0x00, 0x19, 0x00, 0x1d, 0x00, 0x21, 0x00, 0x25,
    0x00, 0x29, 0x00, 0x2d, 0x00, 0x31, 0x00, 0x00, 0x01, 0x33, 0x11, 0x23, 0x35, 0x21, 0x35, 0x33,
    0x15, 0x33, 0x35, 0x23, 0x35, 0x33, 0x01, 0x35, 0x33, 0x15, 0x01, 0x35, 0x21, 0x15, 0x11, 0x35,
    0x21, 0x15, 0x25, 0x15, 0x23, 0x35, 0x13, 0x15, 0x23, 0x35, 0x37, 0x21, 0x15, 0x21, 0x01, 0x15,
    0x23, 0x35, 0x13, 0x15, 0x23, 0x35, 0x01, 0x11, 0x21, 0x11, 0x03, 0x84, 0x64, 0x64, 0xfe, 0xd4,
    0x64, 0xc8, 0xc8, 0xc8, 0xfc, 0x7c, 0x64, 0x03, 0x20, 0xfd, 0x44, 0x01, 0x2c, 0xfe, 0xd4, 0x64,
    0x64, 0x64, 0x64, 0x01, 0x2c, 0xfe, 0xd4, 0x01, 0x90, 0x64, 0x64, 0x64, 0xfe, 0x70, 0x03, 0x84,
    0x04, 0x4c, 0xfd, 0xa8, 0xc8, 0xc8, 0x64, 0x64, 0x64, 0xfe, 0xd4, 0xc8, 0xc8, 0xfd, 0xa8, 0xc8,
    0xc8, 0x01, 0x90, 0x64, 0x64, 0xc8, 0x64, 0x64, 0x01, 0x2c, 0x64, 0x64, 0x64, 0x64, 0xfe, 0xd4,
    0x64, 0x64, 0x01, 0x2c, 0x64, 0x64, 0xfc, 0x18, 0x01, 0x90, 0xfe, 0x70, 0x00, 0x0c, 0x00, 0x00,
    0x00, 0x00, 0x03, 0xe8, 0x04, 0x4c, 0x00, 0x0d, 0x00, 0x11, 0x00, 0x15, 0x00, 0x19, 0x00, 0x1d,
    0x00, 0x21, 0x00, 0x25, 0x00, 0x29, 0x00, 0x2d, 0x00, 0x31, 0x00, 0x35, 0x00, 0x39, 0x00, 0x00,
    0x01, 0x33, 0x11, 0x23, 0x35, 0x21, 0x35, 0x33, 0x15, 0x33, 0x35, 0x23, 0x35, 0x33, 0x01, 0x35,
    0x33, 0x15, 0x01, 0x15, 0x21, 0x35, 0x01, 0x15, 0x21, 0x35, 0x05, 0x33, 0x15, 0x23, 0x21, 0x23,
    0x35, 0x33, 0x35, 0x35, 0x21, 0x15, 0x25, 0x15, 0x23, 0x35, 0x13, 0x15, 0x23, 0x35, 0x37, 0x21,
    0x15, 0x21, 0x01, 0x15, 0x23, 0x35, 0x13, 0x15, 0x23, 0x35, 0x03, 0x84, 0x64, 0x64, 0xfe, 0xd4,
    0x64, 0xc8, 0xc8, 0xc8, 0xfc, 0x7c, 0x64, 0x03, 0x20, 0xfd, 0x44, 0x02, 0xbc, 0xfd, 0x44, 0x02,
    0xbc, 0x64, 0x64, 0xfd, 0x44, 0x64, 0x64, 0x01, 0x2c, 0xfe, 0xd4, 0x64, 0x64, 0x64, 0x64, 0x01,
    0x2c, 0xfe, 0xd4, 0x01, 0x90, 0x64, 0x64, 0x64, 0x04, 0x4c, 0xfd, 0xa8, 0xc8, 0xc8, 0x64, 0x64,
    0x64, 0xfe, 0xd4, 0xc8, 0xc8, 0xfd, 0xa8, 0x64, 0x64, 0x01, 0x2c, 0x64, 0x64, 0x64, 0xc8, 0xc8,
    0xc8, 0x64, 0x64, 0xc8, 0x64, 0x64, 0x01, 0x2c, 0x64, 0x64, 0x64, 0x64, 0xfe, 0xd4, 0x64, 0x64,
    0x01, 0x2c, 0x64, 0x64, 0x00, 0x08, 0x00, 0x00, 0x00, 0x64, 0x04, 0x4c, 0x04, 0x4c, 0x00, 0x0b,
    0x00, 0x0f, 0x00, 0x13, 0x00, 0x17, 0x00, 0x1b, 0x00, 0x1f, 0x00, 0x23, 0x00, 0x27, 0x00, 0x00,
    0x35, 0x35, 0x21, 0x35, 0x23, 0x35, 0x21, 0x15, 0x23, 0x15, 0x21, 0x15, 0x03, 0x23, 0x35, 0x33,
    0x31, 0x11, 0x33, 0x11, 0x03, 0x15, 0x23, 0x35, 0x01, 0x35, 0x33, 0x15, 0x27, 0x23, 0x11, 0x33,
    0x31, 0x35, 0x33, 0x15, 0x25, 0x21, 0x35, 0x21, 0x01, 0xf4, 0xc8, 0x01, 0xf4, 0xc8, 0x01, 0xf4,
    0xc8, 0x64, 0x64, 0x64, 0x64, 0x64, 0xfd, 0xa8, 0x64, 0x64, 0x64, 0x64, 0x64, 0x01, 0xf4, 0xfe,
    0x0c, 0x01, 0xf4, 0x64, 0x64, 0xc8, 0x64, 0x64, 0xc8, 0x64, 0x01, 0x90, 0x64, 0x01, 0x2c, 0xfe,
    0xd4, 0x01, 0x90, 0x64, 0x64, 0xfe, 0x0c, 0x64, 0x64, 0x64, 0x01, 0x2c, 0x64, 0x64, 0x64, 0x64,
    0x00, 0x0a, 0x00, 0x00, 0x00, 0x00, 0x04, 0x4c, 0x04, 0x4c, 0x00, 0x07, 0x00, 0x0f, 0x00, 0x13,
    0x00, 0x17, 0x00, 0x1b, 0x00, 0x1f, 0x00, 0x23, 0x00, 0x27, 0x00, 0x2b, 0x00, 0x2f, 0x00, 0x00,
    0x01, 0x33, 0x11, 0x33, 0x15, 0x23, 0x11, 0x23, 0x25, 0x35, 0x21, 0x35, 0x33, 0x15, 0x21, 0x15,
    0x01, 0x35, 0x33, 0x15, 0x17, 0x35, 0x21, 0x15, 0x25, 0x15, 0x23, 0x35, 0x13, 0x15, 0x23, 0x35,
    0x37, 0x21, 0x15, 0x21, 0x01, 0x15, 0x23, 0x35, 0x13, 0x15, 0x23, 0x35, 0x17, 0x33, 0x15, 0x23,
    0x03, 0x84, 0x64, 0x64, 0x64, 0x64, 0xfc, 0x7c, 0x01, 0x2c, 0x64, 0x01, 0x90, 0xfc, 0xe0, 0x64,
    0x64, 0x01, 0x2c, 0xfe, 0xd4, 0x64, 0x64, 0x64, 0x64, 0x01, 0x2c, 0xfe, 0xd4, 0x01, 0x90, 0x64,
    0x64, 0x64, 0x64, 0x64, 0x64, 0x04, 0x4c, 0xfe, 0x0c, 0x64, 0xfe, 0x0c, 0x64, 0x64, 0xc8, 0xc8,
    0x64, 0x02, 0x58, 0xc8, 0xc8, 0xc8, 0x64, 0x64, 0xc8, 0x64, 0x64, 0x01, 0x2c, 0x64, 0x64, 0x64,
    0x64, 0xfe, 0xd4, 0x64, 0x64, 0x01, 0x2c, 0x64, 0x64, 0x64, 0xc8, 0x00, 0x00, 0x09, 0x00, 0x00,
    0x00, 0x64, 0x04, 0x4c, 0x04, 0x4c, 0x00, 0x07, 0x00, 0x0b, 0x00, 0x0f, 0x00, 0x13, 0x00, 0x17,
    0x00, 0x1b, 0x00, 0x1f, 0x00, 0x23, 0x00, 0x27, 0x00, 0x00, 0x35, 0x35, 0x21, 0x11, 0x21, 0x11,
    0x21, 0x15, 0x03, 0x23, 0x35, 0x33, 0x31, 0x11, 0x33, 0x11, 0x03, 0x15, 0x23, 0x35, 0x01, 0x35,
    0x33, 0x15, 0x27, 0x23, 0x11, 0x33, 0x31, 0x35, 0x33, 0x15, 0x13, 0x21, 0x35, 0x21, 0x01, 0x21,
    0x35, 0x21, 0x01, 0x2c, 0x01, 0xf4, 0x01, 0x2c, 0xc8, 0x64, 0x64, 0x64, 0x64, 0x64, 0xfd, 0xa8,
    0x64, 0x64, 0x64, 0x64, 0x64, 0x64, 0x01, 0x2c, 0xfe, 0xd4, 0x01, 0x90, 0xfe, 0x0c, 0x01, 0xf4,
    0x64, 0x64, 0x01, 0x2c, 0xfe, 0xd4, 0x64, 0x01, 0x90, 0x64, 0x01, 0x2c, 0xfe, 0xd4, 0x01, 0x90,
    0x64, 0x64, 0xfe, 0x0c, 0x64, 0x64, 0x64, 0x01, 0x2c, 0x64, 0x64, 0xfd, 0x44, 0xc8, 0x02, 0x58,
    0x64, 0x00, 0x00, 0x06, 0x00, 0x00, 0x00, 0x00, 0x04, 0x4c, 0x04, 0x4c, 0x00, 0x03, 0x00, 0x0f,
    0x00, 0x15, 0x00, 0x19, 0x00, 0x1d, 0x00, 0x21, 0x00, 0x00, 0x01, 0x15, 0x21, 0x35, 0x03, 0x35,
    0x21, 0x35, 0x23, 0x35, 0x21, 0x15, 0x23, 0x15, 0x21, 0x15, 0x03, 0x11, 0x21, 0x35, 0x21, 0x11,
    0x03, 0x33, 0x15, 0x23, 0x25, 0x15, 0x23, 0x35, 0x01, 0x15, 0x21, 0x35, 0x03, 0x84, 0xfd, 0x44,
    0xc8, 0x01, 0x2c, 0x64, 0x02, 0xbc, 0x64, 0x01, 0x2c, 0xc8, 0xfc, 0xe0, 0x03, 0x84, 0x64, 0x64,
    0x64, 0xfd, 0x44, 0x64, 0x01, 0x2c, 0x01, 0x2c, 0x04, 0x4c, 0x64, 0x64, 0xfd, 0xa8, 0x64, 0x64,
    0x64, 0x64, 0x64, 0x64, 0xfe, 0x0c, 0x01, 0x2c, 0x64, 0xfe, 0x70, 0x03, 0xe8, 0xc8, 0xc8, 0xc8,
    0xc8, 0xfe, 0xd4, 0x64, 0x64, 0x00, 0x00, 0x09, 0x00, 0x00, 0x00, 0x00, 0x04, 0x4c, 0x04, 0x4c,
    0x00, 0x03, 0x00, 0x0f, 0x00, 0x13, 0x00, 0x17, 0x00, 0x1b, 0x00, 0x1f, 0x00, 0x23, 0x00, 0x27,
    0x00, 0x2b, 0x00, 0x00, 0x01, 0x15, 0x21, 0x35, 0x03, 0x35, 0x21, 0x35, 0x23, 0x35, 0x21, 0x15,
    0x23, 0x15, 0x21, 0x15, 0x03, 0x15, 0x21, 0x35, 0x01, 0x15, 0x21, 0x35, 0x05, 0x33, 0x15, 0x23,
    0x11, 0x33, 0x15, 0x23, 0x01, 0x23, 0x35, 0x33, 0x11, 0x15, 0x23, 0x35, 0x01, 0x15, 0x21, 0x35,
    0x03, 0x84, 0xfd, 0x44, 0xc8, 0x01, 0x2c, 0x64, 0x02, 0xbc, 0x64, 0x01, 0x2c, 0xc8, 0xfd, 0x44,
    0x02, 0xbc, 0xfd, 0x44, 0x02, 0xbc, 0x64, 0x64, 0x64, 0x64, 0xfd, 0x44, 0x64, 0x64, 0x64, 0x01,
    0x2c, 0x01, 0x2c, 0x04, 0x4c, 0x64, 0x64, 0xfd, 0xa8, 0x64, 0x64, 0x64, 0x64, 0x64, 0x64, 0xfe,
    0x70, 0x64, 0x64, 0x01, 0x2c, 0x64, 0x64, 0x64, 0xc8, 0x03, 0x84, 0xc8, 0xfd, 0x44, 0xc8, 0x02,
    0xbc, 0xc8, 0xc8, 0xfe, 0xd4, 0x64, 0x64, 0x00, 0x00, 0x07, 0x00, 0x00, 0x00, 0x00, 0x03, 0xe8,
    0x04, 0x4c, 0x00, 0x07, 0x00, 0x0f, 0x00, 0x15, 0x00, 0x19, 0x00, 0x1d, 0x00, 0x21, 0x00, 0x25,
    0x00, 0x00, 0x01, 0x33, 0x11, 0x23, 0x35, 0x23, 0x35, 0x33, 0x25, 0x35, 0x21, 0x15, 0x21, 0x11,
    0x23, 0x11, 0x03, 0x21, 0x15, 0x21, 0x11, 0x33, 0x11, 0x15, 0x23, 0x35, 0x17, 0x21, 0x15, 0x21,
    0x11, 0x21, 0x15, 0x21, 0x21, 0x33, 0x15, 0x23, 0x03, 0x84, 0x64, 0x64, 0xc8, 0xc8, 0xfc, 0x7c,
    0x03, 0x20, 0xfe, 0x70, 0x64, 0x64, 0x03, 0x20, 0xfc, 0x7c, 0x64, 0x64, 0x64, 0x01, 0x90, 0xfe,
    0x70, 0x01, 0x90, 0xfe, 0x70, 0x01, 0x90, 0x64, 0x64, 0x04, 0x4c, 0xfc, 0xe0, 0x64, 0x64, 0x64,
    0x64, 0x64, 0xfe, 0xd4, 0x01, 0x2c, 0xfe, 0x0c, 0x64, 0x01, 0x90, 0x02, 0x58, 0x64, 0x64, 0x64,
    0x64, 0x01, 0x2c, 0x64, 0x64, 0x00, 0x00, 0x07, 0x00, 0x00, 0x00, 0x00, 0x03, 0xe8, 0x04, 0x4c,
    0x00, 0x03, 0x00, 0x0b, 0x00, 0x0f, 0x00, 0x13, 0x00, 0x1b, 0x00, 0x1f, 0x00, 0x23, 0x00, 0x00,
    0x01, 0x33, 0x11, 0x23, 0x01, 0x35, 0x21, 0x15, 0x21, 0x11, 0x23, 0x11, 0x03, 0x11, 0x33, 0x11,
    0x21, 0x23, 0x11, 0x33, 0x13, 0x23, 0x35, 0x23, 0x35, 0x33, 0x11, 0x33, 0x21, 0x21, 0x15, 0x21,
    0x11, 0x21, 0x15, 0x21, 0x03, 0x84, 0x64, 0x64, 0xfc, 0x7c, 0x02, 0x58, 0xfe, 0xd4, 0x64, 0xc8,
    0x64, 0x01, 0xf4, 0x64, 0x64, 0xc8, 0x64, 0xc8, 0xc8, 0x64, 0xfd, 0x44, 0x01, 0x90, 0xfe, 0x70,
    0x01, 0x90, 0xfe, 0x70, 0x04, 0x4c, 0xfb, 0xb4, 0x01, 0x90, 0x64, 0x64, 0xfe, 0x70, 0x01, 0x90,
    0x01, 0x2c, 0x01, 0x2c, 0xfe, 0xd4, 0x01, 0x2c, 0xfc, 0x18, 0xc8, 0x64, 0x03, 0x20, 0x64, 0xfe,
    0xd4, 0x64, 0x00, 0x06, 0x00, 0x00, 0x00, 0x00, 0x03, 0xe8, 0x04, 0x4c, 0x00, 0x03, 0x00, 0x0b,
    0x00, 0x0f, 0x00, 0x13, 0x00, 0x17, 0x00, 0x1b, 0x00, 0x00, 0x01, 0x33, 0x11, 0x23, 0x01, 0x35,
    0x21, 0x15, 0x21, 0x11, 0x23, 0x11, 0x01, 0x11, 0x33, 0x11, 0x31, 0x21, 0x15, 0x21, 0x11, 0x35,
    0x21, 0x15, 0x11, 0x11, 0x33, 0x11, 0x03, 0x84, 0x64, 0x64, 0xfc, 0x7c, 0x03, 0x20, 0xfe, 0xd4,
    0x64, 0xfe, 0xd4, 0x64, 0x01, 0x90, 0xfe, 0x70, 0x01, 0x90, 0x64, 0x04, 0x4c, 0xfb, 0xb4, 0x01,
    0x90, 0x64, 0x64, 0xfe, 0x70, 0x01, 0x90, 0x01, 0x2c, 0x01, 0x2c, 0xfe, 0xd4, 0x64, 0x01, 0x90,
    0x64, 0x64, 0xfe, 0xd4, 0x01, 0x2c, 0xfe, 0xd4, 0x00, 0x05, 0x00, 0x00, 0x00, 0x00, 0x04, 0x4c,
    0x04, 0x4c, 0x00, 0x03, 0x00, 0x0f, 0x00, 0x13, 0x00, 0x17, 0x00, 0x1b, 0x00, 0x00, 0x01, 0x15,
    0x21, 0x35, 0x01, 0x23, 0x11, 0x21, 0x11, 0x23, 0x11, 0x21, 0x35, 0x21, 0x15, 0x21, 0x37, 0x21,
    0x35, 0x21, 0x35, 0x33, 0x15, 0x23, 0x25, 0x33, 0x15, 0x23, 0x03, 0x84, 0xfd, 0x44, 0x02, 0x58,
    0x64, 0xfe, 0xd4, 0x64, 0xfe, 0xd4, 0x04, 0x4c, 0xfe, 0xd4, 0x64, 0xfd, 0x44, 0x02, 0xbc, 0x64,
    0x64, 0xfc, 0xe0, 0x64, 0x64, 0x04, 0x4c, 0x64, 0x64, 0xfb, 0xb4, 0x01, 0xf4, 0xfe, 0x0c, 0x01,
    0xf4, 0x64, 0x64, 0xc8, 0x64, 0xc8, 0xc8, 0xc8, 0xc8, 0x00, 0x00, 0x09, 0x00, 0x00, 0x00, 0x64,
    0x04, 0x4c, 0x04, 0x4c, 0x00, 0x03, 0x00, 0x07, 0x00, 0x0b, 0x00, 0x0f, 0x00, 0x13, 0x00, 0x17,
    0x00, 0x1b, 0x00, 0x1f, 0x00, 0x23, 0x00, 0x00, 0x35, 0x35, 0x21, 0x15, 0x03, 0x23, 0x35, 0x33,
    0x31, 0x11, 0x33, 0x11, 0x03, 0x15, 0x23, 0x35, 0x01, 0x35, 0x33, 0x15, 0x27, 0x23, 0x11, 0x33,
    0x31, 0x35, 0x33, 0x15, 0x01, 0x15, 0x21, 0x35, 0x01, 0x21, 0x35, 0x21, 0x04, 0x4c, 0xc8, 0x64,
    0x64, 0x64, 0x64, 0x64, 0xfd, 0xa8, 0x64, 0x64, 0x64, 0x64, 0x64, 0x01, 0xf4, 0xfe, 0x0c, 0x01,
    0xf4, 0xfe, 0x0c, 0x01, 0xf4, 0x64, 0x64, 0x64, 0x01, 0x90, 0x64, 0x01, 0x2c, 0xfe, 0xd4, 0x01,
    0x90, 0x64, 0x64, 0xfe, 0x0c, 0x64, 0x64, 0x64, 0x01, 0x2c, 0x64, 0x64, 0xfe, 0x70, 0x64, 0x64,
    0x01, 0xf4, 0x64, 0x00, 0x00, 0x06, 0x00, 0x00, 0x00, 0x00, 0x04, 0x4c, 0x04, 0x4c, 0x00, 0x03,
    0x00, 0x07, 0x00, 0x0d, 0x00, 0x11, 0x00, 0x15, 0x00, 0x19, 0x00, 0x00, 0x01, 0x15, 0x21, 0x35,
    0x03, 0x35, 0x21, 0x15, 0x01, 0x11, 0x33, 0x11, 0x21, 0x15, 0x03, 0x21, 0x35, 0x21, 0x35, 0x33,
    0x15, 0x23, 0x25, 0x33, 0x15, 0x23, 0x03, 0x84, 0xfd, 0x44, 0xc8, 0x04, 0x4c, 0xfc, 0x18, 0x64,
    0x03, 0x20, 0x64, 0xfd, 0x44, 0x02, 0xbc, 0x64, 0x64, 0xfc, 0xe0, 0x64, 0x64, 0x04, 0x4c, 0x64,
    0x64, 0xfd, 0xa8, 0x64, 0x64, 0xfe, 0x0c, 0x01, 0x90, 0xfe, 0xd4, 0x64, 0x02, 0xbc, 0x64, 0xc8,
    0xc8, 0xc8, 0xc8, 0x00, 0x00, 0x06, 0x00, 0x00, 0x00, 0x00, 0x04, 0x4c, 0x04, 0x4c, 0x00, 0x03,
    0x00, 0x07, 0x00, 0x13, 0x00, 0x17, 0x00, 0x1b, 0x00, 0x1f, 0x00, 0x00, 0x01, 0x15, 0x21, 0x35,
    0x03, 0x35, 0x21, 0x15, 0x03, 0x35, 0x21, 0x35, 0x21, 0x11, 0x21, 0x15, 0x21, 0x15, 0x21, 0x11,
    0x01, 0x33, 0x15, 0x23, 0x31, 0x15, 0x21, 0x35, 0x35, 0x15, 0x23, 0x35, 0x03, 0x84, 0xfd, 0x44,
    0xc8, 0x04, 0x4c, 0xc8, 0xfc, 0xe0, 0x03, 0x84, 0xfc, 0xe0, 0x03, 0x20, 0xfc, 0x7c, 0x03, 0x20,
    0x64, 0x64, 0xfd, 0x44, 0x64, 0x04, 0x4c, 0x64, 0x64, 0xfe, 0x0c, 0x64, 0x64, 0xfe, 0xd4, 0x64,
    0x64, 0xfe, 0xd4, 0x64, 0x64, 0x01, 0x2c, 0x02, 0xbc, 0x64, 0x64, 0x64, 0x64, 0x64, 0x64, 0x00,
    0x00, 0x07, 0x00, 0x00, 0x00, 0x00, 0x04, 0x4c, 0x04, 0x4c, 0x00, 0x03, 0x00, 0x07, 0x00, 0x0b,
    0x00, 0x0f, 0x00, 0x13, 0x00, 0x17, 0x00, 0x1b, 0x00, 0x00, 0x01, 0x15, 0x21, 0x35, 0x03, 0x35,
    0x21, 0x15, 0x01, 0x11, 0x21, 0x11, 0x27, 0x35, 0x21, 0x15, 0x01, 0x21, 0x35, 0x21, 0x25, 0x33,
    0x15, 0x23, 0x25, 0x33, 0x15, 0x23, 0x03, 0x84, 0xfd, 0x44, 0xc8, 0x04, 0x4c, 0xfc, 0x18, 0x03,
    0x84, 0x64, 0xfd, 0x44, 0x02, 0xbc, 0xfd, 0x44, 0x02, 0xbc, 0xfc, 0xe0, 0x64, 0x64, 0x03, 0x20,
    0x64, 0x64, 0x04, 0x4c, 0x64, 0x64, 0xfd, 0xa8, 0x64, 0x64, 0xfe, 0x0c, 0x01, 0x90, 0xfe, 0x70,
    0x64, 0xc8, 0xc8, 0x02, 0x58, 0x64, 0xc8, 0xc8, 0xc8, 0xc8, 0x00, 0x0a, 0x00, 0x00, 0x00, 0x00,
    0x03, 0xe8, 0x04, 0x4c, 0x00, 0x03, 0x00, 0x07, 0x00, 0x0b, 0x00, 0x0f, 0x00, 0x13, 0x00, 0x17,
    0x00, 0x1b, 0x00, 0x1f, 0x00, 0x23, 0x00, 0x27, 0x00, 0x00, 0x01, 0x33, 0x11, 0x23, 0x25, 0x35,
    0x21, 0x15, 0x01, 0x35, 0x33, 0x15, 0x17, 0x35, 0x21, 0x15, 0x25, 0x15, 0x23, 0x35, 0x13, 0x15,
    0x23, 0x35, 0x37, 0x21, 0x15, 0x21, 0x01, 0x15, 0x23, 0x35, 0x13, 0x15, 0x23, 0x35, 0x17, 0x33,
    0x15, 0x23, 0x03, 0x84, 0x64, 0x64, 0xfc, 0x7c, 0x03, 0x20, 0xfc, 0xe0, 0x64, 0x64, 0x01, 0x2c,
    0xfe, 0xd4, 0x64, 0x64, 0x64, 0x64, 0x01, 0x2c, 0xfe, 0xd4, 0x01, 0x90, 0x64, 0x64, 0x64, 0x64,
    0x64, 0x64, 0x04, 0x4c, 0xfb, 0xb4, 0xc8, 0x64, 0x64, 0x01, 0xf4, 0xc8, 0xc8, 0xc8, 0x64, 0x64,
    0xc8, 0x64, 0x64, 0x01, 0x2c, 0x64, 0x64, 0x64, 0x64, 0xfe, 0xd4, 0x64, 0x64, 0x01, 0x2c, 0x64,
    0x64, 0x64, 0xc8, 0x00, 0x00, 0x09, 0x00, 0x00, 0x00, 0x00, 0x03, 0xe8, 0x04, 0x4c, 0x00, 0x03,
    0x00, 0x07, 0x00, 0x0b, 0x00, 0x0f, 0x00, 0x13, 0x00, 0x17, 0x00, 0x1b, 0x00, 0x1f, 0x00, 0x23,
    0x00, 0x00, 0x01, 0x33, 0x11, 0x23, 0x01, 0x11, 0x33, 0x11, 0x17, 0x23, 0x35, 0x33, 0x15, 0x35,
    0x21, 0x15, 0x01, 0x15, 0x23, 0x35, 0x37, 0x21, 0x15, 0x21, 0x01, 0x23, 0x35, 0x33, 0x31, 0x11,
    0x33, 0x11, 0x03, 0x15, 0x23, 0x35, 0x03, 0x84, 0x64, 0x64, 0xfc, 0x7c, 0x64, 0x64, 0x64, 0x64,
    0x01, 0x2c, 0xfe, 0xd4, 0x64, 0x64, 0x01, 0x2c, 0xfe, 0xd4, 0x01, 0x90, 0x64, 0x64, 0x64, 0x64,
    0x64, 0x04, 0x4c, 0xfb, 0xb4, 0x01, 0x2c, 0x02, 0x58, 0xfd, 0xa8, 0x64, 0x64, 0xc8, 0x64, 0x64,
    0x03, 0x84, 0x64, 0x64, 0x64, 0x64, 0xfc, 0xe0, 0x64, 0x02, 0x58, 0xfd, 0xa8, 0x02, 0xbc, 0x64,
    0x64, 0x00, 0x00, 0x0a, 0x00, 0x00, 0x00, 0x00, 0x03, 0xe8, 0x04, 0x4c, 0x00, 0x03, 0x00, 0x07,
    0x00, 0x0d, 0x00, 0x11, 0x00, 0x15, 0x00, 0x19, 0x00, 0x1d, 0x00, 0x21, 0x00, 0x25, 0x00, 0x29,
    0x00, 0x00, 0x01, 0x33, 0x11, 0x23, 0x01, 0x35, 0x33, 0x15, 0x13, 0x21, 0x15, 0x21, 0x11, 0x33,
    0x35, 0x35, 0x21, 0x15, 0x25, 0x15, 0x23, 0x35, 0x13, 0x15, 0x23, 0x35, 0x37, 0x21, 0x15, 0x21,
    0x01, 0x15, 0x23, 0x35, 0x13, 0x15, 0x23, 0x35, 0x17, 0x33, 0x15, 0x23, 0x03, 0x84, 0x64, 0x64,
    0xfc, 0x7c, 0x64, 0x64, 0x03, 0x20, 0xfc, 0x7c, 0x64, 0x01, 0x2c, 0xfe, 0xd4, 0x64, 0x64, 0x64,
    0x64, 0x01, 0x2c, 0xfe, 0xd4, 0x01, 0x90, 0x64, 0x64, 0x64, 0x64, 0x64, 0x64, 0x04, 0x4c, 0xfc,
    0xe0, 0x01, 0x90, 0xc8, 0xc8, 0xfd, 0xa8, 0x64, 0x01, 0x90, 0x64, 0x64, 0x64, 0xc8, 0x64, 0x64,
    0x01, 0x2c, 0x64, 0x64, 0x64, 0x64, 0xfe, 0xd4, 0x64, 0x64, 0x01, 0x2c, 0x64, 0x64, 0x64, 0xc8,
    0x00, 0x08, 0x00, 0x00, 0x00, 0x00, 0x03, 0xe8, 0x04, 0x4c, 0x00, 0x11, 0x00, 0x15, 0x00, 0x19,
    0x00, 0x1d, 0x00, 0x21, 0x00, 0x25, 0x00, 0x29, 0x00, 0x2d, 0x00, 0x00, 0x01, 0x33, 0x11, 0x21,
    0x15, 0x21, 0x15, 0x21, 0x11, 0x21, 0x35, 0x21, 0x35, 0x33, 0x35, 0x21, 0x15, 0x21, 0x25, 0x35,
    0x33, 0x15, 0x33, 0x15, 0x23, 0x35, 0x13, 0x15, 0x23, 0x35, 0x37, 0x21, 0x15, 0x21, 0x01, 0x15,
    0x23, 0x35, 0x13, 0x15, 0x23, 0x35, 0x17, 0x33, 0x15, 0x23, 0x03, 0x84, 0x64, 0xfc, 0xe0, 0x03,
    0x20, 0xfc, 0x7c, 0x03, 0x20, 0xfc, 0xe0, 0x64, 0x01, 0x2c, 0x01, 0x90, 0xfc, 0x7c, 0x64, 0x64,
    0x64, 0x64, 0x64, 0x64, 0x01, 0x2c, 0xfe, 0xd4, 0x01, 0x90, 0x64, 0x64, 0x64, 0x64, 0x64, 0x64,
    0x04, 0x4c, 0xfc, 0x7c, 0x64, 0x64, 0x01, 0x2c, 0x64, 0x64, 0x64, 0x64, 0xc8, 0xc8, 0xc8, 0x64,
    0x64, 0x01, 0x2c, 0x64, 0x64, 0x64, 0x64, 0xfe, 0xd4, 0x64, 0x64, 0x01, 0x2c, 0x64, 0x64, 0x64,
    0xc8, 0x00, 0x00, 0x0c, 0x00, 0x00, 0x00, 0x00, 0x03, 0xe8, 0x04, 0x4c, 0x00, 0x03, 0x00, 0x07,
    0x00, 0x0b, 0x00, 0x0f, 0x00, 0x29, 0x00, 0x2d, 0x00, 0x31, 0x00, 0x35, 0x00, 0x39, 0x00, 0x3d,
    0x00, 0x41, 0x00, 0x45, 0x00, 0x00, 0x01, 0x33, 0x11, 0x23, 0x25, 0x35, 0x33, 0x15, 0x01, 0x33,
    0x15, 0x23, 0x31, 0x15, 0x21, 0x35, 0x25, 0x15, 0x21, 0x35, 0x23, 0x15, 0x21, 0x15, 0x21, 0x15,
    0x21, 0x11, 0x21, 0x35, 0x21, 0x35, 0x33, 0x35, 0x21, 0x15, 0x33, 0x35, 0x33, 0x15, 0x33, 0x15,
    0x01, 0x23, 0x35, 0x33, 0x05, 0x15, 0x23, 0x35, 0x13, 0x15, 0x23, 0x35, 0x37, 0x21, 0x15, 0x21,
    0x01, 0x15, 0x23, 0x35, 0x13, 0x15, 0x23, 0x35, 0x13, 0x15, 0x23, 0x35, 0x03, 0x84, 0x64, 0x64,
    0xfc, 0x7c, 0x64, 0x03, 0x20, 0x64, 0x64, 0xfe, 0xd4, 0x01, 0x2c, 0xfe, 0xd4, 0x64, 0xfe, 0xd4,
    0x01, 0x2c, 0xfe, 0x70, 0x01, 0x2c, 0xfe, 0xd4, 0x64, 0x01, 0x2c, 0xc8, 0x64, 0xc8, 0xfe, 0xd4,
    0x64, 0x64, 0xfe, 0x0c, 0x64, 0x64, 0x64, 0x64, 0x01, 0x2c, 0xfe, 0xd4, 0x01, 0x90, 0x64, 0x64,
    0x64, 0x64, 0x64, 0x04, 0x4c, 0xfd, 0xa8, 0xc8, 0xc8, 0xc8, 0xfe, 0x0c, 0x64, 0x64, 0x64, 0xc8,
    0x64, 0x64, 0x64, 0x64, 0x64, 0x01, 0x2c, 0x64, 0x64, 0x64, 0xc8, 0x64, 0x64, 0x64, 0x01, 0x90,
    0xc8, 0xc8, 0x64, 0x64, 0x01, 0x2c, 0x64, 0x64, 0x64, 0x64, 0xfc, 0xe0, 0x64, 0x64, 0x01, 0xf4,
    0x64, 0x64, 0x01, 0x2c, 0x64, 0x64, 0x00, 0x0b, 0x00, 0x00, 0x00, 0x00, 0x03, 0xe8, 0x04, 0x4c,
    0x00, 0x03, 0x00, 0x07, 0x00, 0x0b, 0x00, 0x0f, 0x00, 0x13, 0x00, 0x17, 0x00, 0x1b, 0x00, 0x1f,
    0x00, 0x23, 0x00, 0x27, 0x00, 0x2b, 0x00, 0x00, 0x01, 0x33, 0x11, 0x23, 0x25, 0x35, 0x33, 0x15,
    0x01, 0x35, 0x21, 0x15, 0x11, 0x35, 0x21, 0x15, 0x25, 0x15, 0x23, 0x35, 0x13, 0x15, 0x23, 0x35,
    0x37, 0x21, 0x15, 0x21, 0x01, 0x15, 0x23, 0x35, 0x13, 0x15, 0x23, 0x35, 0x17, 0x33, 0x15, 0x23,
    0x01, 0x11, 0x21, 0x11, 0x03, 0x84, 0x64, 0x64, 0xfc, 0x7c, 0x64, 0x03, 0x20, 0xfd, 0x44, 0x01,
    0x2c, 0xfe, 0xd4, 0x64, 0x64, 0x64, 0x64, 0x01, 0x2c, 0xfe, 0xd4, 0x01, 0x90, 0x64, 0x64, 0x64,
    0x64, 0x64, 0x64, 0xfe, 0x0c, 0x03, 0x84, 0x04, 0x4c, 0xfd, 0xa8, 0xc8, 0xc8, 0xc8, 0xfd, 0xa8,
    0xc8, 0xc8, 0x01, 0x90, 0x64, 0x64, 0xc8, 0x64, 0x64, 0x01, 0x2c, 0x64, 0x64, 0x64, 0x64, 0xfe,
    0xd4, 0x64, 0x64, 0x01, 0x2c, 0x64, 0x64, 0x64, 0xc8, 0xfd, 0x44, 0x01, 0x90, 0xfe, 0x70, 0x00,
    0x00, 0x0b, 0x00, 0x00, 0x00, 0x00, 0x03, 0xe8, 0x04, 0x4c, 0x00, 0x03, 0x00, 0x07, 0x00, 0x0b,
    0x00, 0x13, 0x00, 0x17, 0x00, 0x1b, 0x00, 0x1f, 0x00, 0x23, 0x00, 0x27, 0x00, 0x2b, 0x00, 0x2f,
    0x00, 0x00, 0x01, 0x33, 0x11, 0x23, 0x25, 0x35, 0x33, 0x15, 0x01, 0x35, 0x21, 0x15, 0x25, 0x35,
    0x33, 0x11, 0x21, 0x11, 0x33, 0x15, 0x35, 0x35, 0x21, 0x15, 0x25, 0x15, 0x23, 0x35, 0x13, 0x15,
    0x23, 0x35, 0x37, 0x21, 0x15, 0x21, 0x01, 0x15, 0x23, 0x35, 0x13, 0x15, 0x23, 0x35, 0x17, 0x33,
    0x15, 0x23, 0x03, 0x84, 0x64, 0x64, 0xfc, 0x7c, 0x64, 0x03, 0x20, 0xfd, 0x44, 0x02, 0xbc, 0x64,
    0xfc, 0x7c, 0x64, 0x01, 0x2c, 0xfe, 0xd4, 0x64, 0x64, 0x64, 0x64, 0x01, 0x2c, 0xfe, 0xd4, 0x01,
    0x90, 0x64, 0x64, 0x64, 0x64, 0x64, 0x64, 0x04, 0x4c, 0xfd, 0xa8, 0xc8, 0xc8, 0xc8, 0xfd, 0xa8,
    0x64, 0x64, 0xc8, 0x64, 0xfe, 0x70, 0x01, 0x90, 0x64, 0xc8, 0x64, 0x64, 0xc8, 0x64, 0x64, 0x01,
    0x2c, 0x64, 0x64, 0x64, 0x64, 0xfe, 0xd4, 0x64, 0x64, 0x01, 0x2c, 0x64, 0x64, 0x64, 0xc8, 0x00,
    0x00, 0x12, 0x00, 0x00, 0x00, 0x00, 0x03, 0xe8, 0x04, 0x4c, 0x00, 0x03, 0x00, 0x07, 0x00, 0x0b,
    0x00, 0x0f, 0x00, 0x13, 0x00, 0x17, 0x00, 0x1b, 0x00, 0x1f, 0x00, 0x23, 0x00, 0x27, 0x00, 0x2b,
    0x00, 0x2f, 0x00, 0x33, 0x00, 0x37, 0x00, 0x3b, 0x00, 0x3f, 0x00, 0x43, 0x00, 0x47, 0x00, 0x00,
    0x01, 0x33, 0x11, 0x23, 0x01, 0x35, 0x33, 0x15, 0x01, 0x15, 0x23, 0x35, 0x17, 0x33, 0x15, 0x23,
    0x25, 0x33, 0x15, 0x23, 0x11, 0x15, 0x23, 0x35, 0x05, 0x23, 0x35, 0x33, 0x05, 0x15, 0x23, 0x35,
    0x21, 0x15, 0x23, 0x35, 0x13, 0x23, 0x35, 0x33, 0x01, 0x15, 0x23, 0x35, 0x13, 0x35, 0x21, 0x15,
    0x25, 0x15, 0x23, 0x35, 0x13, 0x15, 0x23, 0x35, 0x37, 0x21, 0x15, 0x21, 0x01, 0x15, 0x23, 0x35,
    0x13, 0x15, 0x23, 0x35, 0x13, 0x15, 0x23, 0x35, 0x03, 0x84, 0x64, 0x64, 0xfc, 0x7c, 0x64, 0x03,
    0x20, 0x64, 0x64, 0x64, 0x64, 0xfe, 0x0c, 0x64, 0x64, 0x64, 0x01, 0xf4, 0x64, 0x64, 0xfe, 0x0c,
    0x64, 0x01, 0xf4, 0x64, 0x64, 0x64, 0x64, 0xfe, 0x0c, 0x64, 0x64, 0x01, 0x2c, 0xfe, 0xd4, 0x64,
    0x64, 0x64, 0x64, 0x01, 0x2c, 0xfe, 0xd4, 0x01, 0x90, 0x64, 0x64, 0x64, 0x64, 0x64, 0x04, 0x4c,
    0xfd, 0x44, 0x01, 0x2c, 0xc8, 0xc8, 0xfe, 0x0c, 0x64, 0x64, 0x64, 0x64, 0xc8, 0x64, 0x01, 0x2c,
    0xc8, 0xc8, 0xc8, 0xc8, 0xc8, 0x64, 0x64, 0x64, 0x64, 0x01, 0xf4, 0xc8, 0xfc, 0xe0, 0x64, 0x64,
    0x01, 0x90, 0x64, 0x64, 0xc8, 0x64, 0x64, 0x01, 0x2c, 0x64, 0x64, 0x64, 0x64, 0xfc, 0x7c, 0x64,
    0x64, 0x02, 0x58, 0x64, 0x64, 0x01, 0x2c, 0x64, 0x64, 0x00, 0x00, 0x08, 0x00, 0x00, 0x00, 0x00,
    0x04, 0x4c, 0x04, 0x4c, 0x00, 0x07, 0x00, 0x0b, 0x00, 0x13, 0x00, 0x17, 0x00, 0x1b, 0x00, 0x1f,
    0x00, 0x23, 0x00, 0x27, 0x00, 0x00, 0x01, 0x33, 0x11, 0x33, 0x15, 0x23, 0x11, 0x23, 0x25, 0x35,
    0x33, 0x15, 0x03, 0x35, 0x21, 0x15, 0x21, 0x11, 0x23, 0x11, 0x03, 0x23, 0x35, 0x33, 0x31, 0x11,
    0x33, 0x11, 0x33, 0x11, 0x33, 0x11, 0x17, 0x23, 0x35, 0x33, 0x11, 0x35, 0x33, 0x15, 0x03, 0x84,
    0x64, 0x64, 0x64, 0x64, 0xfc, 0x7c, 0x64, 0x64, 0x02, 0xbc, 0xfe, 0xd4, 0x64, 0x64, 0x64, 0x64,
    0x64, 0x64, 0x64, 0x64, 0x64, 0x64, 0x64, 0x04, 0x4c, 0xfe, 0x0c, 0x64, 0xfe, 0x0c, 0x64, 0x64,
    0x64, 0x03, 0x84, 0x64, 0x64, 0xfe, 0xd4, 0x01, 0x2c, 0xfc, 0xe0, 0xc8, 0x01, 0x2c, 0xfe, 0xd4,
    0x01, 0x2c, 0xfe, 0xd4, 0xc8, 0xc8, 0xfe, 0xd4, 0x64, 0x64, 0x00, 0x09, 0x00, 0x00, 0x00, 0x00,
    0x04, 0x4c, 0x04, 0x4c, 0x00, 0x07, 0x00, 0x0b, 0x00, 0x13, 0x00, 0x19, 0x00, 0x1d, 0x00, 0x21,
    0x00, 0x25, 0x00, 0x29, 0x00, 0x2d, 0x00, 0x00, 0x01, 0x33, 0x15, 0x33, 0x15, 0x23, 0x11, 0x23,
    0x21, 0x35, 0x33, 0x15, 0x03, 0x35, 0x21, 0x15, 0x21, 0x15, 0x23, 0x35, 0x01, 0x11, 0x21, 0x35,
    0x21, 0x11, 0x01, 0x15, 0x23, 0x35, 0x37, 0x33, 0x15, 0x23, 0x33, 0x35, 0x33, 0x15, 0x17, 0x35,
    0x33, 0x15, 0x27, 0x15, 0x23, 0x35, 0x03, 0x84, 0x64, 0x64, 0x64, 0x64, 0xfc, 0x7c, 0x64, 0x64,
    0x02, 0xbc, 0xfe, 0xd4, 0x64, 0x02, 0x58, 0xfc, 0xe0, 0x03, 0x84, 0xfc, 0xe0, 0x64, 0x64, 0x64,
    0x64, 0xc8, 0x64, 0x64, 0x64, 0x64, 0x64, 0x04, 0x4c, 0xc8, 0x64, 0xfe, 0xd4, 0x64, 0x64, 0x01,
    0xf4, 0x64, 0x64, 0xc8, 0xc8, 0xfc, 0x18, 0x01, 0x2c, 0x64, 0xfe, 0x70, 0x02, 0xbc, 0x64, 0x64,
    0x64, 0x64, 0x64, 0x64, 0xc8, 0x64, 0x64, 0xc8, 0x64, 0x64, 0x00, 0x0a, 0x00, 0x00, 0x00, 0x00,
    0x04, 0x4c, 0x04, 0x4c, 0x00, 0x07, 0x00, 0x0b, 0x00, 0x13, 0x00, 0x17, 0x00, 0x1b, 0x00, 0x1f,
    0x00, 0x23, 0x00, 0x27, 0x00, 0x2b, 0x00, 0x2f, 0x00, 0x00, 0x01, 0x33, 0x15, 0x33, 0x15, 0x23,
    0x11, 0x23, 0x21, 0x35, 0x33, 0x15, 0x03, 0x35, 0x21, 0x15, 0x21, 0x15, 0x23, 0x35, 0x01, 0x35,
    0x21, 0x15, 0x11, 0x15, 0x23, 0x35, 0x37, 0x33, 0x15, 0x23, 0x33, 0x35, 0x33, 0x15, 0x17, 0x35,
    0x33, 0x15, 0x27, 0x15, 0x23, 0x35, 0x01, 0x11, 0x21, 0x11, 0x03, 0x84, 0x64, 0x64, 0x64, 0x64,
    0xfc, 0x7c, 0x64, 0x64, 0x02, 0xbc, 0xfe, 0xd4, 0x64, 0x02, 0x58, 0xfd, 0x44, 0x64, 0x64, 0x64,
    0x64, 0xc8, 0x64, 0x64, 0x64, 0x64, 0x64, 0xfe, 0x70, 0x03, 0x84, 0x04, 0x4c, 0xc8, 0x64, 0xfe,
    0xd4, 0x64, 0x64, 0x01, 0xf4, 0x64, 0x64, 0xc8, 0xc8, 0xfc, 0x7c, 0xc8, 0xc8, 0x02, 0x58, 0x64,
    0x64, 0x64, 0x64, 0x64, 0x64, 0xc8, 0x64, 0x64, 0xc8, 0x64, 0x64, 0xfd, 0x44, 0x01, 0x90, 0xfe,
    0x70, 0x00, 0x00, 0x0c, 0x00, 0x00, 0x00, 0x00, 0x04, 0x4c, 0x04, 0x4c, 0x00, 0x07, 0x00, 0x0b,
    0x00, 0x13, 0x00, 0x17, 0x00, 0x1b, 0x00, 0x1f, 0x00, 0x23, 0x00, 0x27, 0x00, 0x2b, 0x00, 0x2f,
    0x00, 0x33, 0x00, 0x37, 0x00, 0x00, 0x01, 0x33, 0x15, 0x33, 0x15, 0x23, 0x11, 0x23, 0x21, 0x35,
    0x33, 0x15, 0x03, 0x35, 0x21, 0x15, 0x21, 0x15, 0x23, 0x35, 0x01, 0x15, 0x21, 0x35, 0x01, 0x15,
    0x21, 0x35, 0x05, 0x33, 0x15, 0x23, 0x21, 0x23, 0x35, 0x33, 0x11, 0x15, 0x23, 0x35, 0x37, 0x33,
    0x15, 0x23, 0x33, 0x35, 0x33, 0x15, 0x17, 0x35, 0x33, 0x15, 0x27, 0x15, 0x23, 0x35, 0x03, 0x84,
    0x64, 0x64, 0x64, 0x64, 0xfc, 0x7c, 0x64, 0x64, 0x02, 0xbc, 0xfe, 0xd4, 0x64, 0x02, 0x58, 0xfd,
    0x44, 0x02, 0xbc, 0xfd, 0x44, 0x02, 0xbc, 0x64, 0x64, 0xfd, 0x44, 0x64, 0x64, 0x64, 0x64, 0x64,
    0x64, 0xc8, 0x64, 0x64, 0x64, 0x64, 0x64, 0x04, 0x4c, 0xc8, 0x64, 0xfe, 0xd4, 0x64, 0x64, 0x01,
    0xf4, 0x64, 0x64, 0xc8, 0xc8, 0xfc, 0x7c, 0x64, 0x64, 0x01, 0x2c, 0x64, 0x64, 0x64, 0xc8, 0xc8,
    0x01, 0x90, 0x64, 0x64, 0x64, 0x64, 0x64, 0x64, 0xc8, 0x64, 0x64, 0xc8, 0x64, 0x64, 0x00, 0x08,
    0x00, 0x00, 0x00, 0x00, 0x03, 0xe8, 0x04, 0x4c, 0x00, 0x07, 0x00, 0x0b, 0x00, 0x13, 0x00, 0x17,
    0x00, 0x1b, 0x00, 0x1f, 0x00, 0x23, 0x00, 0x27, 0x00, 0x00, 0x01, 0x33, 0x11, 0x23, 0x11, 0x23,
    0x35, 0x33, 0x01, 0x35, 0x33, 0x15, 0x03, 0x35, 0x21, 0x15, 0x21, 0x11, 0x23, 0x11, 0x03, 0x23,
    0x35, 0x33, 0x31, 0x11, 0x33, 0x11, 0x33, 0x11, 0x33, 0x11, 0x17, 0x23, 0x35, 0x33, 0x11, 0x35,
    0x33, 0x15, 0x03, 0x84, 0x64, 0x64, 0xc8, 0xc8, 0xfc, 0x7c, 0x64, 0x64, 0x02, 0xbc, 0xfe, 0xd4,
    0x64, 0x64, 0x64, 0x64, 0x64, 0x64, 0x64, 0x64, 0x64, 0x64, 0x64, 0x04, 0x4c, 0xfb, 0xb4, 0x02,
    0x58, 0x64, 0xfd, 0xa8, 0x64, 0x64, 0x03, 0x84, 0x64, 0x64, 0xfe, 0xd4, 0x01, 0x2c, 0xfc, 0xe0,
    0xc8, 0x01, 0x2c, 0xfe, 0xd4, 0x01, 0x2c, 0xfe, 0xd4, 0xc8, 0xc8, 0xfe, 0xd4, 0x64, 0x64, 0x00,
    0x00, 0x09, 0x00, 0x00, 0x00, 0x00, 0x03, 0xe8, 0x04, 0x4c, 0x00, 0x07, 0x00, 0x0b, 0x00, 0x13,
    0x00, 0x19, 0x00, 0x1d, 0x00, 0x21, 0x00, 0x25, 0x00, 0x29, 0x00, 0x2d, 0x00, 0x00, 0x01, 0x33,
    0x11, 0x23, 0x11, 0x23, 0x35, 0x33, 0x01, 0x35, 0x33, 0x15, 0x03, 0x35, 0x21, 0x15, 0x21, 0x15,
    0x23, 0x35, 0x01, 0x11, 0x21, 0x35, 0x21, 0x11, 0x01, 0x15, 0x23, 0x35, 0x37, 0x33, 0x15, 0x23,
    0x33, 0x35, 0x33, 0x15, 0x17, 0x35, 0x33, 0x15, 0x27, 0x15, 0x23, 0x35, 0x03, 0x84, 0x64, 0x64,
    0xc8, 0xc8, 0xfc, 0x7c, 0x64, 0x64, 0x02, 0xbc, 0xfe, 0xd4, 0x64, 0x02, 0x58, 0xfc, 0xe0, 0x03,
    0x84, 0xfc, 0xe0, 0x64, 0x64, 0x64, 0x64, 0xc8, 0x64, 0x64, 0x64, 0x64, 0x64, 0x04, 0x4c, 0xfd,
    0xa8, 0x01, 0x2c, 0x64, 0xfe, 0x70, 0x64, 0x64, 0x01, 0xf4, 0x64, 0x64, 0xc8, 0xc8, 0xfc, 0x18,
    0x01, 0x2c, 0x64, 0xfe, 0x70, 0x02, 0xbc, 0x64, 0x64, 0x64, 0x64, 0x64, 0x64, 0xc8, 0x64, 0x64,
    0xc8, 0x64, 0x64, 0x00, 0x00, 0x09, 0x00, 0x00, 0x00, 0x00, 0x03, 0xe8, 0x04, 0x4c, 0x00, 0x07,
    0x00, 0x0b, 0x00, 0x13, 0x00, 0x19, 0x00, 0x1d, 0x00, 0x21, 0x00, 0x25, 0x00, 0x29, 0x00, 0x2d,
    0x00, 0x00, 0x01, 0x33, 0x11, 0x23, 0x11, 0x23, 0x35, 0x33, 0x01, 0x35, 0x33, 0x15, 0x03, 0x35,
    0x21, 0x15, 0x21, 0x15, 0x23, 0x35, 0x03, 0x21, 0x15, 0x21, 0x11, 0x33, 0x11, 0x15, 0x23, 0x35,
    0x37, 0x33, 0x15, 0x23, 0x33, 0x35, 0x33, 0x15, 0x17, 0x35, 0x33, 0x15, 0x27, 0x15, 0x23, 0x35,
    0x03, 0x84, 0x64, 0x64, 0xc8, 0xc8, 0xfc, 0x7c, 0x64, 0x64, 0x02, 0xbc, 0xfe, 0xd4, 0x64, 0x64,
    0x03, 0x20, 0xfc, 0x7c, 0x64, 0x64, 0x64, 0x64, 0x64, 0xc8, 0x64, 0x64, 0x64, 0x64, 0x64, 0x04,
    0x4c, 0xfc, 0xe0, 0x01, 0xf4, 0x64, 0xfe, 0x70, 0x64, 0x64, 0x01, 0xf4, 0x64, 0x64, 0xc8, 0xc8,
    0xfc, 0x7c, 0x64, 0x01, 0x90, 0x01, 0x2c, 0x64, 0x64, 0x64, 0x64, 0x64, 0x64, 0xc8, 0x64, 0x64,
    0xc8, 0x64, 0x64, 0x00, 0x00, 0x0a, 0x00, 0x00, 0x00, 0x00, 0x03, 0xe8, 0x04, 0x4c, 0x00, 0x07,
    0x00, 0x0b, 0x00, 0x13, 0x00, 0x17, 0x00, 0x1b, 0x00, 0x1f, 0x00, 0x23, 0x00, 0x27, 0x00, 0x2b,
    0x00, 0x2f, 0x00, 0x00, 0x01, 0x33, 0x11, 0x23, 0x11, 0x23, 0x35, 0x33, 0x01, 0x35, 0x33, 0x15,
    0x03, 0x35, 0x21, 0x15, 0x21, 0x15, 0x23, 0x35, 0x01, 0x35, 0x21, 0x15, 0x11, 0x15, 0x23, 0x35,
    0x37, 0x33, 0x15, 0x23, 0x33, 0x35, 0x33, 0x15, 0x17, 0x35, 0x33, 0x15, 0x27, 0x15, 0x23, 0x35,
    0x01, 0x11, 0x21, 0x11, 0x03, 0x84, 0x64, 0x64, 0xc8, 0xc8, 0xfc, 0x7c, 0x64, 0x64, 0x02, 0xbc,
    0xfe, 0xd4, 0x64, 0x02, 0x58, 0xfd, 0x44, 0x64, 0x64, 0x64, 0x64, 0xc8, 0x64, 0x64, 0x64, 0x64,
    0x64, 0xfe, 0x70, 0x03, 0x84, 0x04, 0x4c, 0xfd, 0xa8, 0x01, 0x2c, 0x64, 0xfe, 0x70, 0x64, 0x64,
    0x01, 0xf4, 0x64, 0x64, 0xc8, 0xc8, 0xfc, 0x7c, 0xc8, 0xc8, 0x02, 0x58, 0x64, 0x64, 0x64, 0x64,
    0x64, 0x64, 0xc8, 0x64, 0x64, 0xc8, 0x64, 0x64, 0xfd, 0x44, 0x01, 0x90, 0xfe, 0x70, 0x00, 0x0a,
    0x00, 0x00, 0x00, 0x00, 0x03, 0xe8, 0x04, 0x4c, 0x00, 0x07, 0x00, 0x0b, 0x00, 0x13, 0x00, 0x17,
    0x00, 0x1f, 0x00, 0x23, 0x00, 0x27, 0x00, 0x2b, 0x00, 0x2f, 0x00, 0x33, 0x00, 0x00, 0x01, 0x33,
    0x11, 0x23, 0x11, 0x23, 0x35, 0x33, 0x01, 0x35, 0x33, 0x15, 0x03, 0x35, 0x21, 0x15, 0x21, 0x15,
    0x23, 0x35, 0x01, 0x35, 0x21, 0x15, 0x25, 0x35, 0x33, 0x11, 0x21, 0x11, 0x33, 0x15, 0x11, 0x15,
    0x23, 0x35, 0x37, 0x33, 0x15, 0x23, 0x33, 0x35, 0x33, 0x15, 0x17, 0x35, 0x33, 0x15, 0x27, 0x15,
    0x23, 0x35, 0x03, 0x84, 0x64, 0x64, 0xc8, 0xc8, 0xfc, 0x7c, 0x64, 0x64, 0x02, 0xbc, 0xfe, 0xd4,
    0x64, 0x02, 0x58, 0xfd, 0x44, 0x02, 0xbc, 0x64, 0xfc, 0x7c, 0x64, 0x64, 0x64, 0x64, 0x64, 0xc8,
    0x64, 0x64, 0x64, 0x64, 0x64, 0x04, 0x4c, 0xfd, 0xa8, 0x01, 0x2c, 0x64, 0xfe, 0x70, 0x64, 0x64,
    0x01, 0xf4, 0x64, 0x64, 0xc8, 0xc8, 0xfc, 0x7c, 0x64, 0x64, 0xc8, 0x64, 0xfe, 0x70, 0x01, 0x90,
    0x64, 0x01, 0x90, 0x64, 0x64, 0x64, 0x64, 0x64, 0x64, 0xc8, 0x64, 0x64, 0xc8, 0x64, 0x64, 0x00,
    0x00, 0x0c, 0x00, 0x00, 0x00, 0x00, 0x03, 0xe8, 0x04, 0x4c, 0x00, 0x07, 0x00, 0x0b, 0x00, 0x13,
    0x00, 0x17, 0x00, 0x1b, 0x00, 0x1f, 0x00, 0x23, 0x00, 0x27, 0x00, 0x2b, 0x00, 0x2f, 0x00, 0x33,
    0x00, 0x37, 0x00, 0x00, 0x01, 0x33, 0x11, 0x23, 0x11, 0x23, 0x35, 0x33, 0x01, 0x35, 0x33, 0x15,
    0x03, 0x35, 0x21, 0x15, 0x21, 0x15, 0x23, 0x35, 0x01, 0x15, 0x21, 0x35, 0x01, 0x15, 0x21, 0x35,
    0x05, 0x33, 0x15, 0x23, 0x21, 0x23, 0x35, 0x33, 0x11, 0x15, 0x23, 0x35, 0x37, 0x33, 0x15, 0x23,
    0x33, 0x35, 0x33, 0x15, 0x17, 0x35, 0x33, 0x15, 0x27, 0x15, 0x23, 0x35, 0x03, 0x84, 0x64, 0x64,
    0xc8, 0xc8, 0xfc, 0x7c, 0x64, 0x64, 0x02, 0xbc, 0xfe, 0xd4, 0x64, 0x02, 0x58, 0xfd, 0x44, 0x02,
    0xbc, 0xfd, 0x44, 0x02, 0xbc, 0x64, 0x64, 0xfd, 0x44, 0x64, 0x64, 0x64, 0x64, 0x64, 0x64, 0xc8,
    0x64, 0x64, 0x64, 0x64, 0x64, 0x04, 0x4c, 0xfd, 0xa8, 0x01, 0x2c, 0x64, 0xfe, 0x70, 0x64, 0x64,
    0x01, 0xf4, 0x64, 0x64, 0xc8, 0xc8, 0xfc, 0x7c, 0x64, 0x64, 0x01, 0x2c, 0x64, 0x64, 0x64, 0xc8,
    0xc8, 0x01, 0x90, 0x64, 0x64, 0x64, 0x64, 0x64, 0x64, 0xc8, 0x64, 0x64, 0xc8, 0x64, 0x64, 0x00,
    0x00, 0x08, 0x00, 0x00, 0x00, 0x64, 0x04, 0x4c, 0x04, 0x4c, 0x00, 0x07, 0x00, 0x0b, 0x00, 0x0f,
    0x00, 0x13, 0x00, 0x1b, 0x00, 0x1f, 0x00, 0x23, 0x00, 0x27, 0x00, 0x00, 0x35, 0x35, 0x21, 0x11,
    0x33, 0x11, 0x21, 0x15, 0x01, 0x15, 0x23, 0x35, 0x37, 0x33, 0x15, 0x23, 0x33, 0x35, 0x33, 0x15,
    0x27, 0x23, 0x35, 0x21, 0x35, 0x21, 0x15, 0x21, 0x13, 0x35, 0x33, 0x15, 0x27, 0x15, 0x23, 0x35,
    0x05, 0x35, 0x33, 0x15, 0x01, 0xf4, 0x64, 0x01, 0xf4, 0xfd, 0x44, 0x64, 0x64, 0x64, 0x64, 0xc8,
    0x64, 0x64, 0x64, 0xfe, 0x70, 0x03, 0x84, 0xfe, 0x70, 0xc8, 0xc8, 0xc8, 0x64, 0xfd, 0xa8, 0xc8,
    0x64, 0x64, 0x01, 0x2c, 0xfe, 0xd4, 0x64, 0x02, 0x58, 0x64, 0x64, 0x64, 0x64, 0x64, 0x64, 0x64,
    0xc8, 0x64, 0x64, 0xfe, 0x0c, 0x64, 0x64, 0xc8, 0x64, 0x64, 0xc8, 0x64, 0x64, 0x00, 0x00, 0x0a,
    0x00, 0x00, 0x00, 0x00, 0x04, 0x4c, 0x04, 0x4c, 0x00, 0x07, 0x00, 0x0b, 0x00, 0x0f, 0x00, 0x13,
    0x00, 0x17, 0x00, 0x1f, 0x00, 0x23, 0x00, 0x27, 0x00, 0x2b, 0x00, 0x2f, 0x00, 0x00, 0x11, 0x35,
    0x21, 0x35, 0x33, 0x15, 0x21, 0x15, 0x03, 0x15, 0x21, 0x35, 0x01, 0x15, 0x21, 0x35, 0x05, 0x33,
    0x15, 0x23, 0x21, 0x23, 0x35, 0x33, 0x01, 0x15, 0x23, 0x35, 0x21, 0x35, 0x21, 0x15, 0x05, 0x33,
    0x15, 0x23, 0x17, 0x35, 0x33, 0x15, 0x21, 0x35, 0x33, 0x15, 0x35, 0x35, 0x33, 0x15, 0x01, 0xf4,
    0x64, 0x01, 0xf4, 0xc8, 0xfd, 0x44, 0x02, 0xbc, 0xfd, 0x44, 0x02, 0xbc, 0x64, 0x64, 0xfd, 0x44,
    0x64, 0x64, 0x01, 0x90, 0x64, 0xfe, 0x70, 0x03, 0x84, 0xfe, 0x70, 0xc8, 0xc8, 0xc8, 0xc8, 0xfc,
    0x7c, 0xc8, 0xc8, 0x01, 0xf4, 0x64, 0x64, 0x64, 0x64, 0xfe, 0x70, 0x64, 0x64, 0x01, 0x2c, 0x64,
    0x64, 0x64, 0xc8, 0xc8, 0x02, 0xbc, 0x64, 0x64, 0x64, 0x64, 0x64, 0x64, 0x64, 0x64, 0x64, 0x64,
    0x64, 0x64, 0x64, 0x64, 0x00, 0x09, 0x00, 0x00, 0x00, 0x00, 0x04, 0x4c, 0x04, 0x4c, 0x00, 0x07,
    0x00, 0x0f, 0x00, 0x13, 0x00, 0x1b, 0x00, 0x1f, 0x00, 0x23, 0x00, 0x27, 0x00, 0x2b, 0x00, 0x2f,
    0x00, 0x00, 0x01, 0x33, 0x11, 0x33, 0x15, 0x23, 0x11, 0x23, 0x25, 0x35, 0x21, 0x11, 0x33, 0x11,
    0x21, 0x15, 0x01, 0x35, 0x33, 0x15, 0x03, 0x35, 0x21, 0x15, 0x21, 0x15, 0x23, 0x35, 0x03, 0x15,
    0x23, 0x35, 0x37, 0x33, 0x15, 0x23, 0x33, 0x35, 0x33, 0x15, 0x17, 0x35, 0x33, 0x15, 0x27, 0x15,
    0x23, 0x35, 0x03, 0x84, 0x64, 0x64, 0x64, 0x64, 0xfc, 0x7c, 0x01, 0x2c, 0x64, 0x01, 0x90, 0xfc,
    0xe0, 0x64, 0x64, 0x02, 0xbc, 0xfe, 0xd4, 0x64, 0x64, 0x64, 0x64, 0x64, 0x64, 0xc8, 0x64, 0x64,
    0x64, 0x64, 0x64, 0x04, 0x4c, 0xfe, 0x0c, 0x64, 0xfe, 0x0c, 0x64, 0x64, 0x01, 0x2c, 0xfe, 0xd4,
    0x64, 0x01, 0x90, 0x64, 0x64, 0x01, 0xf4, 0x64, 0x64, 0xc8, 0xc8, 0xfe, 0xd4, 0x64, 0x64, 0x64,
    0x64, 0x64, 0x64, 0xc8, 0x64, 0x64, 0xc8, 0x64, 0x64, 0x00, 0x00, 0x06, 0x00, 0x00, 0x00, 0x00,
    0x04, 0x4c, 0x04, 0x4c, 0x00, 0x07, 0x00, 0x0b, 0x00, 0x13, 0x00, 0x17, 0x00, 0x1b, 0x00, 0x1f,
    0x00, 0x00, 0x11, 0x35, 0x21, 0x15, 0x21, 0x11, 0x23, 0x11, 0x13, 0x35, 0x33, 0x15, 0x27, 0x23,
    0x35, 0x21, 0x35, 0x21, 0x15, 0x21, 0x13, 0x33, 0x15, 0x23, 0x21, 0x35, 0x33, 0x15, 0x35, 0x35,
    0x33, 0x15, 0x04, 0x4c, 0xfe, 0x0c, 0x64, 0x64, 0xc8, 0xc8, 0x64, 0xfe, 0x70, 0x03, 0x84, 0xfe,
    0x70, 0xc8, 0xc8, 0xc8, 0xfd, 0x44, 0xc8, 0xc8, 0x01, 0x90, 0x64, 0x64, 0xfe, 0x70, 0x01, 0x90,
    0x01, 0x2c, 0x64, 0x64, 0x64, 0xc8, 0x64, 0x64, 0xfe, 0xd4, 0x64, 0x64, 0x64, 0x64, 0x64, 0x64,
    0x00, 0x06, 0x00, 0x00, 0x00, 0x00, 0x04, 0x4c, 0x04, 0x4c, 0x00, 0x0d, 0x00, 0x15, 0x00, 0x19,
    0x00, 0x1d, 0x00, 0x21, 0x00, 0x25, 0x00, 0x00, 0x11, 0x35, 0x21, 0x15, 0x21, 0x15, 0x21, 0x11,
    0x23, 0x11, 0x21, 0x35, 0x21, 0x35, 0x13, 0x15, 0x23, 0x35, 0x21, 0x35, 0x21, 0x15, 0x05, 0x33,
    0x15, 0x23, 0x17, 0x35, 0x33, 0x15, 0x21, 0x35, 0x33, 0x15, 0x35, 0x35, 0x33, 0x15, 0x04, 0x4c,
    0xfe, 0x0c, 0x01, 0x90, 0x64, 0xfc, 0xe0, 0x01, 0x90, 0x64, 0x64, 0xfe, 0x70, 0x03, 0x84, 0xfe,
    0x70, 0xc8, 0xc8, 0xc8, 0xc8, 0xfc, 0x7c, 0xc8, 0xc8, 0x01, 0xf4, 0x64, 0x64, 0x64, 0xfe, 0x70,
    0x01, 0x2c, 0x64, 0x64, 0x01, 0xf4, 0x64, 0x64, 0x64, 0x64, 0x64, 0x64, 0x64, 0x64, 0x64, 0x64,
    0x64, 0x64, 0x64, 0x64, 0x00, 0x07, 0x00, 0x00, 0x00, 0x00, 0x04, 0x4c, 0x04, 0x4c, 0x00, 0x07,
    0x00, 0x0d, 0x00, 0x15, 0x00, 0x19, 0x00, 0x1d, 0x00, 0x21, 0x00, 0x25, 0x00, 0x00, 0x11, 0x35,
    0x21, 0x15, 0x21, 0x15, 0x23, 0x35, 0x01, 0x21, 0x15, 0x21, 0x11, 0x33, 0x01, 0x15, 0x23, 0x35,
    0x21, 0x35, 0x21, 0x15, 0x05, 0x33, 0x15, 0x23, 0x17, 0x35, 0x33, 0x15, 0x21, 0x35, 0x33, 0x15,
    0x35, 0x35, 0x33, 0x15, 0x04, 0x4c, 0xfe, 0x0c, 0x64, 0xfe, 0xd4, 0x03, 0x20, 0xfc, 0x7c, 0x64,
    0x01, 0x90, 0x64, 0xfe, 0x70, 0x03, 0x84, 0xfe, 0x70, 0xc8, 0xc8, 0xc8, 0xc8, 0xfc, 0x7c, 0xc8,
    0xc8, 0x01, 0xf4, 0x64, 0x64, 0xc8, 0xc8, 0xfe, 0x70, 0x64, 0x01, 0x90, 0x02, 0x58, 0x64, 0x64,
    0x64, 0x64, 0x64, 0x64, 0x64, 0x64, 0x64, 0x64, 0x64, 0x64, 0x64, 0x64, 0x00, 0x08, 0x00, 0x00,
    0x00, 0x00, 0x04, 0x4c, 0x04, 0x4c, 0x00, 0x07, 0x00, 0x0b, 0x00, 0x13, 0x00, 0x1b, 0x00, 0x1f,
    0x00, 0x23, 0x00, 0x27, 0x00, 0x2b, 0x00, 0x00, 0x11, 0x35, 0x21, 0x15, 0x21, 0x15, 0x23, 0x35,
    0x01, 0x35, 0x21, 0x15, 0x25, 0x35, 0x33, 0x11, 0x21, 0x11, 0x33, 0x15, 0x01, 0x15, 0x23, 0x35,
    0x21, 0x35, 0x21, 0x15, 0x05, 0x33, 0x15, 0x23, 0x17, 0x35, 0x33, 0x15, 0x21, 0x35, 0x33, 0x15,
    0x35, 0x35, 0x33, 0x15, 0x04, 0x4c, 0xfe, 0x0c, 0x64, 0x01, 0x90, 0xfd, 0x44, 0x02, 0xbc, 0x64,
    0xfc, 0x7c, 0x64, 0x01, 0x90, 0x64, 0xfe, 0x70, 0x03, 0x84, 0xfe, 0x70, 0xc8, 0xc8, 0xc8, 0xc8,
    0xfc, 0x7c, 0xc8, 0xc8, 0x01, 0xf4, 0x64, 0x64, 0x64, 0x64, 0xfe, 0x70, 0x64, 0x64, 0xc8, 0x64,
    0xfe, 0x70, 0x01, 0x90, 0x64, 0x02, 0xbc, 0x64, 0x64, 0x64, 0x64, 0x64, 0x64, 0x64, 0x64, 0x64,
    0x64, 0x64, 0x64, 0x64, 0x64, 0x00, 0x00, 0x09, 0x00, 0x00, 0x00, 0x00, 0x04, 0x4c, 0x04, 0x4c,
    0x00, 0x0b, 0x00, 0x0f, 0x00, 0x13, 0x00, 0x17, 0x00, 0x1f, 0x00, 0x23, 0x00, 0x27, 0x00, 0x2b,
    0x00, 0x2f, 0x00, 0x00, 0x11, 0x35, 0x21, 0x15, 0x21, 0x15, 0x21, 0x15, 0x21, 0x35, 0x21, 0x35,
    0x01, 0x15, 0x21, 0x35, 0x25, 0x33, 0x15, 0x23, 0x21, 0x23, 0x35, 0x33, 0x01, 0x15, 0x23, 0x35,
    0x21, 0x35, 0x21, 0x15, 0x05, 0x33, 0x15, 0x23, 0x17, 0x35, 0x33, 0x15, 0x21, 0x35, 0x33, 0x15,
    0x35, 0x35, 0x33, 0x15, 0x04, 0x4c, 0xfe, 0x0c, 0x01, 0x2c, 0xfd, 0x44, 0x01, 0x2c, 0x01, 0x90,
    0xfd, 0x44, 0x02, 0xbc, 0x64, 0x64, 0xfd, 0x44, 0x64, 0x64, 0x01, 0x90, 0x64, 0xfe, 0x70, 0x03,
    0x84, 0xfe, 0x70, 0xc8, 0xc8, 0xc8, 0xc8, 0xfc, 0x7c, 0xc8, 0xc8, 0x01, 0xf4, 0x64, 0x64, 0x64,
    0x64, 0x64, 0x64, 0xfe, 0x70, 0x64, 0x64, 0xc8, 0xc8, 0xc8, 0x02, 0xbc, 0x64, 0x64, 0x64, 0x64,
    0x64, 0x64, 0x64, 0x64, 0x64, 0x64, 0x64, 0x64, 0x64, 0x64, 0x00, 0x07, 0x00, 0x00, 0x00, 0x00,
    0x04, 0x4c, 0x04, 0x4c, 0x00, 0x03, 0x00, 0x09, 0x00, 0x11, 0x00, 0x15, 0x00, 0x19, 0x00, 0x1d,
    0x00, 0x21, 0x00, 0x00, 0x11, 0x35, 0x21, 0x15, 0x03, 0x11, 0x21, 0x35, 0x21, 0x11, 0x01, 0x15,
    0x23, 0x35, 0x21, 0x35, 0x21, 0x15, 0x05, 0x33, 0x15, 0x23, 0x17, 0x35, 0x33, 0x15, 0x21, 0x35,
    0x33, 0x15, 0x35, 0x35, 0x33, 0x15, 0x04, 0x4c, 0xc8, 0xfc, 0xe0, 0x03, 0x84, 0xfe, 0x70, 0x64,
    0xfe, 0x70, 0x03, 0x84, 0xfe, 0x70, 0xc8, 0xc8, 0xc8, 0xc8, 0xfc, 0x7c, 0xc8, 0xc8, 0x01, 0xf4,
    0x64, 0x64, 0xfe, 0x0c, 0x01, 0x2c, 0x64, 0xfe, 0x70, 0x03, 0xe8, 0x64, 0x64, 0x64, 0x64, 0x64,
    0x64, 0x64, 0x64, 0x64, 0x64, 0x64, 0x64, 0x64, 0x64, 0x00, 0x00, 0x0a, 0x00, 0x00, 0x00, 0x00,
    0x04, 0x4c, 0x04, 0x4c, 0x00, 0x03, 0x00, 0x07, 0x00, 0x0b, 0x00, 0x0f, 0x00, 0x13, 0x00, 0x1b,
    0x00, 0x1f, 0x00, 0x23, 0x00, 0x27, 0x00, 0x2b, 0x00, 0x00, 0x11, 0x35, 0x21, 0x15, 0x03, 0x15,
    0x21, 0x35, 0x01, 0x15, 0x21, 0x35, 0x05, 0x33, 0x15, 0x23, 0x21, 0x23, 0x35, 0x33, 0x01, 0x15,
    0x23, 0x35, 0x21, 0x35, 0x21, 0x15, 0x05, 0x33, 0x15, 0x23, 0x17, 0x35, 0x33, 0x15, 0x21, 0x35,
    0x33, 0x15, 0x35, 0x35, 0x33, 0x15, 0x04, 0x4c, 0xc8, 0xfd, 0x44, 0x02, 0xbc, 0xfd, 0x44, 0x02,
    0xbc, 0x64, 0x64, 0xfd, 0x44, 0x64, 0x64, 0x01, 0x90, 0x64, 0xfe, 0x70, 0x03, 0x84, 0xfe, 0x70,
    0xc8, 0xc8, 0xc8, 0xc8, 0xfc, 0x7c, 0xc8, 0xc8, 0x01, 0xf4, 0x64, 0x64, 0xfe, 0x70, 0x64, 0x64,
    0x01, 0x2c, 0x64, 0x64, 0x64, 0xc8, 0xc8, 0x02, 0xbc, 0x64, 0x64, 0x64, 0x64, 0x64, 0x64, 0x64,
    0x64, 0x64, 0x64, 0x64, 0x64, 0x64, 0x64, 0x00, 0x00, 0x08, 0x00, 0x00, 0x00, 0x00, 0x03, 0xe8,
    0x04, 0x4c, 0x00, 0x03, 0x00, 0x07, 0x00, 0x0f, 0x00, 0x13, 0x00, 0x17, 0x00, 0x1b, 0x00, 0x1f,
    0x00, 0x23, 0x00, 0x00, 0x01, 0x33, 0x11, 0x23, 0x25, 0x35, 0x33, 0x15, 0x03, 0x35, 0x21, 0x15,
    0x21, 0x11, 0x23, 0x11, 0x03, 0x23, 0x35, 0x33, 0x31, 0x11, 0x33, 0x11, 0x33, 0x11, 0x33, 0x11,
    0x17, 0x23, 0x35, 0x33, 0x11, 0x35, 0x33, 0x15, 0x03, 0x84, 0x64, 0x64, 0xfc, 0x7c, 0x64, 0x64,
    0x02, 0xbc, 0xfe, 0xd4, 0x64, 0x64, 0x64, 0x64, 0x64, 0x64, 0x64, 0x64, 0x64, 0x64, 0x64, 0x04,
    0x4c, 0xfb, 0xb4, 0x64, 0x64, 0x64, 0x03, 0x84, 0x64, 0x64, 0xfe, 0xd4, 0x01, 0x2c, 0xfc, 0xe0,
    0xc8, 0x01, 0x2c, 0xfe, 0xd4, 0x01, 0x2c, 0xfe, 0xd4, 0xc8, 0xc8, 0xfe, 0xd4, 0x64, 0x64, 0x00,
    0x00, 0x0a, 0x00, 0x00, 0x00, 0x00, 0x03, 0xe8, 0x04, 0x4c, 0x00, 0x03, 0x00, 0x07, 0x00, 0x0f,
    0x00, 0x13, 0x00, 0x17, 0x00, 0x1b, 0x00, 0x1f, 0x00, 0x23, 0x00, 0x27, 0x00, 0x2b, 0x00, 0x00,
    0x01, 0x33, 0x11, 0x23, 0x21, 0x35, 0x33, 0x15, 0x03, 0x35, 0x21, 0x15, 0x21, 0x15, 0x23, 0x35,
    0x01, 0x35, 0x21, 0x15, 0x11, 0x15, 0x23, 0x35, 0x37, 0x33, 0x15, 0x23, 0x33, 0x35, 0x33, 0x15,
    0x17, 0x35, 0x33, 0x15, 0x27, 0x15, 0x23, 0x35, 0x01, 0x11, 0x21, 0x11, 0x03, 0x84, 0x64, 0x64,
    0xfc, 0x7c, 0x64, 0x64, 0x02, 0xbc, 0xfe, 0xd4, 0x64, 0x02, 0x58, 0xfd, 0x44, 0x64, 0x64, 0x64,
    0x64, 0xc8, 0x64, 0x64, 0x64, 0x64, 0x64, 0xfe, 0x70, 0x03, 0x84, 0x04, 0x4c, 0xfd, 0xa8, 0x64,
    0x64, 0x01, 0xf4, 0x64, 0x64, 0xc8, 0xc8, 0xfc, 0x7c, 0xc8, 0xc8, 0x02, 0x58, 0x64, 0x64, 0x64,
    0x64, 0x64, 0x64, 0xc8, 0x64, 0x64, 0xc8, 0x64, 0x64, 0xfd, 0x44, 0x01, 0x90, 0xfe, 0x70, 0x00,
    0x00, 0x0a, 0x00, 0x00, 0x00, 0x00, 0x03, 0xe8, 0x04, 0x4c, 0x00, 0x03, 0x00, 0x07, 0x00, 0x0f,
    0x00, 0x13, 0x00, 0x1b, 0x00, 0x1f, 0x00, 0x23, 0x00, 0x27, 0x00, 0x2b, 0x00, 0x2f, 0x00, 0x00,
    0x01, 0x33, 0x11, 0x23, 0x21, 0x35, 0x33, 0x15, 0x03, 0x35, 0x21, 0x15, 0x21, 0x15, 0x23, 0x35,
    0x01, 0x35, 0x21, 0x15, 0x25, 0x35, 0x33, 0x11, 0x21, 0x11, 0x33, 0x15, 0x11, 0x15, 0x23, 0x35,
    0x37, 0x33, 0x15, 0x23, 0x33, 0x35, 0x33, 0x15, 0x17, 0x35, 0x33, 0x15, 0x27, 0x15, 0x23, 0x35,
    0x03, 0x84, 0x64, 0x64, 0xfc, 0x7c, 0x64, 0x64, 0x02, 0xbc, 0xfe, 0xd4, 0x64, 0x02, 0x58, 0xfd,
    0x44, 0x02, 0xbc, 0x64, 0xfc, 0x7c, 0x64, 0x64, 0x64, 0x64, 0x64, 0xc8, 0x64, 0x64, 0x64, 0x64,
    0x64, 0x04, 0x4c, 0xfd, 0xa8, 0x64, 0x64, 0x01, 0xf4, 0x64, 0x64, 0xc8, 0xc8, 0xfc, 0x7c, 0x64,
    0x64, 0xc8, 0x64, 0xfe, 0x70, 0x01, 0x90, 0x64, 0x01, 0x90, 0x64, 0x64, 0x64, 0x64, 0x64, 0x64,
    0xc8, 0x64, 0x64, 0xc8, 0x64, 0x64, 0x00, 0x08, 0x00, 0x00, 0x00, 0x00, 0x04, 0x4c, 0x04, 0x4c,
    0x00, 0x07, 0x00, 0x0b, 0x00, 0x13, 0x00, 0x19, 0x00, 0x1d, 0x00, 0x21, 0x00, 0x25, 0x00, 0x29,
    0x00, 0x00, 0x01, 0x33, 0x11, 0x33, 0x15, 0x23, 0x15, 0x23, 0x21, 0x35, 0x33, 0x15, 0x03, 0x35,
    0x21, 0x15, 0x21, 0x15, 0x23, 0x35, 0x01, 0x11, 0x21, 0x35, 0x21, 0x11, 0x01, 0x35, 0x33, 0x15,
    0x03, 0x35, 0x21, 0x15, 0x03, 0x33, 0x15, 0x23, 0x17, 0x35, 0x33, 0x15, 0x03, 0x84, 0x64, 0x64,
    0x64, 0x64, 0xfc, 0x7c, 0xc8, 0xc8, 0x02, 0xbc, 0xfe, 0xd4, 0x64, 0x02, 0x58, 0xfc, 0xe0, 0x03,
    0x84, 0xfc, 0xe0, 0x64, 0x64, 0x01, 0x2c, 0x64, 0x64, 0x64, 0x64, 0xc8, 0x04, 0x4c, 0xfe, 0xd4,
    0x64, 0xc8, 0x64, 0x64, 0x01, 0x2c, 0x64, 0x64, 0x64, 0x64, 0xfc, 0xe0, 0x01, 0x2c, 0x64, 0xfe,
    0x70, 0x02, 0x58, 0x64, 0x64, 0x01, 0x90, 0x64, 0x64, 0xfe, 0xd4, 0x64, 0x64, 0x64, 0x64, 0x00,
    0x00, 0x0b, 0x00, 0x00, 0x00, 0x00, 0x04, 0x4c, 0x04, 0x4c, 0x00, 0x07, 0x00, 0x0b, 0x00, 0x13,
    0x00, 0x17, 0x00, 0x1b, 0x00, 0x1f, 0x00, 0x23, 0x00, 0x27, 0x00, 0x2b, 0x00, 0x2f, 0x00, 0x33,
    0x00, 0x00, 0x01, 0x33, 0x11, 0x33, 0x15, 0x23, 0x15, 0x23, 0x21, 0x35, 0x33, 0x15, 0x03, 0x35,
    0x21, 0x15, 0x21, 0x15, 0x23, 0x35, 0x01, 0x15, 0x21, 0x35, 0x01, 0x15, 0x21, 0x35, 0x05, 0x33,
    0x15, 0x23, 0x21, 0x23, 0x35, 0x33, 0x11, 0x35, 0x33, 0x15, 0x03, 0x35, 0x21, 0x15, 0x03, 0x33,
    0x15, 0x23, 0x17, 0x35, 0x33, 0x15, 0x03, 0x84, 0x64, 0x64, 0x64, 0x64, 0xfc, 0x7c, 0xc8, 0xc8,
    0x02, 0xbc, 0xfe, 0xd4, 0x64, 0x02, 0x58, 0xfd, 0x44, 0x02, 0xbc, 0xfd, 0x44, 0x02, 0xbc, 0x64,
    0x64, 0xfd, 0x44, 0x64, 0x64, 0x64, 0x64, 0x01, 0x2c, 0x64, 0x64, 0x64, 0x64, 0xc8, 0x04, 0x4c,
    0xfe, 0xd4, 0x64, 0xc8, 0x64, 0x64, 0x01, 0x2c, 0x64, 0x64, 0x64, 0x64, 0xfd, 0x44, 0x64, 0x64,
    0x01, 0x2c, 0x64, 0x64, 0x64, 0xc8, 0xc8, 0x01, 0x2c, 0x64, 0x64, 0x01, 0x90, 0x64, 0x64, 0xfe,
    0xd4, 0x64, 0x64, 0x64, 0x64, 0x00, 0x00, 0x09, 0x00, 0x00, 0x00, 0x00, 0x03, 0xe8, 0x04, 0x4c,
    0x00, 0x07, 0x00, 0x0b, 0x00, 0x13, 0x00, 0x17, 0x00, 0x1b, 0x00, 0x1f, 0x00, 0x23, 0x00, 0x27,
    0x00, 0x2b, 0x00, 0x00, 0x01, 0x33, 0x11, 0x23, 0x11, 0x23, 0x35, 0x33, 0x01, 0x35, 0x33, 0x15,
    0x03, 0x35, 0x21, 0x15, 0x21, 0x11, 0x23, 0x11, 0x03, 0x23, 0x35, 0x33, 0x35, 0x33, 0x15, 0x23,
    0x11, 0x35, 0x21, 0x15, 0x03, 0x33, 0x15, 0x23, 0x17, 0x23, 0x35, 0x33, 0x15, 0x35, 0x33, 0x15,
    0x03, 0x84, 0x64, 0x64, 0xc8, 0xc8, 0xfc, 0x7c, 0x64, 0x64, 0x02, 0xbc, 0xfe, 0xd4, 0x64, 0x64,
    0x64, 0x64, 0x64, 0x64, 0x01, 0x2c, 0x64, 0x64, 0x64, 0xc8, 0x64, 0x64, 0x64, 0x04, 0x4c, 0xfb,
    0xb4, 0x01, 0xf4, 0x64, 0xfe, 0x0c, 0x64, 0x64, 0x02, 0xbc, 0x64, 0x64, 0xfe, 0xd4, 0x01, 0x2c,
    0xfd, 0xa8, 0x64, 0xc8, 0xc8, 0x02, 0xbc, 0x64, 0x64, 0xfe, 0x0c, 0xc8, 0x64, 0x64, 0xc8, 0x64,
    0x64, 0x00, 0x00, 0x08, 0x00, 0x00, 0x00, 0x00, 0x03, 0xe8, 0x04, 0x4c, 0x00, 0x03, 0x00, 0x07,
    0x00, 0x0f, 0x00, 0x13, 0x00, 0x17, 0x00, 0x1b, 0x00, 0x1f, 0x00, 0x27, 0x00, 0x00, 0x35, 0x35,
    0x33, 0x15, 0x01, 0x33, 0x11, 0x23, 0x01, 0x35, 0x21, 0x15, 0x23, 0x11, 0x23, 0x11, 0x11, 0x15,
    0x23, 0x35, 0x01, 0x35, 0x33, 0x15, 0x27, 0x23, 0x35, 0x33, 0x11, 0x21, 0x35, 0x21, 0x01, 0x23,
    0x11, 0x23, 0x35, 0x33, 0x11, 0x33, 0x64, 0x03, 0x20, 0x64, 0x64, 0xfc, 0x7c, 0x01, 0xf4, 0xc8,
    0x64, 0x64, 0x01, 0x2c, 0x64, 0x64, 0x64, 0x64, 0xfe, 0xd4, 0x01, 0x2c, 0x01, 0x90, 0x64, 0xc8,
    0xc8, 0x64, 0x64, 0xc8, 0xc8, 0x03, 0xe8, 0xfb, 0xb4, 0x03, 0x20, 0x64, 0x64, 0xfe, 0xd4, 0x01,
    0x2c, 0xfe, 0xd4, 0xc8, 0xc8, 0xfe, 0x70, 0xc8, 0xc8, 0xc8, 0xc8, 0x01, 0xf4, 0x64, 0xfb, 0xb4,
    0x01, 0xf4, 0x64, 0x01, 0xf4, 0x00, 0x00, 0x09, 0x00, 0x00, 0x00, 0x64, 0x04, 0x4c, 0x04, 0x4c,
    0x00, 0x07, 0x00, 0x0b, 0x00, 0x0f, 0x00, 0x17, 0x00, 0x1b, 0x00, 0x1f, 0x00, 0x23, 0x00, 0x27,
    0x00, 0x2b, 0x00, 0x00, 0x35, 0x35, 0x21, 0x35, 0x33, 0x15, 0x21, 0x15, 0x01, 0x23, 0x35, 0x33,
    0x31, 0x35, 0x33, 0x15, 0x37, 0x23, 0x35, 0x21, 0x35, 0x21, 0x15, 0x21, 0x15, 0x35, 0x33, 0x15,
    0x17, 0x33, 0x15, 0x23, 0x35, 0x15, 0x23, 0x35, 0x13, 0x21, 0x35, 0x21, 0x01, 0x35, 0x33, 0x15,
    0x01, 0xf4, 0x64, 0x01, 0xf4, 0xfd, 0x44, 0x64, 0x64, 0x64, 0x64, 0x64, 0xfe, 0x70, 0x03, 0x84,
    0xfe, 0x70, 0x64, 0x64, 0xc8, 0xc8, 0x64, 0x64, 0xfe, 0x0c, 0x01, 0xf4, 0xfd, 0x44, 0xc8, 0x64,
    0x64, 0xc8, 0xc8, 0x64, 0x01, 0x90, 0x64, 0x64, 0x64, 0x64, 0x64, 0x64, 0x64, 0xc8, 0x64, 0x64,
    0x64, 0x64, 0xc8, 0x64, 0x64, 0x01, 0x90, 0x64, 0xfd, 0x44, 0x64, 0x64, 0x00, 0x06, 0x00, 0x00,
    0x00, 0x00, 0x04, 0x4c, 0x04, 0x4c, 0x00, 0x07, 0x00, 0x0d, 0x00, 0x11, 0x00, 0x1d, 0x00, 0x21,
    0x00, 0x25, 0x00, 0x00, 0x11, 0x35, 0x21, 0x35, 0x33, 0x15, 0x21, 0x15, 0x07, 0x21, 0x35, 0x21,
    0x11, 0x23, 0x01, 0x15, 0x21, 0x35, 0x25, 0x21, 0x35, 0x21, 0x15, 0x21, 0x15, 0x23, 0x35, 0x23,
    0x15, 0x23, 0x01, 0x21, 0x35, 0x21, 0x13, 0x15, 0x21, 0x35, 0x01, 0xf4, 0x64, 0x01, 0xf4, 0xc8,
    0xfc, 0xe0, 0x03, 0x84, 0x64, 0xfe, 0x0c, 0xfe, 0xd4, 0x01, 0x2c, 0xfe, 0xd4, 0x03, 0x84, 0xfe,
    0xd4, 0x64, 0x64, 0x64, 0x01, 0x90, 0xfe, 0x0c, 0x01, 0xf4, 0xc8, 0xfe, 0xd4, 0x01, 0x90, 0x64,
    0x64, 0x64, 0x64, 0xc8, 0x64, 0xfe, 0xd4, 0x02, 0xbc, 0x64, 0x64, 0x64, 0x64, 0x64, 0x64, 0x64,
    0x64, 0x01, 0x2c, 0x64, 0xfe, 0x70, 0x64, 0x64, 0x00, 0x09, 0x00, 0x00, 0x00, 0x00, 0x04, 0x4c,
    0x04, 0x4c, 0x00, 0x07, 0x00, 0x0b, 0x00, 0x0f, 0x00, 0x13, 0x00, 0x17, 0x00, 0x1b, 0x00, 0x27,
    0x00, 0x2b, 0x00, 0x2f, 0x00, 0x00, 0x11, 0x35, 0x21, 0x35, 0x33, 0x15, 0x21, 0x15, 0x07, 0x33,
    0x15, 0x23, 0x31, 0x15, 0x21, 0x35, 0x25, 0x15, 0x21, 0x35, 0x15, 0x15, 0x23, 0x35, 0x01, 0x15,
    0x21, 0x35, 0x25, 0x21, 0x35, 0x21, 0x15, 0x21, 0x15, 0x23, 0x35, 0x23, 0x15, 0x23, 0x01, 0x21,
    0x35, 0x21, 0x13, 0x15, 0x21, 0x35, 0x01, 0xf4, 0x64, 0x01, 0xf4, 0xc8, 0x64, 0x64, 0xfd, 0x44,
    0x02, 0xbc, 0xfd, 0x44, 0x64, 0x01, 0x2c, 0xfe, 0xd4, 0x01, 0x2c, 0xfe, 0xd4, 0x03, 0x84, 0xfe,
    0xd4, 0x64, 0x64, 0x64, 0x01, 0x90, 0xfe, 0x0c, 0x01, 0xf4, 0xc8, 0xfe, 0xd4, 0x01, 0x90, 0x64,
    0x64, 0x64, 0x64, 0xc8, 0x64, 0x64, 0x64, 0xc8, 0x64, 0x64, 0x64, 0x64, 0x64, 0x01, 0xf4, 0x64,
    0x64, 0x64, 0x64, 0x64, 0x64, 0x64, 0x64, 0x01, 0x2c, 0x64, 0xfe, 0x70, 0x64, 0x64, 0x00, 0x0a,
    0x00, 0x00, 0x00, 0x00, 0x03, 0xe8, 0x04, 0x4c, 0x00, 0x03, 0x00, 0x0b, 0x00, 0x0f, 0x00, 0x17,
    0x00, 0x1b, 0x00, 0x1f, 0x00, 0x23, 0x00, 0x27, 0x00, 0x2b, 0x00, 0x2f, 0x00, 0x00, 0x01, 0x33,
    0x11, 0x23, 0x25, 0x35, 0x21, 0x35, 0x33, 0x15, 0x21, 0x15, 0x01, 0x35, 0x33, 0x15, 0x03, 0x35,
    0x21, 0x15, 0x21, 0x15, 0x23, 0x35, 0x03, 0x23, 0x35, 0x33, 0x31, 0x35, 0x33, 0x15, 0x03, 0x35,
    0x21, 0x15, 0x03, 0x33, 0x15, 0x23, 0x17, 0x23, 0x35, 0x33, 0x15, 0x35, 0x33, 0x15, 0x03, 0x84,
    0x64, 0x64, 0xfc, 0x7c, 0x01, 0x2c, 0x64, 0x01, 0x90, 0xfc, 0xe0, 0x64, 0x64, 0x02, 0xbc, 0xfe,
    0xd4, 0x64, 0x64, 0x64, 0x64, 0x64, 0x64, 0x01, 0x2c, 0x64, 0x64, 0x64, 0xc8, 0x64, 0x64, 0x64,
    0x04, 0x4c, 0xfb, 0xb4, 0x64, 0x64, 0xc8, 0xc8, 0x64, 0x01, 0x2c, 0x64, 0x64, 0x01, 0x90, 0x64,
    0x64, 0x64, 0x64, 0xfe, 0xd4, 0x64, 0x64, 0x64, 0x01, 0x90, 0x64, 0x64, 0xfe, 0xd4, 0x64, 0x64,
    0x64, 0xc8, 0x64, 0x64, 0x00, 0x07, 0x00, 0x00, 0x00, 0x00, 0x04, 0x4c, 0x04, 0x4c, 0x00, 0x07,
    0x00, 0x0b, 0x00, 0x13, 0x00, 0x17, 0x00, 0x1b, 0x00, 0x1f, 0x00, 0x23, 0x00, 0x00, 0x11, 0x35,
    0x21, 0x15, 0x21, 0x11, 0x23, 0x11, 0x13, 0x33, 0x15, 0x23, 0x35, 0x15, 0x23, 0x35, 0x21, 0x35,
    0x21, 0x15, 0x03, 0x35, 0x33, 0x15, 0x03, 0x21, 0x35, 0x21, 0x01, 0x35, 0x33, 0x15, 0x35, 0x35,
    0x33, 0x15, 0x04, 0x4c, 0xfe, 0x0c, 0x64, 0x64, 0xc8, 0xc8, 0x64, 0xfe, 0x70, 0x03, 0x84, 0xc8,
    0xc8, 0xc8, 0xfe, 0x0c, 0x01, 0xf4, 0xfd, 0x44, 0xc8, 0xc8, 0x01, 0x2c, 0x64, 0x64, 0xfe, 0xd4,
    0x01, 0x2c, 0x01, 0x90, 0x64, 0xc8, 0x64, 0x64, 0x64, 0x64, 0xfe, 0xd4, 0x64, 0x64, 0x01, 0xf4,
    0x64, 0xfd, 0xa8, 0x64, 0x64, 0x64, 0x64, 0x64, 0x00, 0x08, 0x00, 0x00, 0x00, 0x00, 0x04, 0x4c,
    0x04, 0x4c, 0x00, 0x0b, 0x00, 0x0f, 0x00, 0x13, 0x00, 0x17, 0x00, 0x1b, 0x00, 0x27, 0x00, 0x2b,
    0x00, 0x2f, 0x00, 0x00, 0x11, 0x35, 0x21, 0x15, 0x21, 0x15, 0x21, 0x15, 0x21, 0x35, 0x21, 0x35,
    0x05, 0x33, 0x15, 0x23, 0x31, 0x15, 0x21, 0x35, 0x35, 0x15, 0x23, 0x35, 0x01, 0x15, 0x21, 0x35,
    0x25, 0x21, 0x35, 0x21, 0x15, 0x21, 0x15, 0x23, 0x35, 0x23, 0x15, 0x23, 0x01, 0x21, 0x35, 0x21,
    0x13, 0x15, 0x21, 0x35, 0x04, 0x4c, 0xfe, 0x0c, 0x01, 0x2c, 0xfd, 0x44, 0x01, 0x2c, 0x01, 0x90,
    0x64, 0x64, 0xfd, 0x44, 0x64, 0x01, 0x2c, 0xfe, 0xd4, 0x01, 0x2c, 0xfe, 0xd4, 0x03, 0x84, 0xfe,
    0xd4, 0x64, 0x64, 0x64, 0x01, 0x90, 0xfe, 0x0c, 0x01, 0xf4, 0xc8, 0xfe, 0xd4, 0x01, 0x90, 0x64,
    0x64, 0x64, 0x64, 0x64, 0x64, 0xc8, 0x64, 0x64, 0x64, 0x64, 0x64, 0x64, 0x01, 0xf4, 0x64, 0x64,
    0x64, 0x64, 0x64, 0x64, 0x64, 0x64, 0x01, 0x2c, 0x64, 0xfe, 0x70, 0x64, 0x64, 0x00, 0x00, 0x09,
    0x00, 0x00, 0x00, 0x00, 0x03, 0xe8, 0x04, 0x4c, 0x00, 0x03, 0x00, 0x07, 0x00, 0x0f, 0x00, 0x13,
    0x00, 0x17, 0x00, 0x1b, 0x00, 0x1f, 0x00, 0x23, 0x00, 0x27, 0x00, 0x00, 0x01, 0x33, 0x11, 0x23,
    0x25, 0x35, 0x33, 0x15, 0x03, 0x35, 0x21, 0x15, 0x21, 0x11, 0x23, 0x11, 0x03, 0x23, 0x35, 0x33,
    0x35, 0x33, 0x15, 0x23, 0x11, 0x35, 0x21, 0x15, 0x03, 0x33, 0x15, 0x23, 0x17, 0x23, 0x35, 0x33,
    0x15, 0x35, 0x33, 0x15, 0x03, 0x84, 0x64, 0x64, 0xfc, 0x7c, 0x64, 0x64, 0x02, 0xbc, 0xfe, 0xd4,
    0x64, 0x64, 0x64, 0x64, 0x64, 0x64, 0x01, 0x2c, 0x64, 0x64, 0x64, 0xc8, 0x64, 0x64, 0x64, 0x04,
    0x4c, 0xfb, 0xb4, 0x64, 0x64, 0x64, 0x02, 0xbc, 0x64, 0x64, 0xfe, 0xd4, 0x01, 0x2c, 0xfd, 0xa8,
    0x64, 0xc8, 0xc8, 0x02, 0xbc, 0x64, 0x64, 0xfe, 0x0c, 0xc8, 0x64, 0x64, 0xc8, 0x64, 0x64, 0x00,
    0x00, 0x08, 0x00, 0x00, 0x00, 0x00, 0x03, 0xe8, 0x04, 0x4c, 0x00, 0x03, 0x00, 0x07, 0x00, 0x0f,
    0x00, 0x15, 0x00, 0x19, 0x00, 0x1d, 0x00, 0x21, 0x00, 0x25, 0x00, 0x00, 0x01, 0x33, 0x11, 0x23,
    0x21, 0x35, 0x33, 0x15, 0x03, 0x35, 0x21, 0x15, 0x21, 0x15, 0x23, 0x35, 0x01, 0x11, 0x21, 0x35,
    0x21, 0x11, 0x01, 0x35, 0x33, 0x15, 0x03, 0x35, 0x21, 0x15, 0x03, 0x33, 0x15, 0x23, 0x17, 0x35,
    0x33, 0x15, 0x03, 0x84, 0x64, 0x64, 0xfc, 0x7c, 0xc8, 0xc8, 0x02, 0xbc, 0xfe, 0xd4, 0x64, 0x02,
    0x58, 0xfc, 0xe0, 0x03, 0x84, 0xfc, 0xe0, 0x64, 0x64, 0x01, 0x2c, 0x64, 0x64, 0x64, 0x64, 0xc8,
    0x04, 0x4c, 0xfd, 0xa8, 0x64, 0x64, 0x01, 0x2c, 0x64, 0x64, 0x64, 0x64, 0xfc, 0xe0, 0x01, 0x2c,
    0x64, 0xfe, 0x70, 0x02, 0x58, 0x64, 0x64, 0x01, 0x90, 0x64, 0x64, 0xfe, 0xd4, 0x64, 0x64, 0x64,
    0x64, 0x00, 0x00, 0x09, 0x00, 0x00, 0x00, 0x00, 0x03, 0xe8, 0x04, 0x4c, 0x00, 0x03, 0x00, 0x07,
    0x00, 0x0f, 0x00, 0x13, 0x00, 0x17, 0x00, 0x1b, 0x00, 0x1f, 0x00, 0x23, 0x00, 0x27, 0x00, 0x00,
    0x01, 0x33, 0x11, 0x23, 0x21, 0x35, 0x33, 0x15, 0x03, 0x35, 0x21, 0x15, 0x21, 0x15, 0x23, 0x35,
    0x01, 0x35, 0x21, 0x15, 0x11, 0x35, 0x33, 0x15, 0x03, 0x35, 0x21, 0x15, 0x03, 0x33, 0x15, 0x23,
    0x01, 0x11, 0x21, 0x11, 0x01, 0x35, 0x33, 0x15, 0x03, 0x84, 0x64, 0x64, 0xfc, 0x7c, 0xc8, 0xc8,
    0x02, 0xbc, 0xfe, 0xd4, 0x64, 0x02, 0x58, 0xfd, 0x44, 0x64, 0x64, 0x01, 0x2c, 0x64, 0x64, 0x64,
    0xfe, 0xd4, 0x03, 0x84, 0xfe, 0x0c, 0xc8, 0x04, 0x4c, 0xfd, 0xa8, 0x64, 0x64, 0x01, 0x2c, 0x64,
    0x64, 0x64, 0x64, 0xfd, 0x44, 0xc8, 0xc8, 0x01, 0xf4, 0x64, 0x64, 0x01, 0x90, 0x64, 0x64, 0xfe,
    0xd4, 0x64, 0xfd, 0xa8, 0x01, 0x90, 0xfe, 0x70, 0x01, 0xf4, 0x64, 0x64, 0x00, 0x05, 0x00, 0x00,
    0x00, 0x00, 0x04, 0x4c, 0x04, 0x4c, 0x00, 0x07, 0x00, 0x0b, 0x00, 0x17, 0x00, 0x1b, 0x00, 0x1f,
    0x00, 0x00, 0x01, 0x33, 0x11, 0x33, 0x15, 0x23, 0x11, 0x23, 0x25, 0x35, 0x33, 0x15, 0x03, 0x35,
    0x21, 0x11, 0x21, 0x35, 0x21, 0x11, 0x23, 0x15, 0x23, 0x35, 0x03, 0x35, 0x33, 0x15, 0x37, 0x15,
    0x23, 0x35, 0x03, 0x84, 0x64, 0x64, 0x64, 0x64, 0xfc, 0x7c, 0xc8, 0xc8, 0x01, 0xf4, 0xfe, 0x0c,
    0x02, 0x58, 0x64, 0x64, 0xc8, 0x64, 0x64, 0x64, 0x04, 0x4c, 0xfe, 0x0c, 0x64, 0xfe, 0x0c, 0x64,
    0x64, 0x64, 0x01, 0xf4, 0x64, 0x01, 0x2c, 0x64, 0xfe, 0x0c, 0xc8, 0xc8, 0xfe, 0x70, 0x64, 0x64,
    0xc8, 0x64, 0x64, 0x00, 0x00, 0x05, 0x00, 0x00, 0x00, 0x00, 0x03, 0xe8, 0x04, 0x4c, 0x00, 0x0b,
    0x00, 0x0f, 0x00, 0x1b, 0x00, 0x1f, 0x00, 0x23, 0x00, 0x00, 0x01, 0x33, 0x11, 0x23, 0x11, 0x23,
    0x35, 0x33, 0x35, 0x23, 0x35, 0x33, 0x01, 0x35, 0x33, 0x15, 0x03, 0x35, 0x21, 0x11, 0x21, 0x35,
    0x21, 0x11, 0x23, 0x15, 0x23, 0x35, 0x03, 0x35, 0x33, 0x15, 0x37, 0x15, 0x23, 0x35, 0x03, 0x84,
    0x64, 0x64, 0xc8, 0xc8, 0xc8, 0xc8, 0xfc, 0x7c, 0xc8, 0xc8, 0x01, 0xf4, 0xfe, 0x0c, 0x02, 0x58,
    0x64, 0x64, 0xc8, 0x64, 0x64, 0x64, 0x04, 0x4c, 0xfb, 0xb4, 0x01, 0x90, 0x64, 0xc8, 0x64, 0xfd,
    0x44, 0x64, 0x64, 0x01, 0xf4, 0x64, 0x01, 0x2c, 0x64, 0xfe, 0x0c, 0xc8, 0xc8, 0xfe, 0x70, 0x64,
    0x64, 0xc8, 0x64, 0x64, 0x00, 0x04, 0x00, 0x00, 0x00, 0x00, 0x04, 0x4c, 0x04, 0x4c, 0x00, 0x0d,
    0x00, 0x11, 0x00, 0x15, 0x00, 0x19, 0x00, 0x00, 0x11, 0x35, 0x21, 0x35, 0x21, 0x35, 0x21, 0x35,
    0x21, 0x35, 0x21, 0x11, 0x33, 0x15, 0x03, 0x35, 0x21, 0x15, 0x01, 0x35, 0x21, 0x15, 0x01, 0x11,
    0x21, 0x11, 0x01, 0xf4, 0xfe, 0x70, 0x03, 0x20, 0xfc, 0xe0, 0x03, 0x84, 0x64, 0xc8, 0xfd, 0x44,
    0x02, 0xbc, 0xfe, 0xd4, 0xfe, 0x0c, 0x03, 0x84, 0x01, 0xf4, 0x64, 0xc8, 0x64, 0x64, 0x64, 0xfe,
    0x0c, 0x64, 0xfe, 0x70, 0xc8, 0xc8, 0x01, 0xf4, 0xc8, 0xc8, 0xfd, 0xa8, 0x01, 0x90, 0xfe, 0x70,
    0x00, 0x03, 0x00, 0x00, 0x00, 0x64, 0x04, 0x4c, 0x04, 0x4c, 0x00, 0x03, 0x00, 0x0d, 0x00, 0x11,
    0x00, 0x00, 0x35, 0x35, 0x21, 0x15, 0x01, 0x21, 0x11, 0x23, 0x35, 0x21, 0x35, 0x21, 0x11, 0x21,
    0x01, 0x35, 0x33, 0x15, 0x04, 0x4c, 0xfc, 0x18, 0x03, 0x84, 0x64, 0xfc, 0xe0, 0x03, 0x20, 0xfc,
    0xe0, 0x02, 0xbc, 0x64, 0x64, 0x64, 0x64, 0x03, 0xe8, 0xfd, 0x44, 0xc8, 0x64, 0x01, 0x2c, 0xfd,
    0x44, 0x64, 0x64, 0x00, 0x00, 0x02, 0x00, 0x00, 0x00, 0x00, 0x04, 0x4c, 0x04, 0x4c, 0x00, 0x0d,
    0x00, 0x19, 0x00, 0x00, 0x11, 0x35, 0x21, 0x35, 0x21, 0x35, 0x21, 0x35, 0x21, 0x35, 0x21, 0x11,
    0x33, 0x15, 0x03, 0x35, 0x21, 0x35, 0x21, 0x11, 0x21, 0x15, 0x21, 0x15, 0x21, 0x11, 0x03, 0x84,
    0xfc, 0xe0, 0x03, 0x20, 0xfc, 0xe0, 0x03, 0x84, 0x64, 0xc8, 0xfc, 0xe0, 0x03, 0x84, 0xfc, 0xe0,
    0x03, 0x20, 0xfc, 0x7c, 0x02, 0x58, 0x64, 0x64, 0x64, 0x64, 0x64, 0xfe, 0x70, 0x64, 0xfe, 0xd4,
    0x64, 0x64, 0xfe, 0xd4, 0x64, 0x64, 0x01, 0x2c, 0x00, 0x05, 0x00, 0x00, 0x00, 0x00, 0x03, 0xe8,
    0x04, 0x4c, 0x00, 0x03, 0x00, 0x07, 0x00, 0x13, 0x00, 0x17, 0x00, 0x1b, 0x00, 0x00, 0x01, 0x33,
    0x11, 0x23, 0x25, 0x35, 0x33, 0x15, 0x03, 0x35, 0x21, 0x11, 0x21, 0x35, 0x21, 0x11, 0x23, 0x15,
    0x23, 0x35, 0x03, 0x35, 0x33, 0x15, 0x37, 0x15, 0x23, 0x35, 0x03, 0x84, 0x64, 0x64, 0xfc, 0x7c,
    0xc8, 0xc8, 0x01, 0xf4, 0xfe, 0x0c, 0x02, 0x58, 0x64, 0x64, 0xc8, 0x64, 0x64, 0x64, 0x04, 0x4c,
    0xfb, 0xb4, 0x64, 0x64, 0x64, 0x01, 0xf4, 0x64, 0x01, 0x2c, 0x64, 0xfe, 0x0c, 0xc8, 0xc8, 0xfe,
    0x70, 0x64, 0x64, 0xc8, 0x64, 0x64, 0x00, 0x03, 0x00, 0x00, 0x00, 0x00, 0x03, 0xe8, 0x04, 0x4c,
    0x00, 0x11, 0x00, 0x1d, 0x00, 0x21, 0x00, 0x00, 0x01, 0x33, 0x11, 0x21, 0x15, 0x21, 0x15, 0x21,
    0x11, 0x21, 0x35, 0x21, 0x35, 0x23, 0x35, 0x21, 0x15, 0x21, 0x01, 0x35, 0x21, 0x11, 0x23, 0x15,
    0x23, 0x35, 0x21, 0x35, 0x21, 0x35, 0x03, 0x15, 0x23, 0x35, 0x03, 0x84, 0x64, 0xfc, 0xe0, 0x03,
    0x20, 0xfc, 0x7c, 0x03, 0x20, 0xfc, 0xe0, 0x64, 0x01, 0x2c, 0x02, 0x58, 0xfc, 0x7c, 0x02, 0x58,
    0x64, 0x64, 0xfe, 0x70, 0x01, 0xf4, 0x64, 0x64, 0x04, 0x4c, 0xfc, 0x7c, 0x64, 0x64, 0x01, 0x2c,
    0x64, 0x64, 0x64, 0x64, 0x01, 0xf4, 0x64, 0xfe, 0xd4, 0x64, 0x64, 0x64, 0x64, 0xfe, 0xd4, 0x64,
    0x64, 0x00, 0x00, 0x02, 0x00, 0x00, 0x00, 0x00, 0x04, 0x4c, 0x04, 0x4c, 0x00, 0x07, 0x00, 0x13,
    0x00, 0x00, 0x01, 0x33, 0x11, 0x33, 0x15, 0x23, 0x11, 0x23, 0x25, 0x11, 0x21, 0x15, 0x21, 0x11,
    0x21, 0x15, 0x21, 0x11, 0x21, 0x15, 0x03, 0x84, 0x64, 0x64, 0x64, 0x64, 0xfc, 0x7c, 0x02, 0xbc,
    0xfd, 0xa8, 0x02, 0x58, 0xfd, 0xa8, 0x02, 0x58, 0x04, 0x4c, 0xfe, 0x0c, 0x64, 0xfe, 0x0c, 0x64,
    0x03, 0xe8, 0x64, 0xfe, 0xd4, 0x64, 0xfe, 0x70, 0x64, 0x00, 0x00, 0x03, 0x00, 0x00, 0x00, 0x00,
    0x04, 0x4c, 0x04, 0x4c, 0x00, 0x07, 0x00, 0x13, 0x00, 0x19, 0x00, 0x00, 0x01, 0x33, 0x11, 0x33,
    0x15, 0x23, 0x11, 0x23, 0x25, 0x11, 0x21, 0x15, 0x21, 0x15, 0x21, 0x15, 0x21, 0x15, 0x21, 0x15,
    0x01, 0x21, 0x15, 0x21, 0x11, 0x33, 0x03, 0x84, 0x64, 0x64, 0x64, 0x64, 0xfc, 0x7c, 0x02, 0x58,
    0xfe, 0x0c, 0x01, 0xf4, 0xfe, 0x0c, 0x01, 0xf4, 0xfe, 0x70, 0x03, 0x20, 0xfc, 0x7c, 0x64, 0x04,
    0x4c, 0xfe, 0xd4, 0x64, 0xfe, 0x70, 0xc8, 0x02, 0x58, 0x64, 0x64, 0x64, 0xc8, 0x64, 0xfe, 0x70,
    0x64, 0x01, 0x90, 0x00, 0x00, 0x04, 0x00, 0x00, 0x00, 0x00, 0x04, 0x4c, 0x04, 0x4c, 0x00, 0x07,
    0x00, 0x13, 0x00, 0x17, 0x00, 0x1b, 0x00, 0x00, 0x01, 0x33, 0x15, 0x33, 0x15, 0x23, 0x11, 0x23,
    0x21, 0x11, 0x21, 0x15, 0x21, 0x15, 0x21, 0x15, 0x21, 0x15, 0x21, 0x15, 0x01, 0x35, 0x21, 0x15,
    0x07, 0x11, 0x21, 0x11, 0x03, 0x84, 0x64, 0x64, 0x64, 0x64, 0xfc, 0x7c, 0x02, 0x58, 0xfe, 0x0c,
    0x01, 0xf4, 0xfe, 0x0c, 0x01, 0xf4, 0x01, 0x2c, 0xfd, 0x44, 0x64, 0x03, 0x84, 0x04, 0x4c, 0xc8,
    0x64, 0xfe, 0xd4, 0x02, 0x58, 0x64, 0x64, 0x64, 0xc8, 0x64, 0xfe, 0x70, 0xc8, 0xc8, 0x64, 0x01,
    0x90, 0xfe, 0x70, 0x00, 0x00, 0x02, 0x00, 0x00, 0x00, 0x00, 0x03, 0xe8, 0x04, 0x4c, 0x00, 0x0b,
    0x00, 0x17, 0x00, 0x00, 0x35, 0x11, 0x21, 0x15, 0x21, 0x11, 0x21, 0x15, 0x21, 0x11, 0x21, 0x15,
    0x17, 0x23, 0x11, 0x33, 0x11, 0x33, 0x11, 0x33, 0x11, 0x23, 0x11, 0x23, 0x02, 0x58, 0xfe, 0x0c,
    0x01, 0xf4, 0xfe, 0x0c, 0x01, 0xf4, 0xc8, 0x64, 0x64, 0x64, 0x64, 0x64, 0x64, 0x64, 0x03, 0xe8,
    0x64, 0xfe, 0xd4, 0x64, 0xfe, 0x70, 0x64, 0x64, 0x04, 0x4c, 0xfe, 0x0c, 0x01, 0xf4, 0xfb, 0xb4,
    0x01, 0xf4, 0x00, 0x03, 0x00, 0x00, 0x00, 0x00, 0x03, 0xe8, 0x04, 0x4c, 0x00, 0x0b, 0x00, 0x17,
    0x00, 0x1d, 0x00, 0x00, 0x01, 0x33, 0x11, 0x23, 0x11, 0x23, 0x11, 0x23, 0x11, 0x33, 0x15, 0x33,
    0x01, 0x11, 0x21, 0x15, 0x21, 0x15, 0x21, 0x15, 0x21, 0x15, 0x21, 0x15, 0x01, 0x11, 0x21, 0x35,
    0x21, 0x11, 0x03, 0x84, 0x64, 0x64, 0x64, 0x64, 0x64, 0x64, 0xfc, 0x7c, 0x01, 0xf4, 0xfe, 0x70,
    0x01, 0x90, 0xfe, 0x70, 0x01, 0x90, 0x01, 0x90, 0xfc, 0xe0, 0x03, 0x84, 0x04, 0x4c, 0xfd, 0xa8,
    0x01, 0x2c, 0xfe, 0xd4, 0x02, 0x58, 0xc8, 0xfe, 0x70, 0x02, 0x58, 0x64, 0x64, 0x64, 0xc8, 0x64,
    0xfe, 0x0c, 0x01, 0x2c, 0x64, 0xfe, 0x70, 0x00, 0x00, 0x01, 0x00, 0x00, 0x00, 0x64, 0x04, 0x4c,
    0x04, 0x4c, 0x00, 0x13, 0x00, 0x00, 0x35, 0x35, 0x21, 0x35, 0x21, 0x11, 0x21, 0x15, 0x21, 0x15,
    0x21, 0x15, 0x21, 0x15, 0x21, 0x15, 0x21, 0x15, 0x21, 0x15, 0x01, 0xf4, 0xfe, 0x70, 0x03, 0x84,
    0xfc, 0xe0, 0x03, 0x20, 0xfc, 0xe0, 0x03, 0x20, 0xfe, 0x70, 0x01, 0xf4, 0x64, 0x64, 0xc8, 0x02,
    0xbc, 0x64, 0xc8, 0x64, 0xc8, 0x64, 0xc8, 0x64, 0x00, 0x05, 0x00, 0x00, 0x00, 0x00, 0x04, 0x4c,
    0x04, 0x4c, 0x00, 0x13, 0x00, 0x17, 0x00, 0x1b, 0x00, 0x1f, 0x00, 0x23, 0x00, 0x00, 0x11, 0x35,
    0x21, 0x35, 0x21, 0x11, 0x21, 0x15, 0x21, 0x15, 0x21, 0x15, 0x21, 0x15, 0x21, 0x15, 0x21, 0x15,
    0x21, 0x15, 0x07, 0x33, 0x15, 0x23, 0x31, 0x15, 0x21, 0x35, 0x25, 0x15, 0x21, 0x35, 0x15, 0x15,
    0x23, 0x35, 0x01, 0xf4, 0xfe, 0x70, 0x03, 0x84, 0xfc, 0xe0, 0x03, 0x20, 0xfc, 0xe0, 0x03, 0x20,
    0xfe, 0x70, 0x01, 0xf4, 0xc8, 0x64, 0x64, 0xfd, 0x44, 0x02, 0xbc, 0xfd, 0x44, 0x64, 0x01, 0x90,
    0x64, 0x64, 0x01, 0xf4, 0x64, 0x64, 0x64, 0x64, 0x64, 0x64, 0x64, 0xc8, 0x64, 0x64, 0x64, 0xc8,
    0x64, 0x64, 0x64, 0x64, 0x64, 0x00, 0x00, 0x06, 0x00, 0x00, 0x00, 0x00, 0x03, 0xe8, 0x04, 0x4c,
    0x00, 0x03, 0x00, 0x0f, 0x00, 0x13, 0x00, 0x17, 0x00, 0x1b, 0x00, 0x27, 0x00, 0x00, 0x01, 0x33,
    0x11, 0x23, 0x21, 0x35, 0x21, 0x15, 0x21, 0x15, 0x21, 0x15, 0x21, 0x35, 0x33, 0x35, 0x05, 0x33,
    0x15, 0x23, 0x31, 0x15, 0x21, 0x35, 0x35, 0x15, 0x23, 0x35, 0x13, 0x21, 0x15, 0x21, 0x11, 0x21,
    0x15, 0x21, 0x15, 0x21, 0x15, 0x21, 0x03, 0x84, 0x64, 0x64, 0xfc, 0x7c, 0x03, 0x20, 0xfe, 0xd4,
    0x01, 0x90, 0xfd, 0x44, 0xc8, 0x01, 0xf4, 0x64, 0x64, 0xfd, 0x44, 0x64, 0x64, 0x01, 0xf4, 0xfd,
    0xa8, 0x02, 0x58, 0xfe, 0x0c, 0x01, 0xf4, 0xfe, 0x0c, 0x04, 0x4c, 0xfd, 0x44, 0x64, 0x64, 0x64,
    0x64, 0x64, 0x64, 0xc8, 0x64, 0x64, 0x64, 0x64, 0x64, 0x64, 0x01, 0xf4, 0x64, 0x01, 0xf4, 0x64,
    0x64, 0x64, 0x00, 0x03, 0x00, 0x00, 0x00, 0x00, 0x04, 0x4c, 0x04, 0x4c, 0x00, 0x0b, 0x00, 0x0f,
    0x00, 0x15, 0x00, 0x00, 0x13, 0x21, 0x15, 0x21, 0x15, 0x21, 0x15, 0x21, 0x15, 0x21, 0x15, 0x21,
    0x07, 0x35, 0x21, 0x15, 0x05, 0x35, 0x21, 0x11, 0x23, 0x35, 0x64, 0x03, 0x84, 0xfc, 0xe0, 0x03,
    0x20, 0xfc, 0xe0, 0x03, 0x20, 0xfc, 0x7c, 0x64, 0x04, 0x4c, 0xfc, 0x18, 0x03, 0x84, 0x64, 0x04,
    0x4c, 0x64, 0x64, 0x64, 0x64, 0x64, 0xc8, 0x64, 0x64, 0xc8, 0x64, 0xfe, 0xd4, 0xc8, 0x00, 0x02,
    0x00, 0x00, 0x00, 0x00, 0x04, 0x4c, 0x04, 0x4c, 0x00, 0x0d, 0x00, 0x19, 0x00, 0x00, 0x11, 0x35,
    0x33, 0x11, 0x21, 0x15, 0x21, 0x15, 0x21, 0x15, 0x21, 0x15, 0x21, 0x15, 0x03, 0x35, 0x21, 0x35,
    0x21, 0x11, 0x21, 0x15, 0x21, 0x15, 0x21, 0x11, 0x64, 0x03, 0x84, 0xfc, 0xe0, 0x03, 0x20, 0xfc,
    0xe0, 0x03, 0x84, 0xc8, 0xfc, 0xe0, 0x03, 0x84, 0xfc, 0xe0, 0x03, 0x20, 0xfc, 0x7c, 0x02, 0x58,
    0x64, 0x01, 0x90, 0x64, 0x64, 0x64, 0x64, 0x64, 0xfe, 0xd4, 0x64, 0x64, 0xfe, 0xd4, 0x64, 0x64,
    0x01, 0x2c, 0x00, 0x03, 0x00, 0x00, 0x00, 0x00, 0x04, 0x4c, 0x04, 0x4c, 0x00, 0x07, 0x00, 0x13,
    0x00, 0x17, 0x00, 0x00, 0x01, 0x33, 0x11, 0x33, 0x15, 0x23, 0x11, 0x23, 0x25, 0x35, 0x33, 0x11,
    0x23, 0x35, 0x21, 0x15, 0x23, 0x11, 0x33, 0x15, 0x25, 0x21, 0x11, 0x21, 0x03, 0x84, 0x64, 0x64,
    0x64, 0x64, 0xfc, 0x7c, 0x64, 0x64, 0x02, 0xbc, 0x64, 0x64, 0xfe, 0x0c, 0x01, 0x2c, 0xfe, 0xd4,
    0x04, 0x4c, 0xfe, 0x0c, 0x64, 0xfe, 0x0c, 0x64, 0x64, 0x03, 0x20, 0x64, 0x64, 0xfc, 0xe0, 0x64,
    0x64, 0x03, 0x20, 0x00, 0x00, 0x03, 0x00, 0x00, 0x00, 0x00, 0x03, 0xe8, 0x04, 0x4c, 0x00, 0x0b,
    0x00, 0x17, 0x00, 0x1b, 0x00, 0x00, 0x35, 0x35, 0x33, 0x11, 0x23, 0x35, 0x21, 0x15, 0x23, 0x11,
    0x33, 0x15, 0x01, 0x33, 0x11, 0x23, 0x11, 0x23, 0x11, 0x23, 0x11, 0x33, 0x11, 0x33, 0x01, 0x33,
    0x11, 0x23, 0x64, 0x64, 0x02, 0x58, 0x64, 0x64, 0x01, 0x2c, 0x64, 0x64, 0x64, 0x64, 0x64, 0x64,
    0xfd, 0x44, 0xc8, 0xc8, 0x64, 0x64, 0x03, 0x20, 0x64, 0x64, 0xfc, 0xe0, 0x64, 0x03, 0xe8, 0xfb,
    0xb4, 0x01, 0xf4, 0xfe, 0x0c, 0x04, 0x4c, 0xfe, 0x0c, 0xfe, 0x70, 0x03, 0x20, 0x00, 0x00, 0x05,
    0x00, 0x00, 0x00, 0x00, 0x03, 0xe8, 0x04, 0x4c, 0x00, 0x03, 0x00, 0x0f, 0x00, 0x15, 0x00, 0x19,
    0x00, 0x21, 0x00, 0x00, 0x01, 0x33, 0x11, 0x23, 0x21, 0x35, 0x33, 0x11, 0x23, 0x35, 0x21, 0x15,
    0x23, 0x11, 0x33, 0x15, 0x01, 0x11, 0x21, 0x35, 0x21, 0x11, 0x01, 0x33, 0x11, 0x23, 0x05, 0x35,
    0x33, 0x35, 0x33, 0x11, 0x23, 0x11, 0x03, 0x84, 0x64, 0x64, 0xfc, 0x7c, 0x64, 0x64, 0x02, 0x58,
    0x64, 0x64, 0x01, 0x2c, 0xfc, 0xe0, 0x03, 0x84, 0xfc, 0xe0, 0xc8, 0xc8, 0x01, 0x90, 0x64, 0x64,
    0x64, 0x04, 0x4c, 0xfd, 0xa8, 0x64, 0x01, 0x90, 0x64, 0x64, 0xfe, 0x70, 0x64, 0xfe, 0x0c, 0x01,
    0x2c, 0x64, 0xfe, 0x70, 0x02, 0x58, 0x01, 0x90, 0xc8, 0x64, 0xc8, 0xfd, 0xa8, 0x01, 0x2c, 0x00,
    0x00, 0x02, 0x00, 0x00, 0x00, 0x64, 0x04, 0x4c, 0x04, 0x4c, 0x00, 0x13, 0x00, 0x17, 0x00, 0x00,
    0x35, 0x35, 0x21, 0x35, 0x21, 0x35, 0x33, 0x11, 0x23, 0x35, 0x21, 0x15, 0x23, 0x11, 0x33, 0x15,
    0x21, 0x15, 0x21, 0x15, 0x01, 0x21, 0x11, 0x21, 0x01, 0xf4, 0xfe, 0x70, 0xc8, 0xc8, 0x03, 0x84,
    0xc8, 0xc8, 0xfe, 0x70, 0x01, 0xf4, 0xfd, 0x44, 0x01, 0x2c, 0xfe, 0xd4, 0x64, 0x64, 0xc8, 0x64,
    0x01, 0xf4, 0x64, 0x64, 0xfe, 0x0c, 0x64, 0xc8, 0x64, 0x01, 0x90, 0x01, 0xf4, 0x00, 0x00, 0x03,
    0x00, 0x00, 0x00, 0x00, 0x04, 0x4c, 0x04, 0x4c, 0x00, 0x13, 0x00, 0x19, 0x00, 0x1d, 0x00, 0x00,
    0x11, 0x35, 0x21, 0x35, 0x21, 0x35, 0x33, 0x35, 0x23, 0x35, 0x21, 0x15, 0x23, 0x15, 0x33, 0x15,
    0x21, 0x15, 0x21, 0x15, 0x03, 0x11, 0x21, 0x35, 0x21, 0x11, 0x01, 0x15, 0x21, 0x35, 0x01, 0xf4,
    0xfe, 0x70, 0xc8, 0xc8, 0x03, 0x84, 0xc8, 0xc8, 0xfe, 0x70, 0x01, 0xf4, 0xc8, 0xfc, 0xe0, 0x03,
    0x84, 0xfd, 0xa8, 0x01, 0x2c, 0x01, 0xf4, 0x64, 0x64, 0x64, 0xc8, 0x64, 0x64, 0xc8, 0x64, 0x64,
    0x64, 0xfe, 0x0c, 0x01, 0x2c, 0x64, 0xfe, 0x70, 0x03, 0xe8, 0xc8, 0xc8, 0x00, 0x06, 0x00, 0x00,
    0x00, 0x00, 0x04, 0x4c, 0x04, 0x4c, 0x00, 0x0b, 0x00, 0x0f, 0x00, 0x13, 0x00, 0x17, 0x00, 0x1b,
    0x00, 0x27, 0x00, 0x00, 0x11, 0x35, 0x21, 0x15, 0x21, 0x15, 0x21, 0x15, 0x21, 0x35, 0x21, 0x35,
    0x01, 0x15, 0x21, 0x35, 0x25, 0x33, 0x15, 0x23, 0x21, 0x23, 0x35, 0x33, 0x13, 0x15, 0x21, 0x35,
    0x25, 0x21, 0x15, 0x23, 0x15, 0x33, 0x15, 0x21, 0x35, 0x33, 0x35, 0x23, 0x04, 0x4c, 0xfe, 0x0c,
    0x01, 0x2c, 0xfd, 0x44, 0x01, 0x2c, 0x01, 0x90, 0xfd, 0x44, 0x02, 0xbc, 0x64, 0x64, 0xfd, 0x44,
    0x64, 0x64, 0xc8, 0x01, 0x2c, 0xfd, 0xa8, 0x03, 0x84, 0xc8, 0xc8, 0xfc, 0x7c, 0xc8, 0xc8, 0x01,
    0xf4, 0x64, 0x64, 0x64, 0x64, 0x64, 0x64, 0xfe, 0x70, 0x64, 0x64, 0xc8, 0xc8, 0xc8, 0x02, 0xbc,
    0xc8, 0xc8, 0x64, 0x64, 0xc8, 0x64, 0x64, 0xc8, 0x00, 0x03, 0x00, 0x00, 0x00, 0x00, 0x03, 0xe8,
    0x04, 0x4c, 0x00, 0x03, 0x00, 0x0f, 0x00, 0x13, 0x00, 0x00, 0x01, 0x33, 0x11, 0x23, 0x25, 0x35,
    0x33, 0x11, 0x23, 0x35, 0x21, 0x15, 0x23, 0x11, 0x33, 0x15, 0x25, 0x21, 0x11, 0x21, 0x03, 0x84,
    0x64, 0x64, 0xfc, 0x7c, 0x64, 0x64, 0x02, 0xbc, 0x64, 0x64, 0xfe, 0x0c, 0x01, 0x2c, 0xfe, 0xd4,
    0x04, 0x4c, 0xfb, 0xb4, 0x64, 0x64, 0x03, 0x20, 0x64, 0x64, 0xfc, 0xe0, 0x64, 0x64, 0x03, 0x20,
    0x00, 0x07, 0x00, 0x00, 0x00, 0x00, 0x04, 0x4c, 0x04, 0x4c, 0x00, 0x07, 0x00, 0x0b, 0x00, 0x0f,
    0x00, 0x13, 0x00, 0x17, 0x00, 0x1b, 0x00, 0x1f, 0x00, 0x00, 0x01, 0x33, 0x11, 0x33, 0x15, 0x23,
    0x11, 0x23, 0x01, 0x35, 0x21, 0x15, 0x01, 0x23, 0x11, 0x33, 0x11, 0x35, 0x21, 0x15, 0x01, 0x35,
    0x21, 0x15, 0x01, 0x35, 0x21, 0x15, 0x11, 0x11, 0x33, 0x11, 0x03, 0x84, 0x64, 0x64, 0x64, 0x64,
    0xfc, 0x7c, 0x03, 0x20, 0xfd, 0xa8, 0x64, 0x64, 0x01, 0x90, 0xfe, 0x70, 0x01, 0x90, 0xfe, 0x70,
    0x01, 0x90, 0x64, 0x04, 0x4c, 0xfe, 0x0c, 0x64, 0xfe, 0x0c, 0x03, 0x20, 0x64, 0x64, 0xfd, 0xa8,
    0x01, 0x90, 0xfe, 0x0c, 0x64, 0x64, 0x01, 0xf4, 0x64, 0x64, 0x01, 0x90, 0x64, 0x64, 0xfc, 0xe0,
    0x01, 0x90, 0xfe, 0x70, 0x00, 0x06, 0x00, 0x00, 0x00, 0x00, 0x04, 0x4c, 0x04, 0x4c, 0x00, 0x07,
    0x00, 0x13, 0x00, 0x19, 0x00, 0x1d, 0x00, 0x21, 0x00, 0x25, 0x00, 0x00, 0x01, 0x33, 0x11, 0x33,
    0x15, 0x23, 0x11, 0x23, 0x01, 0x35, 0x21, 0x35, 0x33, 0x15, 0x21, 0x15, 0x23, 0x15, 0x21, 0x35,
    0x11, 0x21, 0x15, 0x21, 0x11, 0x33, 0x35, 0x35, 0x21, 0x15, 0x25, 0x23, 0x35, 0x33, 0x05, 0x35,
    0x33, 0x15, 0x03, 0x84, 0x64, 0x64, 0x64, 0x64, 0xfc, 0x7c, 0x01, 0x2c, 0x64, 0x01, 0x90, 0xc8,
    0xfe, 0x70, 0x03, 0x20, 0xfc, 0x7c, 0x64, 0x01, 0x90, 0xfe, 0x70, 0x64, 0x64, 0x01, 0x90, 0x64,
    0x04, 0x4c, 0xfe, 0xd4, 0x64, 0xfe, 0x70, 0x02, 0x58, 0x64, 0x64, 0x64, 0x64, 0x64, 0x64, 0xfc,
    0xe0, 0x64, 0x01, 0x90, 0x64, 0x64, 0x64, 0x64, 0xc8, 0xc8, 0xc8, 0xc8, 0x00, 0x06, 0x00, 0x00,
    0x00, 0x00, 0x04, 0x4c, 0x04, 0x4c, 0x00, 0x07, 0x00, 0x13, 0x00, 0x1f, 0x00, 0x23, 0x00, 0x27,
    0x00, 0x2b, 0x00, 0x00, 0x01, 0x33, 0x15, 0x33, 0x15, 0x23, 0x15, 0x23, 0x01, 0x35, 0x21, 0x35,
    0x33, 0x15, 0x21, 0x15, 0x23, 0x15, 0x21, 0x35, 0x01, 0x35, 0x21, 0x35, 0x21, 0x11, 0x21, 0x15,
    0x21, 0x15, 0x21, 0x11, 0x13, 0x23, 0x35, 0x33, 0x15, 0x35, 0x21, 0x15, 0x35, 0x35, 0x33, 0x15,
    0x03, 0x84, 0x64, 0x64, 0x64, 0x64, 0xfc, 0x7c, 0x01, 0x2c, 0x64, 0x01, 0x90, 0xc8, 0xfe, 0x70,
    0x02, 0xbc, 0xfc, 0xe0, 0x03, 0x84, 0xfc, 0xe0, 0x03, 0x20, 0xfc, 0x7c, 0x64, 0x64, 0x64, 0x01,
    0x90, 0x64, 0x04, 0x4c, 0xc8, 0x64, 0xc8, 0x01, 0x2c, 0x64, 0x64, 0x64, 0x64, 0x64, 0x64, 0xfd,
    0xa8, 0x64, 0x64, 0xfe, 0xd4, 0x64, 0x64, 0x01, 0x2c, 0x01, 0x90, 0x64, 0xc8, 0x64, 0x64, 0x64,
    0x64, 0x64, 0x00, 0x07, 0x00, 0x00, 0x00, 0x00, 0x04, 0x4c, 0x04, 0x4c, 0x00, 0x07, 0x00, 0x13,
    0x00, 0x17, 0x00, 0x1f, 0x00, 0x23, 0x00, 0x27, 0x00, 0x2b, 0x00, 0x00, 0x01, 0x33, 0x15, 0x33,
    0x15, 0x23, 0x11, 0x23, 0x01, 0x35, 0x21, 0x35, 0x33, 0x15, 0x21, 0x15, 0x23, 0x15, 0x21, 0x35,
    0x01, 0x35, 0x21, 0x15, 0x25, 0x35, 0x33, 0x11, 0x21, 0x11, 0x33, 0x15, 0x35, 0x35, 0x21, 0x15,
    0x25, 0x23, 0x35, 0x33, 0x05, 0x35, 0x33, 0x15, 0x03, 0x84, 0x64, 0x64, 0x64, 0x64, 0xfc, 0x7c,
    0x01, 0x2c, 0x64, 0x01, 0x90, 0xc8, 0xfe, 0x70, 0x02, 0xbc, 0xfd, 0x44, 0x02, 0xbc, 0x64, 0xfc,
    0x7c, 0x64, 0x01, 0x90, 0xfe, 0x70, 0x64, 0x64, 0x01, 0x90, 0x64, 0x04, 0x4c, 0xc8, 0x64, 0xfe,
    0xd4, 0x01, 0x90, 0x64, 0x64, 0x64, 0x64, 0x64, 0x64, 0xfc, 0xe0, 0x64, 0x64, 0xc8, 0x64, 0xfe,
    0x70, 0x01, 0x90, 0x64, 0xc8, 0x64, 0x64, 0x64, 0xc8, 0xc8, 0xc8, 0xc8, 0x00, 0x06, 0x00, 0x00,
    0x00, 0x00, 0x03, 0xe8, 0x04, 0x4c, 0x00, 0x0f, 0x00, 0x13, 0x00, 0x17, 0x00, 0x1b, 0x00, 0x1f,
    0x00, 0x23, 0x00, 0x00, 0x01, 0x33, 0x11, 0x23, 0x11, 0x23, 0x11, 0x23, 0x11, 0x21, 0x35, 0x21,
    0x35, 0x33, 0x11, 0x33, 0x01, 0x23, 0x11, 0x33, 0x11, 0x35, 0x21, 0x15, 0x01, 0x35, 0x21, 0x15,
    0x01, 0x35, 0x21, 0x15, 0x13, 0x23, 0x11, 0x33, 0x03, 0x84, 0x64, 0x64, 0x64, 0x64, 0xfd, 0x44,
    0x02, 0xbc, 0x64, 0x64, 0xfd, 0x44, 0x64, 0x64, 0x01, 0x2c, 0xfe, 0xd4, 0x01, 0x2c, 0xfe, 0xd4,
    0x01, 0x2c, 0x64, 0x64, 0x64, 0x04, 0x4c, 0xfb, 0xb4, 0x01, 0xf4, 0xfe, 0x0c, 0x03, 0x20, 0x64,
    0xc8, 0xfe, 0x0c, 0xfe, 0x70, 0x01, 0x90, 0xfe, 0x0c, 0x64, 0x64, 0x01, 0xf4, 0x64, 0x64, 0x01,
    0x90, 0x64, 0x64, 0xfc, 0xe0, 0x01, 0x90, 0x00, 0x00, 0x09, 0x00, 0x00, 0x00, 0x00, 0x04, 0x4c,
    0x04, 0x4c, 0x00, 0x0b, 0x00, 0x17, 0x00, 0x1b, 0x00, 0x1f, 0x00, 0x23, 0x00, 0x27, 0x00, 0x2b,
    0x00, 0x2f, 0x00, 0x33, 0x00, 0x00, 0x01, 0x33, 0x15, 0x33, 0x15, 0x23, 0x15, 0x33, 0x15, 0x23,
    0x15, 0x23, 0x01, 0x35, 0x21, 0x35, 0x33, 0x15, 0x21, 0x15, 0x23, 0x15, 0x21, 0x35, 0x01, 0x15,
    0x21, 0x35, 0x01, 0x15, 0x21, 0x35, 0x05, 0x33, 0x15, 0x23, 0x21, 0x23, 0x35, 0x33, 0x35, 0x35,
    0x21, 0x15, 0x25, 0x23, 0x35, 0x33, 0x05, 0x35, 0x33, 0x15, 0x03, 0x84, 0x64, 0x64, 0x64, 0x64,
    0x64, 0x64, 0xfc, 0x7c, 0x01, 0x2c, 0x64, 0x01, 0x90, 0xc8, 0xfe, 0x70, 0x02, 0xbc, 0xfd, 0x44,
    0x02, 0xbc, 0xfd, 0x44, 0x02, 0xbc, 0x64, 0x64, 0xfd, 0x44, 0x64, 0x64, 0x01, 0x90, 0xfe, 0x70,
    0x64, 0x64, 0x01, 0x90, 0x64, 0x04, 0x4c, 0xc8, 0x64, 0x64, 0x64, 0x64, 0x01, 0x90, 0x64, 0x64,
    0x64, 0x64, 0x64, 0x64, 0xfc, 0xe0, 0x64, 0x64, 0x01, 0x2c, 0x64, 0x64, 0x64, 0xc8, 0xc8, 0xc8,
    0x64, 0x64, 0x64, 0xc8, 0xc8, 0xc8, 0xc8, 0x00, 0x00, 0x07, 0x00, 0x00, 0x00, 0x00, 0x03, 0xe8,
    0x04, 0x4c, 0x00, 0x07, 0x00, 0x0b, 0x00, 0x0f, 0x00, 0x13, 0x00, 0x17, 0x00, 0x1b, 0x00, 0x1f,
    0x00, 0x00, 0x01, 0x33, 0x11, 0x23, 0x11, 0x23, 0x35, 0x33, 0x25, 0x35, 0x21, 0x15, 0x01, 0x23,
    0x11, 0x33, 0x11, 0x35, 0x21, 0x15, 0x01, 0x35, 0x21, 0x15, 0x01, 0x35, 0x21, 0x15, 0x13, 0x23,
    0x11, 0x33, 0x03, 0x84, 0x64, 0x64, 0xc8, 0xc8, 0xfc, 0x7c, 0x02, 0xbc, 0xfe, 0x0c, 0x64, 0x64,
    0x01, 0x2c, 0xfe, 0xd4, 0x01, 0x2c, 0xfe, 0xd4, 0x01, 0x2c, 0x64, 0x64, 0x64, 0x04, 0x4c, 0xfb,
    0xb4, 0x01, 0xf4, 0x64, 0xc8, 0x64, 0x64, 0xfd, 0xa8, 0x01, 0x90, 0xfe, 0x0c, 0x64, 0x64, 0x01,
    0xf4, 0x64, 0x64, 0x01, 0x90, 0x64, 0x64, 0xfc, 0xe0, 0x01, 0x90, 0x00, 0x00, 0x07, 0x00, 0x00,
    0x00, 0x00, 0x03, 0xe8, 0x04, 0x4c, 0x00, 0x07, 0x00, 0x0b, 0x00, 0x17, 0x00, 0x1b, 0x00, 0x1f,
    0x00, 0x23, 0x00, 0x27, 0x00, 0x00, 0x01, 0x33, 0x11, 0x23, 0x35, 0x23, 0x35, 0x33, 0x05, 0x35,
    0x33, 0x15, 0x03, 0x35, 0x33, 0x35, 0x33, 0x15, 0x21, 0x15, 0x23, 0x15, 0x21, 0x35, 0x01, 0x35,
    0x21, 0x15, 0x01, 0x23, 0x35, 0x33, 0x01, 0x11, 0x21, 0x11, 0x01, 0x35, 0x21, 0x15, 0x03, 0x84,
    0x64, 0x64, 0xc8, 0xc8, 0xfc, 0x7c, 0x64, 0x64, 0xc8, 0x64, 0x01, 0x90, 0xc8, 0xfe, 0x70, 0x03,
    0x20, 0xfd, 0x44, 0x01, 0x90, 0x64, 0x64, 0xfe, 0x0c, 0x03, 0x84, 0xfc, 0x7c, 0x01, 0x90, 0x04,
    0x4c, 0xfd, 0xa8, 0xc8, 0x64, 0xc8, 0xc8, 0xc8, 0x01, 0x2c, 0x64, 0x64, 0x64, 0x64, 0x64, 0x64,
    0xfc, 0xe0, 0xc8, 0xc8, 0x01, 0xf4, 0xc8, 0xfc, 0xe0, 0x01, 0x90, 0xfe, 0x70, 0x01, 0xf4, 0x64,
    0x64, 0x00, 0x00, 0x07, 0x00, 0x00, 0x00, 0x00, 0x03, 0xe8, 0x04, 0x4c, 0x00, 0x0b, 0x00, 0x0f,
    0x00, 0x13, 0x00, 0x17, 0x00, 0x1b, 0x00, 0x1f, 0x00, 0x23, 0x00, 0x00, 0x01, 0x33, 0x11, 0x23,
    0x11, 0x23, 0x35, 0x33, 0x35, 0x23, 0x35, 0x33, 0x25, 0x35, 0x21, 0x15, 0x01, 0x23, 0x11, 0x33,
    0x11, 0x35, 0x21, 0x15, 0x01, 0x35, 0x21, 0x15, 0x01, 0x35, 0x21, 0x15, 0x13, 0x23, 0x11, 0x33,
    0x03, 0x84, 0x64, 0x64, 0xc8, 0xc8, 0xc8, 0xc8, 0xfc, 0x7c, 0x02, 0xbc, 0xfe, 0x0c, 0x64, 0x64,
    0x01, 0x2c, 0xfe, 0xd4, 0x01, 0x2c, 0xfe, 0xd4, 0x01, 0x2c, 0x64, 0x64, 0x64, 0x04, 0x4c, 0xfb,
    0xb4, 0x01, 0x2c, 0x64, 0xc8, 0x64, 0x64, 0x64, 0x64, 0xfd, 0xa8, 0x01, 0x90, 0xfe, 0x0c, 0x64,
    0x64, 0x01, 0xf4, 0x64, 0x64, 0x01, 0x90, 0x64, 0x64, 0xfc, 0xe0, 0x01, 0x90, 0x00, 0x00, 0x04,
    0x00, 0x00, 0x00, 0x00, 0x03, 0xe8, 0x04, 0x4c, 0x00, 0x17, 0x00, 0x1b, 0x00, 0x27, 0x00, 0x2b,
    0x00, 0x00, 0x01, 0x33, 0x11, 0x21, 0x15, 0x21, 0x15, 0x21, 0x11, 0x21, 0x35, 0x21, 0x35, 0x21,
    0x15, 0x21, 0x35, 0x23, 0x35, 0x33, 0x35, 0x23, 0x35, 0x33, 0x01, 0x35, 0x33, 0x15, 0x03, 0x35,
    0x33, 0x35, 0x33, 0x15, 0x21, 0x15, 0x23, 0x15, 0x21, 0x35, 0x01, 0x23, 0x35, 0x33, 0x03, 0x84,
    0x64, 0xfc, 0xe0, 0x03, 0x20, 0xfc, 0x7c, 0x03, 0x20, 0xfc, 0xe0, 0x01, 0x90, 0x01, 0x90, 0xc8,
    0xc8, 0xc8, 0xc8, 0xfc, 0x7c, 0x64, 0x64, 0xc8, 0x64, 0x01, 0x90, 0xc8, 0xfe, 0x70, 0x01, 0xf4,
    0x64, 0x64, 0x04, 0x4c, 0xfc, 0x7c, 0x64, 0x64, 0x01, 0x2c, 0x64, 0xc8, 0x64, 0x64, 0x64, 0x64,
    0x64, 0xfe, 0xd4, 0xc8, 0xc8, 0x01, 0x2c, 0x64, 0x64, 0x64, 0x64, 0x64, 0x64, 0xfe, 0xd4, 0xc8,
    0x00, 0x09, 0x00, 0x00, 0x00, 0x00, 0x03, 0xe8, 0x04, 0x4c, 0x00, 0x0b, 0x00, 0x0f, 0x00, 0x1b,
    0x00, 0x1f, 0x00, 0x23, 0x00, 0x27, 0x00, 0x2b, 0x00, 0x2f, 0x00, 0x33, 0x00, 0x00, 0x01, 0x33,
    0x11, 0x23, 0x35, 0x23, 0x35, 0x33, 0x35, 0x23, 0x35, 0x33, 0x01, 0x35, 0x33, 0x15, 0x03, 0x35,
    0x33, 0x35, 0x33, 0x15, 0x21, 0x15, 0x23, 0x15, 0x21, 0x35, 0x01, 0x15, 0x21, 0x35, 0x01, 0x15,
    0x21, 0x35, 0x05, 0x33, 0x15, 0x23, 0x21, 0x23, 0x35, 0x33, 0x01, 0x23, 0x35, 0x33, 0x01, 0x35,
    0x21, 0x15, 0x03, 0x84, 0x64, 0x64, 0xc8, 0xc8, 0xc8, 0xc8, 0xfc, 0x7c, 0x64, 0x64, 0xc8, 0x64,
    0x01, 0x90, 0xc8, 0xfe, 0x70, 0x03, 0x20, 0xfd, 0x44, 0x02, 0xbc, 0xfd, 0x44, 0x02, 0xbc, 0x64,
    0x64, 0xfd, 0x44, 0x64, 0x64, 0x01, 0x90, 0x64, 0x64, 0xfe, 0x0c, 0x01, 0x90, 0x04, 0x4c, 0xfd,
    0xa8, 0x64, 0x64, 0x64, 0x64, 0xfe, 0xd4, 0xc8, 0xc8, 0x01, 0x2c, 0x64, 0x64, 0x64, 0x64, 0x64,
    0x64, 0xfc, 0xe0, 0x64, 0x64, 0x01, 0x2c, 0x64, 0x64, 0x64, 0xc8, 0xc8, 0x01, 0x2c, 0xc8, 0xfe,
    0xd4, 0x64, 0x64, 0x00, 0x00, 0x07, 0x00, 0x00, 0x00, 0x00, 0x04, 0x4c, 0x04, 0x4c, 0x00, 0x0b,
    0x00, 0x13, 0x00, 0x17, 0x00, 0x1b, 0x00, 0x1f, 0x00, 0x23, 0x00, 0x27, 0x00, 0x00, 0x35, 0x35,
    0x21, 0x35, 0x23, 0x35, 0x21, 0x15, 0x23, 0x15, 0x21, 0x15, 0x13, 0x33, 0x11, 0x33, 0x15, 0x23,
    0x11, 0x23, 0x01, 0x35, 0x21, 0x15, 0x01, 0x23, 0x35, 0x33, 0x31, 0x35, 0x21, 0x15, 0x01, 0x35,
    0x21, 0x15, 0x11, 0x35, 0x33, 0x15, 0x01, 0x2c, 0x64, 0x01, 0x90, 0xc8, 0x01, 0x90, 0x64, 0x64,
    0x64, 0x64, 0x64, 0xfc, 0x7c, 0x03, 0x20, 0xfd, 0xa8, 0x64, 0x64, 0x01, 0x90, 0xfe, 0x70, 0x01,
    0x90, 0x64, 0x64, 0x64, 0x64, 0x64, 0x64, 0x64, 0x64, 0x03, 0xe8, 0xfe, 0x0c, 0x64, 0xfe, 0x0c,
    0x03, 0x20, 0x64, 0x64, 0xfe, 0x70, 0xc8, 0x64, 0x64, 0x01, 0x90, 0x64, 0x64, 0xfd, 0xa8, 0xc8,
    0xc8, 0x00, 0x00, 0x04, 0x00, 0x00, 0x00, 0x00, 0x04, 0x4c, 0x04, 0x4c, 0x00, 0x07, 0x00, 0x13,
    0x00, 0x23, 0x00, 0x29, 0x00, 0x00, 0x01, 0x33, 0x15, 0x33, 0x15, 0x23, 0x11, 0x23, 0x21, 0x35,
    0x21, 0x35, 0x23, 0x35, 0x21, 0x15, 0x23, 0x15, 0x21, 0x15, 0x01, 0x35, 0x21, 0x35, 0x33, 0x15,
    0x21, 0x15, 0x23, 0x15, 0x23, 0x35, 0x21, 0x15, 0x23, 0x35, 0x01, 0x11, 0x21, 0x35, 0x21, 0x11,
    0x03, 0x84, 0x64, 0x64, 0x64, 0x64, 0xfc, 0x7c, 0x01, 0x2c, 0x64, 0x01, 0x90, 0xc8, 0x01, 0x90,
    0xfc, 0xe0, 0x01, 0x2c, 0x64, 0x01, 0x90, 0x64, 0x64, 0xfe, 0x70, 0x64, 0x03, 0x20, 0xfc, 0xe0,
    0x03, 0x84, 0x04, 0x4c, 0xc8, 0x64, 0xfe, 0xd4, 0x64, 0x64, 0x64, 0x64, 0x64, 0x64, 0x01, 0x90,
    0x64, 0x64, 0x64, 0x64, 0x64, 0x64, 0x64, 0x64, 0xfc, 0x7c, 0x01, 0x2c, 0x64, 0xfe, 0x70, 0x00,
    0x00, 0x04, 0x00, 0x00, 0x00, 0x00, 0x04, 0x4c, 0x04, 0x4c, 0x00, 0x07, 0x00, 0x13, 0x00, 0x23,
    0x00, 0x29, 0x00, 0x00, 0x01, 0x33, 0x11, 0x33, 0x15, 0x23, 0x11, 0x23, 0x25, 0x35, 0x21, 0x35,
    0x23, 0x35, 0x21, 0x15, 0x23, 0x15, 0x21, 0x15, 0x01, 0x35, 0x21, 0x35, 0x33, 0x15, 0x21, 0x15,
    0x23, 0x15, 0x23, 0x35, 0x21, 0x15, 0x23, 0x35, 0x13, 0x21, 0x15, 0x21, 0x11, 0x33, 0x03, 0x84,
    0x64, 0x64, 0x64, 0x64, 0xfc, 0x7c, 0x01, 0x2c, 0x64, 0x01, 0x90, 0xc8, 0x01, 0x90, 0xfc, 0xe0,
    0x01, 0x2c, 0x64, 0x01, 0x90, 0x64, 0x64, 0xfe, 0x70, 0x64, 0x64, 0x03, 0x20, 0xfc, 0x7c, 0x64,
    0x04, 0x4c, 0xfe, 0xd4, 0x64, 0xfe, 0x70, 0xc8, 0x64, 0x64, 0x64, 0x64, 0x64, 0x64, 0x01, 0x90,
    0x64, 0x64, 0x64, 0x64, 0x64, 0x64, 0x64, 0x64, 0xfc, 0xe0, 0x64, 0x01, 0x90, 0x00, 0x00, 0x02,
    0x00, 0x00, 0x00, 0x00, 0x04, 0x4c, 0x04, 0x4c, 0x00, 0x1d, 0x00, 0x2d, 0x00, 0x00, 0x01, 0x33,
    0x15, 0x33, 0x15, 0x23, 0x11, 0x21, 0x15, 0x21, 0x15, 0x21, 0x11, 0x21, 0x35, 0x21, 0x35, 0x23,
    0x35, 0x21, 0x35, 0x23, 0x35, 0x21, 0x15, 0x23, 0x15, 0x21, 0x15, 0x33, 0x01, 0x35, 0x21, 0x35,
    0x33, 0x15, 0x21, 0x15, 0x23, 0x15, 0x23, 0x35, 0x21, 0x15, 0x23, 0x35, 0x03, 0x84, 0x64, 0x64,
    0x64, 0xfc, 0xe0, 0x03, 0x20, 0xfc, 0x7c, 0x03, 0x20, 0xfc, 0xe0, 0x64, 0x01, 0x2c, 0x64, 0x01,
    0x90, 0xc8, 0x01, 0x90, 0x64, 0xfc, 0x7c, 0x01, 0x2c, 0x64, 0x01, 0x90, 0x64, 0x64, 0xfe, 0x70,
    0x64, 0x04, 0x4c, 0xc8, 0x64, 0xfd, 0xa8, 0x64, 0x64, 0x01, 0x2c, 0x64, 0x64, 0x64, 0x64, 0x64,
    0x64, 0x64, 0x64, 0x01, 0x90, 0x64, 0x64, 0x64, 0x64, 0x64, 0x64, 0x64, 0x64, 0x00, 0x00, 0x07,
    0x00, 0x00, 0x00, 0x00, 0x03, 0xe8, 0x04, 0x4c, 0x00, 0x0b, 0x00, 0x0f, 0x00, 0x13, 0x00, 0x17,
    0x00, 0x1b, 0x00, 0x1f, 0x00, 0x23, 0x00, 0x00, 0x35, 0x35, 0x21, 0x35, 0x23, 0x35, 0x21, 0x15,
    0x23, 0x15, 0x21, 0x15, 0x13, 0x33, 0x11, 0x23, 0x01, 0x35, 0x21, 0x15, 0x01, 0x23, 0x35, 0x33,
    0x31, 0x35, 0x21, 0x15, 0x01, 0x35, 0x21, 0x15, 0x11, 0x35, 0x33, 0x15, 0x01, 0x2c, 0x64, 0x01,
    0x90, 0xc8, 0x01, 0x90, 0x64, 0x64, 0x64, 0xfc, 0x7c, 0x03, 0x20, 0xfd, 0xa8, 0x64, 0x64, 0x01,
    0x90, 0xfe, 0x70, 0x01, 0x90, 0x64, 0x64, 0x64, 0x64, 0x64, 0x64, 0x64, 0x64, 0x03, 0xe8, 0xfb,
    0xb4, 0x03, 0x20, 0x64, 0x64, 0xfe, 0x70, 0xc8, 0x64, 0x64, 0x01, 0x90, 0x64, 0x64, 0xfd, 0xa8,
    0xc8, 0xc8, 0x00, 0x06, 0x00, 0x00, 0x00, 0x00, 0x03, 0xe8, 0x04, 0x4c, 0x00, 0x03, 0x00, 0x0f,
    0x00, 0x1b, 0x00, 0x21, 0x00, 0x25, 0x00, 0x29, 0x00, 0x00, 0x01, 0x33, 0x11, 0x23, 0x21, 0x35,
    0x21, 0x35, 0x23, 0x35, 0x21, 0x15, 0x23, 0x15, 0x21, 0x15, 0x01, 0x35, 0x21, 0x35, 0x33, 0x15,
    0x21, 0x15, 0x23, 0x15, 0x21, 0x35, 0x01, 0x21, 0x35, 0x21, 0x11, 0x23, 0x01, 0x23, 0x35, 0x33,
    0x05, 0x35, 0x33, 0x15, 0x03, 0x84, 0x64, 0x64, 0xfc, 0x7c, 0x01, 0x2c, 0x64, 0x01, 0x90, 0xc8,
    0x01, 0x90, 0xfc, 0xe0, 0x01, 0x2c, 0x64, 0x01, 0x90, 0xc8, 0xfe, 0x70, 0x02, 0xbc, 0xfc, 0xe0,
    0x03, 0x84, 0x64, 0xfd, 0x44, 0x64, 0x64, 0x01, 0x90, 0x64, 0x04, 0x4c, 0xfd, 0x44, 0x64, 0x64,
    0x64, 0x64, 0x64, 0x64, 0x01, 0xf4, 0x64, 0x64, 0x64, 0x64, 0x64, 0x64, 0xfd, 0x44, 0x64, 0xfe,
    0xd4, 0x02, 0xbc, 0x64, 0x64, 0x64, 0x64, 0x00, 0x00, 0x0a, 0x00, 0x00, 0x00, 0x00, 0x03, 0xe8,
    0x04, 0x4c, 0x00, 0x03, 0x00, 0x0f, 0x00, 0x1b, 0x00, 0x1f, 0x00, 0x23, 0x00, 0x27, 0x00, 0x2b,
    0x00, 0x2f, 0x00, 0x33, 0x00, 0x37, 0x00, 0x00, 0x01, 0x33, 0x11, 0x23, 0x25, 0x35, 0x21, 0x35,
    0x23, 0x35, 0x21, 0x15, 0x23, 0x15, 0x21, 0x15, 0x01, 0x35, 0x21, 0x35, 0x33, 0x15, 0x21, 0x15,
    0x23, 0x15, 0x21, 0x35, 0x15, 0x23, 0x35, 0x33, 0x01, 0x33, 0x15, 0x23, 0x35, 0x15, 0x23, 0x35,
    0x13, 0x35, 0x33, 0x15, 0x13, 0x33, 0x15, 0x23, 0x21, 0x35, 0x33, 0x15, 0x35, 0x35, 0x33, 0x15,
    0x03, 0x84, 0x64, 0x64, 0xfc, 0x7c, 0x01, 0x2c, 0x64, 0x01, 0x90, 0xc8, 0x01, 0x90, 0xfc, 0xe0,
    0x01, 0x2c, 0x64, 0x01, 0x90, 0xc8, 0xfe, 0x70, 0x64, 0x64, 0x01, 0x90, 0xc8, 0xc8, 0x64, 0x64,
    0x64, 0x64, 0xc8, 0xc8, 0xfd, 0x44, 0xc8, 0xc8, 0x04, 0x4c, 0xfc, 0xe0, 0x64, 0x64, 0x64, 0x64,
    0x64, 0x64, 0x64, 0x01, 0xf4, 0x64, 0x64, 0x64, 0x64, 0x64, 0x64, 0xc8, 0x64, 0xfd, 0xa8, 0x64,
    0xc8, 0x64, 0x64, 0x01, 0x90, 0x64, 0x64, 0xfd, 0xa8, 0x64, 0x64, 0x64, 0x64, 0x64, 0x64, 0x00,
    0x00, 0x07, 0x00, 0x00, 0x00, 0x64, 0x04, 0x4c, 0x04, 0x4c, 0x00, 0x0b, 0x00, 0x0f, 0x00, 0x13,
    0x00, 0x17, 0x00, 0x1b, 0x00, 0x1f, 0x00, 0x23, 0x00, 0x00, 0x35, 0x35, 0x21, 0x35, 0x23, 0x35,
    0x21, 0x15, 0x23, 0x15, 0x21, 0x15, 0x01, 0x35, 0x21, 0x15, 0x03, 0x35, 0x33, 0x15, 0x03, 0x15,
    0x21, 0x35, 0x11, 0x23, 0x35, 0x33, 0x13, 0x21, 0x35, 0x21, 0x01, 0x21, 0x35, 0x21, 0x01, 0x2c,
    0x64, 0x02, 0xbc, 0x64, 0x01, 0x2c, 0xfb, 0xb4, 0x04, 0x4c, 0xc8, 0x64, 0x64, 0xfd, 0x44, 0x64,
    0x64, 0xc8, 0x01, 0x2c, 0xfe, 0xd4, 0x01, 0x90, 0xfe, 0x0c, 0x01, 0xf4, 0x64, 0x64, 0x64, 0x64,
    0x64, 0x64, 0x64, 0x02, 0xbc, 0x64, 0x64, 0xfe, 0x70, 0xc8, 0xc8, 0x01, 0x2c, 0x64, 0x64, 0xfe,
    0xd4, 0xc8, 0xfe, 0x70, 0x64, 0x02, 0xbc, 0x64, 0x00, 0x06, 0x00, 0x00, 0x00, 0x00, 0x04, 0x4c,
    0x04, 0x4c, 0x00, 0x0b, 0x00, 0x13, 0x00, 0x17, 0x00, 0x1b, 0x00, 0x1f, 0x00, 0x23, 0x00, 0x00,
    0x11, 0x35, 0x21, 0x15, 0x21, 0x11, 0x23, 0x11, 0x21, 0x11, 0x23, 0x11, 0x01, 0x35, 0x21, 0x35,
    0x33, 0x15, 0x21, 0x15, 0x03, 0x21, 0x35, 0x21, 0x35, 0x33, 0x15, 0x23, 0x35, 0x15, 0x21, 0x35,
    0x15, 0x15, 0x23, 0x35, 0x04, 0x4c, 0xfe, 0xd4, 0x64, 0xfe, 0xd4, 0x64, 0xfe, 0xd4, 0x01, 0xf4,
    0x64, 0x01, 0xf4, 0xc8, 0xfd, 0x44, 0x02, 0xbc, 0x64, 0x64, 0xfd, 0x44, 0x64, 0x01, 0x2c, 0x64,
    0x64, 0xfe, 0xd4, 0x01, 0x2c, 0xfe, 0xd4, 0x01, 0x2c, 0x02, 0x58, 0x64, 0x64, 0x64, 0x64, 0xfe,
    0x70, 0x64, 0x64, 0x64, 0xc8, 0x64, 0x64, 0x64, 0x64, 0x64, 0x00, 0x07, 0x00, 0x00, 0x00, 0x00,
    0x04, 0x4c, 0x04, 0x4c, 0x00, 0x0b, 0x00, 0x1b, 0x00, 0x1f, 0x00, 0x23, 0x00, 0x27, 0x00, 0x2b,
    0x00, 0x2f, 0x00, 0x00, 0x11, 0x35, 0x21, 0x15, 0x21, 0x15, 0x33, 0x15, 0x21, 0x35, 0x33, 0x35,
    0x01, 0x35, 0x21, 0x35, 0x33, 0x15, 0x21, 0x15, 0x23, 0x15, 0x23, 0x35, 0x21, 0x15, 0x23, 0x35,
    0x01, 0x15, 0x21, 0x35, 0x25, 0x33, 0x15, 0x23, 0x11, 0x21, 0x35, 0x21, 0x01, 0x23, 0x35, 0x33,
    0x37, 0x15, 0x21, 0x35, 0x04, 0x4c, 0xfe, 0xd4, 0x64, 0xfd, 0x44, 0x64, 0xfe, 0xd4, 0x01, 0xf4,
    0x64, 0x01, 0xf4, 0x64, 0x64, 0xfd, 0x44, 0x64, 0x03, 0x20, 0xfd, 0x44, 0x02, 0xbc, 0x64, 0x64,
    0xfd, 0x44, 0x02, 0xbc, 0xfd, 0x44, 0x64, 0x64, 0xc8, 0x01, 0x2c, 0x01, 0xf4, 0x64, 0x64, 0x64,
    0x64, 0x64, 0x64, 0x01, 0x90, 0x64, 0x64, 0x64, 0x64, 0x64, 0x64, 0x64, 0x64, 0xfc, 0xe0, 0x64,
    0x64, 0xc8, 0xc8, 0x02, 0x58, 0x64, 0xfd, 0x44, 0xc8, 0xc8, 0x64, 0x64, 0x00, 0x05, 0x00, 0x00,
    0x00, 0x00, 0x04, 0x4c, 0x04, 0x4c, 0x00, 0x03, 0x00, 0x13, 0x00, 0x17, 0x00, 0x1f, 0x00, 0x23,
    0x00, 0x00, 0x11, 0x35, 0x21, 0x15, 0x01, 0x35, 0x21, 0x35, 0x33, 0x15, 0x21, 0x15, 0x23, 0x15,
    0x23, 0x35, 0x21, 0x15, 0x23, 0x35, 0x01, 0x35, 0x21, 0x15, 0x25, 0x35, 0x33, 0x11, 0x21, 0x11,
    0x33, 0x15, 0x01, 0x21, 0x35, 0x21, 0x04, 0x4c, 0xfb, 0xb4, 0x01, 0xf4, 0x64, 0x01, 0xf4, 0x64,
    0x64, 0xfd, 0x44, 0x64, 0x03, 0x20, 0xfd, 0x44, 0x02, 0xbc, 0x64, 0xfc, 0x7c, 0x64, 0x02, 0xbc,
    0xfd, 0x44, 0x02, 0xbc, 0x01, 0xf4, 0x64, 0x64, 0x01, 0x90, 0x64, 0x64, 0x64, 0x64, 0x64, 0x64,
    0x64, 0x64, 0xfc, 0xe0, 0x64, 0x64, 0xc8, 0x64, 0xfe, 0x70, 0x01, 0x90, 0x64, 0x01, 0x90, 0x64,
    0x00, 0x07, 0x00, 0x00, 0x00, 0x00, 0x03, 0xe8, 0x04, 0x4c, 0x00, 0x03, 0x00, 0x07, 0x00, 0x0b,
    0x00, 0x0f, 0x00, 0x13, 0x00, 0x17, 0x00, 0x1b, 0x00, 0x00, 0x01, 0x33, 0x11, 0x23, 0x01, 0x35,
    0x21, 0x15, 0x01, 0x11, 0x33, 0x11, 0x31, 0x21, 0x15, 0x21, 0x11, 0x35, 0x21, 0x15, 0x01, 0x35,
    0x21, 0x15, 0x11, 0x11, 0x33, 0x11, 0x03, 0x84, 0x64, 0x64, 0xfc, 0x7c, 0x03, 0x20, 0xfd, 0x44,
    0x64, 0x01, 0x90, 0xfe, 0x70, 0x01, 0x90, 0xfe, 0x70, 0x01, 0x90, 0x64, 0x04, 0x4c, 0xfb, 0xb4,
    0x03, 0x20, 0x64, 0x64, 0xfd, 0xa8, 0x01, 0x90, 0xfe, 0x70, 0x64, 0x01, 0xf4, 0x64, 0x64, 0x01,
    0x90, 0x64, 0x64, 0xfc, 0xe0, 0x01, 0x90, 0xfe, 0x70, 0x00, 0x00, 0x00,
};

#define GALMURI_BOLD_SIZE 31436
static const unsigned char GALMURI_BOLD[GALMURI_BOLD_SIZE] = {
    0x00, 0x01, 0x00, 0x00, 0x00, 0x08, 0x00, 0x80, 0x00, 0x03, 0x00, 0x00, 0x4f, 0x53, 0x2f, 0x32,
    0x67, 0x81, 0x4e, 0xe7, 0x00, 0x00, 0x01, 0x08, 0x00, 0x00, 0x00, 0x60, 0x63, 0x6d, 0x61, 0x70,
    0x93, 0xe9, 0xbe, 0x3a, 0x00, 0x00, 0x04, 0xcc, 0x00, 0x00, 0x06, 0xfc, 0x67, 0x6c, 0x79, 0x66,
    0x87, 0xbc, 0xc7, 0x7c, 0x00, 0x00, 0x0e, 0x6c, 0x00, 0x00, 0x6c, 0x60, 0x68, 0x65, 0x61, 0x64,
    0x30, 0xb9, 0x0d, 0xaf, 0x00, 0x00, 0x00, 0x8c, 0x00, 0x00, 0x00, 0x36, 0x68, 0x68, 0x65, 0x61,
    0x0a, 0x2a, 0x05, 0x13, 0x00, 0x00, 0x00, 0xc4, 0x00, 0x00, 0x00, 0x24, 0x68, 0x6d, 0x74, 0x78,
    0x1e, 0x54, 0x03, 0x20, 0x00, 0x00, 0x01, 0x68, 0x00, 0x00, 0x03, 0x64, 0x6c, 0x6f, 0x63, 0x61,
    0x0d, 0x4e, 0xf2, 0x74, 0x00, 0x00, 0x0b, 0xc8, 0x00, 0x00, 0x02, 0xa2, 0x6d, 0x61, 0x78, 0x70,
    0x01, 0x60, 0x00, 0x45, 0x00, 0x00, 0x00, 0xe8, 0x00, 0x00, 0x00, 0x20, 0x00, 0x01, 0x00, 0x00,
    0x00, 0x02, 0x67, 0x6c, 0xae, 0x4f, 0x35, 0xd0, 0x5f, 0x0f, 0x3c, 0xf5, 0x00, 0x03, 0x04, 0xb0,
    0x00, 0x00, 0x00, 0x00, 0xe6, 0x79, 0x30, 0x87, 0x00, 0x00, 0x00, 0x00, 0xe6, 0x79, 0x30, 0x87,
    0x00, 0x00, 0xff, 0x38, 0x04, 0xb0, 0x04, 0x4c, 0x00, 0x00, 0x00, 0x0c, 0x00, 0x00, 0x00, 0x00,
    0x00, 0x00, 0x00, 0x00, 0x00, 0x01, 0x00, 0x00, 0x04, 0xb0, 0xff, 0x38, 0x00, 0xc8, 0x05, 0x14,
    0x00, 0x00, 0x00, 0x64, 0x04, 0xb0, 0x00, 0x01, 0x00, 0x00, 0x00, 0x00, 0x00, 0x00, 0x00, 0x00,
    0x00, 0x00, 0x00, 0x00, 0x00, 0x00, 0x00, 0x62, 0x00, 0x01, 0x00, 0x00, 0x01, 0x50, 0x00, 0x44,
    0x00, 0x0f, 0x00, 0x00, 0x00, 0x00, 0x00, 0x01, 0x00, 0x00, 0x00, 0x00, 0x00, 0x00, 0x00, 0x00,
    0x00, 0x00, 0x00, 0x00, 0x00, 0x00, 0x00, 0x00, 0x00, 0x03, 0x04, 0x99, 0x02, 0xbc, 0x00, 0x05,
    0x00, 0x00, 0x03, 0x0c, 0x02, 0xd0, 0x00, 0x00, 0x00, 0x5a, 0x03, 0x0c, 0x02, 0xd0, 0x00, 0x00,
    0x01, 0xa4, 0x00, 0x64, 0x01, 0xe0, 0x08, 0x00, 0x02, 0x0b, 0x08, 0x03, 0x02, 0x02, 0x02, 0x00,
    0x00, 0x00, 0x00, 0x00, 0x00, 0x03, 0x01, 0x00, 0x00, 0x20, 0x00, 0x00, 0x00, 0x00, 0x00, 0x00,
    0x00, 0x00, 0x51, 0x50, 0x4c, 0x45, 0x00, 0x20, 0x00, 0x20, 0xd7, 0x88, 0x04, 0xb0, 0xff, 0x38,
    0x00, 0xc8, 0x05, 0x78, 0x00, 0xc8, 0x00, 0x00, 0x00, 0x01, 0x00, 0x00, 0x00, 0x00, 0x03, 0x20,
    0x04, 0x4c, 0x00, 0x00, 0x00, 0x20, 0x00, 0x02, 0x04, 0xb0, 0x00, 0x00, 0x01, 0xf4, 0x00, 0x00,
    0x01, 0xf4, 0x00, 0x64, 0x02, 0x58, 0x00, 0x00, 0x03, 0xe8, 0x00, 0x00, 0x03, 0x84, 0x00, 0x00,
    0x04, 0xb0, 0x00, 0x00, 0x04, 0x4c, 0x00, 0x00, 0x01, 0xf4, 0x00, 0x64, 0x01, 0xf4, 0x00, 0x00,
    0x01, 0xf4, 0x00, 0x00, 0x02, 0xbc, 0x00, 0x00, 0x03, 0x84, 0x00, 0x00, 0x01, 0xf4, 0x00, 0x64,
    0x02, 0x58, 0x00, 0x00, 0x01, 0xf4, 0x00, 0x64, 0x02, 0xbc, 0x00, 0x00, 0x03, 0x20, 0x00, 0x00,
    0x01, 0xf4, 0x00, 0x00, 0x03, 0x20, 0x00, 0x00, 0x03, 0x20, 0x00, 0x00, 0x03, 0x20, 0x00, 0x00,
    0x03, 0x20, 0x00, 0x00, 0x03, 0x20, 0x00, 0x00, 0x03, 0x20, 0x00, 0x00, 0x03, 0x20, 0x00, 0x00,
    0x03, 0x20, 0x00, 0x00, 0x01, 0xf4, 0x00, 0x64, 0x01, 0xf4, 0x00, 0x64, 0x02, 0xbc, 0x00, 0x00,
    0x02, 0x58, 0x00, 0x00, 0x02, 0xbc, 0x00, 0x00, 0x02, 0xbc, 0x00, 0x00, 0x03, 0x84, 0x00, 0x00,
    0x03, 0x84, 0x00, 0x00, 0x03, 0x20, 0x00, 0x00, 0x03, 0x20, 0x00, 0x00, 0x03, 0x20, 0x00, 0x00,
    0x02, 0xbc, 0x00, 0x00, 0x02, 0xbc, 0x00, 0x00, 0x03, 0x20, 0x00, 0x00, 0x03, 0x20, 0x00, 0x00,
    0x01, 0xf4, 0x00, 0x00, 0x03, 0x20, 0x00, 0x00, 0x03, 0x84, 0x00, 0x00, 0x02, 0xbc, 0x00, 0x00,
    0x03, 0xe8, 0x00, 0x00, 0x03, 0x20, 0x00, 0x00, 0x03, 0x20, 0x00, 0x00, 0x03, 0x20, 0x00, 0x00,
    0x03, 0x20, 0x00, 0x00, 0x03, 0x20, 0x00, 0x00, 0x03, 0x20, 0x00, 0x00, 0x03, 0x84, 0x00, 0x00,
    0x03, 0x20, 0x00, 0x00, 0x03, 0x84, 0x00, 0x00, 0x05, 0x14, 0x00, 0x00, 0x03, 0x20, 0x00, 0x00,
    0x03, 0x84, 0x00, 0x00, 0x03, 0x20, 0x00, 0x00, 0x01, 0xf4, 0x00, 0x00, 0x02, 0xbc, 0x00, 0x00,
    0x01, 0xf4, 0x00, 0x00, 0x02, 0x58, 0x00, 0x00, 0x03, 0x20, 0x00, 0x00, 0x01, 0xf4, 0x00, 0x00,
    0x02, 0xbc, 0x00, 0x00, 0x03, 0x20, 0x00, 0x00, 0x03, 0x20, 0x00, 0x00, 0x03, 0x20, 0x00, 0x00,
    0x03, 0x20, 0x00, 0x00, 0x02, 0x58, 0x00, 0x00, 0x03, 0x20, 0x00, 0x00, 0x03, 0x20, 0x00, 0x00,
    0x01, 0x2c, 0x00, 0x00, 0x01, 0xf4, 0x00, 0x00, 0x03, 0x20, 0x00, 0x00, 0x01, 0x2c, 0x00, 0x00,
    0x04, 0x4c, 0x00, 0x00, 0x03, 0x20, 0x00, 0x00, 0x03, 0x20, 0x00, 0x00, 0x03, 0x20, 0x00, 0x00,
    0x03, 0x20, 0x00, 0x00, 0x02, 0x58, 0x00, 0x00, 0x02, 0xbc, 0x00, 0x00, 0x02, 0x58, 0x00, 0x00,
    0x03, 0x20, 0x00, 0x00, 0x03, 0x20, 0x00, 0x00, 0x04, 0x4c, 0x00, 0x00, 0x03, 0x20, 0x00, 0x00,
    0x03, 0x20, 0x00, 0x00, 0x02, 0xbc, 0x00, 0x00, 0x02, 0x58, 0x00, 0x00, 0x01, 0xf4, 0x00, 0x64,
    0x02, 0x58, 0x00, 0x00, 0x03, 0xe8, 0x00, 0x00, 0x01, 0xf4, 0x00, 0x64, 0x04, 0xb0, 0x00, 0x00,
    0x00, 0x00, 0x00, 0x00, 0x00, 0x00, 0x00, 0x00, 0x00, 0x00, 0x00, 0x00, 0x00, 0x00, 0x00, 0x00,
    0x00, 0x00, 0x00, 0x00, 0x00, 0x00, 0x00, 0x00, 0x00, 0x00, 0x00, 0x00, 0x00, 0x00, 0x00, 0x00,
    0x00, 0x00, 0x00, 0x00, 0x00, 0x00, 0x00, 0x00, 0x00, 0x00, 0x00, 0x00, 0x00, 0x00, 0x00, 0x00,
    0x00, 0x00, 0x00, 0x00, 0x00, 0x00, 0x00, 0x00, 0x00, 0x00, 0x00, 0x00, 0x00, 0x00, 0x00, 0x00,
    0x00, 0x00, 0x00, 0x00, 0x00, 0x00, 0x00, 0x00, 0x00, 0x00, 0x00, 0x00, 0x00, 0x00, 0x00, 0x00,
    0x00, 0x00, 0x00, 0x00, 0x00, 0x00, 0x00, 0x00, 0x00, 0x00, 0x00, 0x00, 0x00, 0x00, 0x00, 0x00,
    0x00, 0x00, 0x00, 0x00, 0x00, 0x00, 0x00, 0x00, 0x00, 0x00, 0x00, 0x00, 0x00, 0x00, 0x00, 0x00,
    0x00, 0x00, 0x00, 0x00, 0x00, 0x00, 0x00, 0x00, 0x00, 0x00, 0x00, 0x00, 0x00, 0x00, 0x00, 0x00,
    0x00, 0x00, 0x00, 0x00, 0x00, 0x00, 0x00, 0x00, 0x00, 0x00, 0x00, 0x00, 0x00, 0x00, 0x00, 0x00,
    0x00, 0x00, 0x00, 0x00, 0x00, 0x00, 0x00, 0x00, 0x00, 0x00, 0x00, 0x00, 0x00, 0x00, 0x00, 0x00,
    0x00, 0x00, 0x00, 0x00, 0x00, 0x00, 0x00, 0x00, 0x00, 0x00, 0x00, 0x00, 0x00, 0x00, 0x00, 0x00,
    0x00, 0x00, 0x00, 0x00, 0x00, 0x00, 0x00, 0x00, 0x00, 0x00, 0x00, 0x00, 0x00, 0x00, 0x00, 0x00,
    0x00, 0x00, 0x00, 0x00, 0x00, 0x00, 0x00, 0x00, 0x00, 0x00, 0x00, 0x00, 0x00, 0x00, 0x00, 0x00,
    0x00, 0x00, 0x00, 0x00, 0x00, 0x00, 0x00, 0x00, 0x00, 0x00, 0x00, 0x00, 0x00, 0x00, 0x00, 0x00,
    0x00, 0x00, 0x00, 0x00, 0x00, 0x00, 0x00, 0x00, 0x00, 0x00, 0x00, 0x00, 0x00, 0x00, 0x00, 0x00,
    0x00, 0x00, 0x00, 0x00, 0x00, 0x00, 0x00, 0x00, 0x00, 0x00, 0x00, 0x00, 0x00, 0x00, 0x00, 0x00,
    0x00, 0x00, 0x00, 0x00, 0x00, 0x00, 0x00, 0x00, 0x00, 0x00, 0x00, 0x00, 0x00, 0x00, 0x00, 0x00,
    0x00, 0x00, 0x00, 0x00, 0x00, 0x00, 0x00, 0x00, 0x00, 0x00, 0x00, 0x00, 0x00, 0x00, 0x00, 0x00,
    0x00, 0x00, 0x00, 0x00, 0x00, 0x00, 0x00, 0x00, 0x00, 0x00, 0x00, 0x00, 0x00, 0x00, 0x00, 0x00,
    0x00, 0x00, 0x00, 0x00, 0x00, 0x00, 0x00, 0x00, 0x00, 0x00, 0x00, 0x00, 0x00, 0x00, 0x00, 0x00,
    0x00, 0x00, 0x00, 0x00, 0x00, 0x00, 0x00, 0x00, 0x00, 0x00, 0x00, 0x00, 0x00, 0x00, 0x00, 0x00,
    0x00, 0x00, 0x00, 0x00, 0x00, 0x00, 0x00, 0x00, 0x00, 0x00, 0x00, 0x00, 0x00, 0x00, 0x00, 0x00,
    0x00, 0x00, 0x00, 0x00, 0x00, 0x00, 0x00, 0x00, 0x00, 0x00, 0x00, 0x00, 0x00, 0x00, 0x00, 0x00,
    0x00, 0x00, 0x00, 0x00, 0x00, 0x00, 0x00, 0x00, 0x00, 0x00, 0x00, 0x00, 0x00, 0x00, 0x00, 0x00,
    0x00, 0x00, 0x00, 0x00, 0x00, 0x00, 0x00, 0x00, 0x00, 0x00, 0x00, 0x00, 0x00, 0x00, 0x00, 0x00,
    0x00, 0x00, 0x00, 0x00, 0x00, 0x00, 0x00, 0x00, 0x00, 0x00, 0x00, 0x00, 0x00, 0x00, 0x00, 0x00,
    0x00, 0x00, 0x00, 0x00, 0x00, 0x00, 0x00, 0x00, 0x00, 0x00, 0x00, 0x00, 0x00, 0x00, 0x00, 0x00,
    0x00, 0x00, 0x00, 0x00, 0x00, 0x00, 0x00, 0x00, 0x00, 0x00, 0x00, 0x00, 0x00, 0x00, 0x00, 0x00,
    0x00, 0x00, 0x00, 0x00, 0x00, 0x00, 0x00, 0x00, 0x00, 0x00, 0x00, 0x00, 0x00, 0x00, 0x00, 0x00,
    0x00, 0x00, 0x00, 0x00, 0x00, 0x00, 0x00, 0x00, 0x00, 0x00, 0x00, 0x00, 0x00, 0x00, 0x00, 0x02,
    0x00, 0x00, 0x00, 0x03, 0x00, 0x00, 0x00, 0x14, 0x00, 0x03, 0x00, 0x01, 0x00, 0x00, 0x00, 0x14,
    0x00, 0x04, 0x06, 0xe8, 0x00, 0x00, 0x01, 0xb6, 0x01, 0x00, 0x00, 0x07, 0x00, 0xb6, 0x00, 0x7e,
    0x00, 0xb7, 0x21, 0x92, 0xac, 0x00, 0xac, 0x04, 0xac, 0x08, 0xac, 0x11, 0xac, 0x15, 0xac, 0x19,
    0xac, 0x70, 0xac, 0x74, 0xac, 0x80, 0xac, 0x8c, 0xac, 0xa9, 0xac, 0xbd, 0xac, 0xe0, 0xac, 0xf5,
    0xac, 0xfc, 0xad, 0x00, 0xad, 0x6c, 0xad, 0x8c, 0xad, 0xfc, 0xae, 0x30, 0xae, 0x38, 0xae, 0x40,
    0xae, 0x4c, 0xae, 0xbc, 0xb0, 0x1d, 0xb0, 0x4c, 0xb0, 0x5d, 0xb0, 0x98, 0xb0, 0x9c, 0xb0, 0xa0,
    0xb0, 0xa8, 0xb0, 0xae, 0xb0, 0xb4, 0xb1, 0x93, 0xb2, 0x90, 0xb2, 0x94, 0xb2, 0xa5, 0xb2, 0xc8,
    0xb2, 0xe5, 0xb2, 0xe8, 0xb2, 0xec, 0xb2, 0xf9, 0xb3, 0x00, 0xb3, 0x70, 0xb3, 0xc4, 0xb3, 0xcc,
    0xb3, 0xd9, 0xb4, 0x29, 0xb4, 0xa4, 0xb4, 0xdd, 0xb5, 0x2a, 0xb5, 0x4c, 0xb5, 0xa0, 0xb6, 0x10,
    0xb7, 0x7c, 0xb7, 0x98, 0xb8, 0x08, 0xb8, 0x25, 0xb8, 0x40, 0xb8, 0x5d, 0xb8, 0xcc, 0xb9, 0x58,
    0xb9, 0x60, 0xb9, 0x74, 0xb9, 0x7c, 0xb9, 0x85, 0xb9, 0xad, 0xb9, 0xb0, 0xb9, 0xc9, 0xb9, 0xcc,
    0xba, 0x38, 0xba, 0x3c, 0xba, 0x40, 0xba, 0x74, 0xba, 0x85, 0xba, 0xa8, 0xba, 0xb8, 0xbb, 0x34,
    0xbb, 0xf8, 0xbc, 0x14, 0xbc, 0x16, 0xbc, 0x18, 0xbc, 0x1c, 0xbc, 0x29, 0xbc, 0x30, 0xbc, 0x88,
    0xbc, 0x95, 0xbc, 0xbd, 0xbc, 0xc0, 0xbc, 0xc4, 0xbc, 0xf5, 0xbd, 0x80, 0xbd, 0x88, 0xbe, 0x0c,
    0xbe, 0x44, 0xbe, 0x48, 0xbf, 0x51, 0xc0, 0xac, 0xc0, 0xb0, 0xc0, 0xb4, 0xc0, 0xc1, 0xc0, 0xc8,
    0xc1, 0x1c, 0xc1, 0x20, 0xc1, 0x31, 0xc1, 0x38, 0xc1, 0x8d, 0xc1, 0xc4, 0xc2, 0x18, 0xc2, 0xa4,
    0xc2, 0xb5, 0xc2, 0xdd, 0xc2, 0xe0, 0xc2, 0xe4, 0xc3, 0xd8, 0xc5, 0x45, 0xc5, 0x48, 0xc5, 0x4a,
    0xc5, 0xb4, 0xc5, 0xbb, 0xc5, 0xc6, 0xc5, 0xd0, 0xc5, 0xf0, 0xc5, 0xfc, 0xc6, 0x01, 0xc6, 0x24,
    0xc6, 0x40, 0xc6, 0x95, 0xc6, 0xa9, 0xc6, 0xd0, 0xc6, 0xe8, 0xc7, 0x04, 0xc7, 0x20, 0xc7, 0x3c,
    0xc7, 0x40, 0xc7, 0x44, 0xc7, 0x4c, 0xc7, 0x58, 0xc7, 0x74, 0xc7, 0x78, 0xc7, 0x7c, 0xc7, 0x85,
    0xc7, 0x88, 0xc7, 0x91, 0xc7, 0xa0, 0xc7, 0xa5, 0xc8, 0x01, 0xc8, 0x04, 0xc8, 0x11, 0xc8, 0x15,
    0xc8, 0x70, 0xc8, 0x85, 0xc8, 0x8c, 0xc8, 0xfd, 0xc9, 0x00, 0xc9, 0x0d, 0xc9, 0x11, 0xc9, 0x89,
    0xc9, 0x9d, 0xc9, 0xc0, 0xc9, 0xd1, 0xcc, 0x29, 0xcc, 0x3d, 0xcc, 0x98, 0xcc, 0xb4, 0xcd, 0x09,
    0xcd, 0x1d, 0xcd, 0x5c, 0xcd, 0x94, 0xcd, 0xa9, 0xce, 0x59, 0xce, 0x68, 0xce, 0x74, 0xcf, 0x1c,
    0xcf, 0x64, 0xd0, 0x6c, 0xd0, 0x74, 0xd0, 0xa4, 0xd0, 0xac, 0xd0, 0xc0, 0xd0, 0xc4, 0xd0, 0xd0,
    0xd0, 0xdd, 0xd1, 0xa0, 0xd1, 0xb5, 0xd2, 0x95, 0xd2, 0xb9, 0xd2, 0xc0, 0xd3, 0x0c, 0xd3, 0x28,
    0xd3, 0x99, 0xd3, 0xed, 0xd4, 0x8d, 0xd5, 0x3c, 0xd5, 0x58, 0xd5, 0x5c, 0xd5, 0x60, 0xd5, 0x69,
    0xd5, 0x74, 0xd5, 0xa5, 0xd5, 0xc8, 0xd5, 0xd8, 0xd6, 0x00, 0xd6, 0x08, 0xd6, 0x15, 0xd6, 0x55,
    0xd6, 0x58, 0xd6, 0x5c, 0xd6, 0x8d, 0xd6, 0x9f, 0xd6, 0xa8, 0xd7, 0x34, 0xd7, 0x49, 0xd7, 0x61,
    0xd7, 0x88, 0xff, 0xff, 0x00, 0x00, 0x00, 0x20, 0x00, 0xb7, 0x21, 0x92, 0xac, 0x00, 0xac, 0x04,
    0xac, 0x08, 0xac, 0x10, 0xac, 0x15, 0xac, 0x19, 0xac, 0x70, 0xac, 0x74, 0xac, 0x80, 0xac, 0x8c,
    0xac, 0xa9, 0xac, 0xbd, 0xac, 0xe0, 0xac, 0xf5, 0xac, 0xfc, 0xad, 0x00, 0xad, 0x6c, 0xad, 0x8c,
    0xad, 0xfc, 0xae, 0x30, 0xae, 0x38, 0xae, 0x40, 0xae, 0x4c, 0xae, 0xbc, 0xb0, 0x1d, 0xb0, 0x4c,
    0xb0, 0x5d, 0xb0, 0x98, 0xb0, 0x9c, 0xb0, 0xa0, 0xb0, 0xa8, 0xb0, 0xae, 0xb0, 0xb4, 0xb1, 0x93,
    0xb2, 0x90, 0xb2, 0x94, 0xb2, 0xa5, 0xb2, 0xc8, 0xb2, 0xe4, 0xb2, 0xe8, 0xb2, 0xec, 0xb2, 0xf9,
    0xb3, 0x00, 0xb3, 0x70, 0xb3, 0xc4, 0xb3, 0xcc, 0xb3, 0xd9, 0xb4, 0x29, 0xb4, 0xa4, 0xb4, 0xdc,
    0xb5, 0x2a, 0xb5, 0x4c, 0xb5, 0xa0, 0xb6, 0x10, 0xb7, 0x7c, 0xb7, 0x98, 0xb8, 0x08, 0xb8, 0x25,
    0xb8, 0x40, 0xb8, 0x5c, 0xb8, 0xcc, 0xb9, 0x58, 0xb9, 0x60, 0xb9, 0x74, 0xb9, 0x7c, 0xb9, 0x85,
    0xb9, 0xac, 0xb9, 0xb0, 0xb9, 0xc8, 0xb9, 0xcc, 0xba, 0x38, 0xba, 0x3c, 0xba, 0x40, 0xba, 0x74,
    0xba, 0x85, 0xba, 0xa8, 0xba, 0xb8, 0xbb, 0x34, 0xbb, 0xf8, 0xbc, 0x14, 0xbc, 0x16, 0xbc, 0x18,
    0xbc, 0x1c, 0xbc, 0x29, 0xbc, 0x30, 0xbc, 0x88, 0xbc, 0x95, 0xbc, 0xbd, 0xbc, 0xc0, 0xbc, 0xc4,
    0xbc, 0xf4, 0xbd, 0x80, 0xbd, 0x88, 0xbe, 0x0c, 0xbe, 0x44, 0xbe, 0x48, 0xbf, 0x51, 0xc0, 0xac,
    0xc0, 0xb0, 0xc0, 0xb4, 0xc0, 0xc1, 0xc0, 0xc8, 0xc1, 0x1c, 0xc1, 0x20, 0xc1, 0x31, 0xc1, 0x38,
    0xc1, 0x8d, 0xc1, 0xc4, 0xc2, 0x18, 0xc2, 0xa4, 0xc2, 0xb5, 0xc2, 0xdc, 0xc2, 0xe0, 0xc2, 0xe4,
    0xc3, 0xd8, 0xc5, 0x44, 0xc5, 0x48, 0xc5, 0x4a, 0xc5, 0xb4, 0xc5, 0xbb, 0xc5, 0xc6, 0xc5, 0xd0,
    0xc5, 0xf0, 0xc5, 0xfc, 0xc6, 0x01, 0xc6, 0x24, 0xc6, 0x40, 0xc6, 0x94, 0xc6, 0xa9, 0xc6, 0xd0,
    0xc6, 0xe8, 0xc7, 0x04, 0xc7, 0x20, 0xc7, 0x3c, 0xc7, 0x40, 0xc7, 0x44, 0xc7, 0x4c, 0xc7, 0x58,
    0xc7, 0x74, 0xc7, 0x78, 0xc7, 0x7c, 0xc7, 0x83, 0xc7, 0x88, 0xc7, 0x90, 0xc7, 0xa0, 0xc7, 0xa5,
    0xc8, 0x00, 0xc8, 0x04, 0xc8, 0x10, 0xc8, 0x15, 0xc8, 0x70, 0xc8, 0x85, 0xc8, 0x8c, 0xc8, 0xfc,
    0xc9, 0x00, 0xc9, 0x0d, 0xc9, 0x11, 0xc9, 0x89, 0xc9, 0x9d, 0xc9, 0xc0, 0xc9, 0xd0, 0xcc, 0x29,
    0xcc, 0x3d, 0xcc, 0x98, 0xcc, 0xb4, 0xcd, 0x08, 0xcd, 0x1d, 0xcd, 0x5c, 0xcd, 0x94, 0xcd, 0xa9,
    0xce, 0x58, 0xce, 0x68, 0xce, 0x74, 0xcf, 0x1c, 0xcf, 0x64, 0xd0, 0x6c, 0xd0, 0x74, 0xd0, 0xa4,
    0xd0, 0xac, 0xd0, 0xc0, 0xd0, 0xc4, 0xd0, 0xd0, 0xd0, 0xdc, 0xd1, 0xa0, 0xd1, 0xb5, 0xd2, 0x95,
    0xd2, 0xb9, 0xd2, 0xc0, 0xd3, 0x0c, 0xd3, 0x28, 0xd3, 0x99, 0xd3, 0xec, 0xd4, 0x8d, 0xd5, 0x3c,
    0xd5, 0x58, 0xd5, 0x5c, 0xd5, 0x60, 0xd5, 0x69, 0xd5, 0x74, 0xd5, 0xa5, 0xd5, 0xc8, 0xd5, 0xd8,
    0xd6, 0x00, 0xd6, 0x08, 0xd6, 0x15, 0xd6, 0x54, 0xd6, 0x58, 0xd6, 0x5c, 0xd6, 0x8c, 0xd6, 0x9f,
    0xd6, 0xa8, 0xd7, 0x34, 0xd7, 0x49, 0xd7, 0x61, 0xd7, 0x88, 0xff, 0xff, 0xff, 0xe1, 0xff, 0xa9,
    0xde, 0xcf, 0x54, 0x62, 0x54, 0x5f, 0x54, 0x5c, 0x54, 0x55, 0x54, 0x52, 0x54, 0x4f, 0x53, 0xf9,
    0x53, 0xf6, 0x53, 0xeb, 0x53, 0xe0, 0x53, 0xc4, 0x53, 0xb1, 0x53, 0x8f, 0x53, 0x7b, 0x53, 0x75,
    0x53, 0x72, 0x53, 0x07, 0x52, 0xe8, 0x52, 0x79, 0x52, 0x46, 0x52, 0x3f, 0x52, 0x38, 0x52, 0x2d,
    0x51, 0xbe, 0x50, 0x5e, 0x50, 0x30, 0x50, 0x20, 0x4f, 0xe6, 0x4f, 0xe3, 0x4f, 0xe0, 0x4f, 0xd9,
    0x4f, 0xd4, 0x4f, 0xcf, 0x4e, 0xf1, 0x4d, 0xf5, 0x4d, 0xf2, 0x4d, 0xe2, 0x4d, 0xc0, 0x4d, 0xa5,
    0x4d, 0xa3, 0x4d, 0xa0, 0x4d, 0x94, 0x4d, 0x8e, 0x4d, 0x1f, 0x4c, 0xcc, 0x4c, 0xc5, 0x4c, 0xb9,
    0x4c, 0x6a, 0x4b, 0xf0, 0x4b, 0xb9, 0x4b, 0x6d, 0x4b, 0x4c, 0x4a, 0xf9, 0x4a, 0x8a, 0x49, 0x1f,
    0x49, 0x04, 0x48, 0x95, 0x48, 0x79, 0x48, 0x5f, 0x48, 0x44, 0x47, 0xd6, 0x47, 0x4b, 0x47, 0x44,
    0x47, 0x31, 0x47, 0x2a, 0x47, 0x22, 0x46, 0xfc, 0x46, 0xfa, 0x46, 0xe3, 0x46, 0xe1, 0x46, 0x76,
    0x46, 0x73, 0x46, 0x70, 0x46, 0x3d, 0x46, 0x2d, 0x46, 0x0b, 0x45, 0xfc, 0x45, 0x81, 0x44, 0xbe,
    0x44, 0xa3, 0x44, 0xa2, 0x44, 0xa1, 0x44, 0x9e, 0x44, 0x92, 0x44, 0x8c, 0x44, 0x35, 0x44, 0x29,
    0x44, 0x02, 0x44, 0x00, 0x43, 0xfd, 0x43, 0xce, 0x43, 0x44, 0x43, 0x3d, 0x42, 0xba, 0x42, 0x83,
    0x42, 0x80, 0x41, 0x78, 0x40, 0x1e, 0x40, 0x1b, 0x40, 0x18, 0x40, 0x0c, 0x40, 0x06, 0x3f, 0xb3,
    0x3f, 0xb0, 0x3f, 0xa0, 0x3f, 0x9a, 0x3f, 0x46, 0x3f, 0x10, 0x3e, 0xbd, 0x3e, 0x32, 0x3e, 0x22,
    0x3d, 0xfc, 0x3d, 0xfa, 0x3d, 0xf7, 0x3d, 0x04, 0x3b, 0x99, 0x3b, 0x97, 0x3b, 0x96, 0x3b, 0x2d,
    0x3b, 0x27, 0x3b, 0x1d, 0x3b, 0x14, 0x3a, 0xf5, 0x3a, 0xea, 0x3a, 0xe6, 0x3a, 0xc4, 0x3a, 0xa9,
    0x3a, 0x56, 0x3a, 0x43, 0x3a, 0x1d, 0x3a, 0x06, 0x39, 0xeb, 0x39, 0xd0, 0x39, 0xb5, 0x39, 0xb2,
    0x39, 0xaf, 0x39, 0xa8, 0x39, 0x9d, 0x39, 0x82, 0x39, 0x7f, 0x39, 0x7c, 0x39, 0x76, 0x39, 0x74,
    0x39, 0x6d, 0x39, 0x5f, 0x39, 0x5b, 0x39, 0x01, 0x38, 0xff, 0x38, 0xf4, 0x38, 0xf1, 0x38, 0x97,
    0x38, 0x83, 0x38, 0x7d, 0x38, 0x0e, 0x38, 0x0c, 0x38, 0x00, 0x37, 0xfd, 0x37, 0x86, 0x37, 0x73,
    0x37, 0x51, 0x37, 0x42, 0x34, 0xeb, 0x34, 0xd8, 0x34, 0x7e, 0x34, 0x63, 0x34, 0x10, 0x33, 0xfd,
    0x33, 0xbf, 0x33, 0x88, 0x33, 0x74, 0x32, 0xc6, 0x32, 0xb8, 0x32, 0xad, 0x32, 0x06, 0x31, 0xbf,
    0x30, 0xb8, 0x30, 0xb1, 0x30, 0x82, 0x30, 0x7b, 0x30, 0x68, 0x30, 0x65, 0x30, 0x5a, 0x30, 0x4f,
    0x2f, 0x8d, 0x2f, 0x79, 0x2e, 0x9a, 0x2e, 0x77, 0x2e, 0x71, 0x2e, 0x26, 0x2e, 0x0b, 0x2d, 0x9b,
    0x2d, 0x49, 0x2c, 0xaa, 0x2b, 0xfc, 0x2b, 0xe1, 0x2b, 0xde, 0x2b, 0xdb, 0x2b, 0xd3, 0x2b, 0xc9,
    0x2b, 0x99, 0x2b, 0x77, 0x2b, 0x68, 0x2b, 0x41, 0x2b, 0x3a, 0x2b, 0x2e, 0x2a, 0xf0, 0x2a, 0xee,
    0x2a, 0xeb, 0x2a, 0xbc, 0x2a, 0xab, 0x2a, 0xa3, 0x2a, 0x18, 0x2a, 0x04, 0x29, 0xed, 0x29, 0xc7,
    0x00, 0x01, 0x00, 0x00, 0x00, 0x00, 0x00, 0x00, 0x00, 0x00, 0x00, 0x00, 0x00, 0x00, 0x00, 0x00,
    0x00, 0x00, 0x00, 0x00, 0x00, 0x00, 0x00, 0x00, 0x00, 0x00, 0x00, 0x00, 0x00, 0x00, 0x00, 0x00,
    0x00, 0x00, 0x00, 0x00, 0x00, 0x00, 0x00, 0x00, 0x00, 0x00, 0x00, 0x00, 0x00, 0x00, 0x00, 0x00,
    0x00, 0x00, 0x00, 0x00, 0x00, 0x00, 0x00, 0x00, 0x00, 0x00, 0x00, 0x00, 0x00, 0x00, 0x00, 0x00,
    0x00, 0x00, 0x00, 0x00, 0x00, 0x00, 0x00, 0x00, 0x00, 0x00, 0x00, 0x00, 0x00, 0x00, 0x00, 0x00,
    0x00, 0x00, 0x00, 0x00, 0x00, 0x00, 0x00, 0x00, 0x00, 0x00, 0x00, 0x00, 0x00, 0x00, 0x00, 0x00,
    0x00, 0x00, 0x00, 0x00, 0x00, 0x00, 0x00, 0x00, 0x00, 0x00, 0x00, 0x00, 0x00, 0x00, 0x00, 0x00,
    0x00, 0x00, 0x00, 0x00, 0x00, 0x00, 0x00, 0x00, 0x00, 0x00, 0x00, 0x00, 0x00, 0x00, 0x00, 0x00,
    0x00, 0x00, 0x00, 0x00, 0x00, 0x00, 0x00, 0x00, 0x00, 0x00, 0x00, 0x00, 0x00, 0x00, 0x00, 0x00,
    0x00, 0x00, 0x00, 0x00, 0x00, 0x00, 0x00, 0x00, 0x00, 0x00, 0x00, 0x00, 0x00, 0x00, 0x00, 0x00,
    0x00, 0x00, 0x00, 0x00, 0x00, 0x00, 0x00, 0x00, 0x00, 0x00, 0x00, 0x00, 0x00, 0x00, 0x00, 0x00,
    0x00, 0x00, 0x00, 0x00, 0x00, 0x00, 0x00, 0x00, 0x00, 0x00, 0x00, 0x00, 0x00, 0x00, 0x00, 0x00,
    0x00, 0x00, 0x00, 0x00, 0x00, 0x00, 0x00, 0x00, 0x00, 0x00, 0x00, 0x00, 0x00, 0x00, 0x00, 0x00,
    0x00, 0x00, 0x00, 0x00, 0x00, 0x00, 0x00, 0x00, 0x00, 0x00, 0x00, 0x00, 0x00, 0x00, 0x00, 0x00,
    0x00, 0x00, 0x00, 0x00, 0x00, 0x00, 0x00, 0x00, 0x00, 0x00, 0x00, 0x00, 0x00, 0x00, 0x00, 0x00,
    0x00, 0x00, 0x00, 0x00, 0x00, 0x00, 0x00, 0x00, 0x00, 0x00, 0x00, 0x00, 0x00, 0x00, 0x00, 0x00,
    0x00, 0x00, 0x00, 0x00, 0x00, 0x00, 0x00, 0x00, 0x00, 0x00, 0x00, 0x00, 0x00, 0x00, 0x00, 0x00,
    0x00, 0x00, 0x00, 0x00, 0x00, 0x00, 0x00, 0x00, 0x00, 0x00, 0x00, 0x00, 0x00, 0x00, 0x00, 0x00,
    0x00, 0x00, 0x00, 0x00, 0x00, 0x00, 0x00, 0x00, 0x00, 0x00, 0x00, 0x00, 0x00, 0x00, 0x00, 0x00,
    0x00, 0x00, 0x00, 0x00, 0x00, 0x00, 0x00, 0x00, 0x00, 0x00, 0x00, 0x00, 0x00, 0x00, 0x00, 0x00,
    0x00, 0x00, 0x00, 0x00, 0x00, 0x00, 0x00, 0x00, 0x00, 0x00, 0x00, 0x00, 0x00, 0x00, 0x00, 0x00,
    0x00, 0x00, 0x00, 0x00, 0x00, 0x00, 0x00, 0x00, 0x00, 0x00, 0x00, 0x00, 0x00, 0x00, 0x00, 0x00,
    0x00, 0x00, 0x00, 0x00, 0x00, 0x00, 0x00, 0x00, 0x00, 0x00, 0x00, 0x00, 0x00, 0x00, 0x00, 0x00,
    0x00, 0x00, 0x00, 0x00, 0x00, 0x00, 0x00, 0x00, 0x00, 0x00, 0x00, 0x00, 0x00, 0x00, 0x00, 0x00,
    0x00, 0x00, 0x00, 0x00, 0x00, 0x00, 0x00, 0x00, 0x00, 0x00, 0x00, 0x00, 0x00, 0x00, 0x00, 0x00,
    0x00, 0x00, 0x00, 0x00, 0x00, 0x00, 0x00, 0x00, 0x00, 0x00, 0x00, 0x00, 0x00, 0x00, 0x00, 0x00,
    0x00, 0x00, 0x00, 0x00, 0x00, 0x00, 0x00, 0x00, 0x00, 0x00, 0x00, 0x00, 0x00, 0x00, 0x00, 0x00,
    0x00, 0x00, 0x00, 0x00, 0x00, 0x00, 0x00, 0x00, 0x00, 0x00, 0x00, 0x67, 0x00, 0x67, 0x00, 0x79,
    0x00, 0x8e, 0x00, 0xba, 0x00, 0xf3, 0x01, 0x48, 0x01, 0x82, 0x01, 0x8f, 0x01, 0xac, 0x01, 0xc8,
    0x01, 0xeb, 0x02, 0x02, 0x02, 0x16, 0x02, 0x22, 0x02, 0x2e, 0x02, 0x4a, 0x02, 0x66, 0x02, 0x77,
    0x02, 0xa1, 0x02, 0xc9, 0x02, 0xea, 0x03, 0x0c, 0x03, 0x31, 0x03, 0x4d, 0x03, 0x78, 0x03, 0x9e,
    0x03, 0xb0, 0x03, 0xc9, 0x03, 0xf1, 0x04, 0x04, 0x04, 0x2b, 0x04, 0x4f, 0x04, 0x7f, 0x04, 0xa3,
    0x04, 0xc5, 0x04, 0xe3, 0x04, 0xfa, 0x05, 0x10, 0x05, 0x24, 0x05, 0x46, 0x05, 0x5d, 0x05, 0x72,
    0x05, 0x88, 0x05, 0xb8, 0x05, 0xc6, 0x05, 0xeb, 0x06, 0x08, 0x06, 0x24, 0x06, 0x3e, 0x06, 0x62,
    0x06, 0x82, 0x06, 0xac, 0x06, 0xbe, 0x06, 0xd4, 0x06, 0xf8, 0x07, 0x2b, 0x07, 0x58, 0x07, 0x7a,
    0x07, 0x9f, 0x07, 0xaf, 0x07, 0xcc, 0x07, 0xdd, 0x07, 0xf5, 0x08, 0x01, 0x08, 0x16, 0x08, 0x34,
    0x08, 0x57, 0x08, 0x75, 0x08, 0x98, 0x08, 0xb7, 0x08, 0xd0, 0x08, 0xf8, 0x09, 0x12, 0x09, 0x24,
    0x09, 0x3b, 0x09, 0x5f, 0x09, 0x6b, 0x09, 0x8f, 0x09, 0xa8, 0x09, 0xc4, 0x09, 0xe8, 0x0a, 0x0b,
    0x0a, 0x1f, 0x0a, 0x3e, 0x0a, 0x57, 0x0a, 0x71, 0x0a, 0x92, 0x0a, 0xb9, 0x0a, 0xe4, 0x0b, 0x07,
    0x0b, 0x24, 0x0b, 0x43, 0x0b, 0x50, 0x0b, 0x6e, 0x0b, 0x87, 0x0b, 0x93, 0x0b, 0xbd, 0x0b, 0xe4,
    0x0c, 0x10, 0x0c, 0x3f, 0x0c, 0x6f, 0x0c, 0x9c, 0x0c, 0xd5, 0x0d, 0x01, 0x0d, 0x24, 0x0d, 0x4c,
    0x0d, 0x78, 0x0d, 0xa2, 0x0d, 0xd1, 0x0e, 0x0d, 0x0e, 0x29, 0x0e, 0x56, 0x0e, 0x7a, 0x0e, 0xa6,
    0x0e, 0xc1, 0x0e, 0xe8, 0x0f, 0x05, 0x0f, 0x27, 0x0f, 0x52, 0x0f, 0x80, 0x0f, 0xb2, 0x0f, 0xdf,
    0x10, 0x11, 0x10, 0x3f, 0x10, 0x6b, 0x10, 0x85, 0x10, 0xa8, 0x10, 0xd5, 0x10, 0xfd, 0x11, 0x2f,
    0x11, 0x4f, 0x11, 0x81, 0x11, 0x97, 0x11, 0xb6, 0x11, 0xe0, 0x11, 0xf5, 0x12, 0x12, 0x12, 0x38,
    0x12, 0x5e, 0x12, 0x8e, 0x12, 0xc0, 0x12, 0xe3, 0x13, 0x08, 0x13, 0x23, 0x13, 0x52, 0x13, 0x83,
    0x13, 0xb1, 0x13, 0xd5, 0x13, 0xed, 0x14, 0x0f, 0x14, 0x40, 0x14, 0x69, 0x14, 0x8c, 0x14, 0xae,
    0x14, 0xd0, 0x14, 0xf8, 0x15, 0x1f, 0x15, 0x4e, 0x15, 0x78, 0x15, 0x99, 0x15, 0xc6, 0x15, 0xec,
    0x16, 0x15, 0x16, 0x4d, 0x16, 0x6b, 0x16, 0x9c, 0x16, 0xce, 0x16, 0xeb, 0x17, 0x13, 0x17, 0x3a,
    0x17, 0x59, 0x17, 0x80, 0x17, 0xa8, 0x17, 0xc5, 0x17, 0xeb, 0x18, 0x1a, 0x18, 0x44, 0x18, 0x7b,
    0x18, 0x99, 0x18, 0xc5, 0x18, 0xe6, 0x19, 0x01, 0x19, 0x24, 0x19, 0x53, 0x19, 0x7e, 0x19, 0xb3,
    0x19, 0xeb, 0x1a, 0x14, 0x1a, 0x3c, 0x1a, 0x6a, 0x1a, 0x97, 0x1a, 0xc5, 0x1a, 0xfd, 0x1b, 0x1f,
    0x1b, 0x4a, 0x1b, 0x6f, 0x1b, 0xa1, 0x1b, 0xbf, 0x1b, 0xde, 0x1c, 0x05, 0x1c, 0x42, 0x1c, 0x68,
    0x1c, 0x95, 0x1c, 0xcb, 0x1d, 0x05, 0x1d, 0x2e, 0x1d, 0x54, 0x1d, 0x81, 0x1d, 0xba, 0x1d, 0xe4,
    0x1e, 0x16, 0x1e, 0x44, 0x1e, 0x6d, 0x1e, 0x99, 0x1e, 0xd0, 0x1e, 0xf1, 0x1f, 0x1a, 0x1f, 0x43,
    0x1f, 0x75, 0x1f, 0x9c, 0x1f, 0xc4, 0x1f, 0xf4, 0x20, 0x24, 0x20, 0x6e, 0x20, 0x93, 0x20, 0xc2,
    0x21, 0x02, 0x21, 0x2f, 0x21, 0x5e, 0x21, 0x91, 0x21, 0xcd, 0x21, 0xf2, 0x22, 0x21, 0x22, 0x48,
    0x22, 0x77, 0x22, 0xb4, 0x22, 0xea, 0x23, 0x21, 0x23, 0x4e, 0x23, 0x7b, 0x23, 0x9d, 0x23, 0xc9,
    0x23, 0xfc, 0x24, 0x2d, 0x24, 0x55, 0x24, 0x78, 0x24, 0xa4, 0x24, 0xda, 0x25, 0x26, 0x25, 0x58,
    0x25, 0x82, 0x25, 0xc5, 0x25, 0xef, 0x26, 0x24, 0x26, 0x5d, 0x26, 0x9e, 0x26, 0xc8, 0x26, 0xf8,
    0x27, 0x29, 0x27, 0x5d, 0x27, 0x8f, 0x27, 0xcc, 0x28, 0x00, 0x28, 0x3f, 0x28, 0x74, 0x28, 0x9e,
    0x28, 0xce, 0x28, 0xff, 0x29, 0x3c, 0x29, 0x78, 0x29, 0xa6, 0x29, 0xe0, 0x2a, 0x05, 0x2a, 0x38,
    0x2a, 0x66, 0x2a, 0x9b, 0x2a, 0xdc, 0x2b, 0x08, 0x2b, 0x39, 0x2b, 0x6c, 0x2b, 0xa3, 0x2b, 0xe6,
    0x2c, 0x16, 0x2c, 0x45, 0x2c, 0x85, 0x2c, 0xac, 0x2c, 0xdd, 0x2d, 0x14, 0x2d, 0x3e, 0x2d, 0x68,
    0x2d, 0x94, 0x2d, 0xaf, 0x2d, 0xdb, 0x2e, 0x00, 0x2e, 0x2e, 0x2e, 0x4f, 0x2e, 0x7a, 0x2e, 0xa9,
    0x2e, 0xd0, 0x2e, 0xfe, 0x2f, 0x1e, 0x2f, 0x51, 0x2f, 0x87, 0x2f, 0xab, 0x2f, 0xd6, 0x2f, 0xfd,
    0x30, 0x2a, 0x30, 0x5f, 0x30, 0x84, 0x30, 0xb3, 0x30, 0xed, 0x31, 0x0f, 0x31, 0x40, 0x31, 0x76,
    0x31, 0xb4, 0x31, 0xee, 0x32, 0x25, 0x32, 0x6a, 0x32, 0x98, 0x32, 0xd2, 0x33, 0x05, 0x33, 0x43,
    0x33, 0x8a, 0x33, 0xc1, 0x33, 0xfb, 0x34, 0x37, 0x34, 0x77, 0x34, 0xa9, 0x34, 0xe0, 0x35, 0x27,
    0x35, 0x54, 0x35, 0x89, 0x35, 0xca, 0x36, 0x04, 0x36, 0x30, 0x00, 0x00, 0x00, 0x0f, 0x00, 0x00,
    0x00, 0x00, 0x04, 0x4c, 0x04, 0x4c, 0x00, 0x03, 0x00, 0x07, 0x00, 0x13, 0x00, 0x17, 0x00, 0x1b,
    0x00, 0x1f, 0x00, 0x23, 0x00, 0x27, 0x00, 0x2b, 0x00, 0x2f, 0x00, 0x33, 0x00, 0x37, 0x00, 0x3b,
    0x00, 0x3f, 0x00, 0x43, 0x00, 0x00, 0x31, 0x11, 0x21, 0x11, 0x27, 0x23, 0x35, 0x33, 0x15, 0x35,
    0x33, 0x11, 0x23, 0x35, 0x21, 0x15, 0x23, 0x11, 0x33, 0x15, 0x01, 0x15, 0x23, 0x35, 0x01, 0x35,
    0x33, 0x15, 0x07, 0x23, 0x35, 0x33, 0x11, 0x33, 0x15, 0x23, 0x35, 0x15, 0x23, 0x35, 0x01, 0x15,
    0x23, 0x35, 0x13, 0x23, 0x35, 0x33, 0x01, 0x23, 0x35, 0x33, 0x11, 0x15, 0x23, 0x35, 0x01, 0x15,
    0x23, 0x35, 0x37, 0x15, 0x23, 0x35, 0x15, 0x23, 0x35, 0x33, 0x04, 0x4c, 0xc8, 0x64, 0x64, 0x64,
    0x64, 0xfd, 0x44, 0x64, 0x64, 0x02, 0xbc, 0x64, 0xfe, 0x70, 0x64, 0x64, 0x64, 0x64, 0x64, 0x64,
    0x64, 0x01, 0xf4, 0x64, 0x64, 0x64, 0x64, 0xfe, 0x0c, 0x64, 0x64, 0x64, 0x01, 0xf4, 0x64, 0x64,
    0x64, 0x64, 0x64, 0x04, 0x4c, 0xfb, 0xb4, 0xc8, 0x64, 0xc8, 0x64, 0x02, 0xbc, 0x64, 0x64, 0xfd,
    0x44, 0x64, 0x03, 0x20, 0x64, 0x64, 0xfe, 0x0c, 0x64, 0x64, 0x64, 0x64, 0x01, 0x2c, 0x64, 0xc8,
    0x64, 0x64, 0xfe, 0x70, 0x64, 0x64, 0x01, 0x2c, 0x64, 0xfd, 0xa8, 0x64, 0x02, 0x58, 0x64, 0x64,
    0xfe, 0x70, 0x64, 0x64, 0xc8, 0x64, 0x64, 0xc8, 0x64, 0x00, 0x00, 0x02, 0x00, 0x64, 0x00, 0x00,
    0x01, 0x2c, 0x04, 0x4c, 0x00, 0x03, 0x00, 0x07, 0x00, 0x00, 0x13, 0x33, 0x11, 0x23, 0x15, 0x33,
    0x15, 0x23, 0x64, 0xc8, 0xc8, 0xc8, 0xc8, 0x04, 0x4c, 0xfc, 0xe0, 0x64, 0xc8, 0x00, 0x00, 0x02,
    0x00, 0x00, 0x02, 0xbc, 0x01, 0xf4, 0x04, 0x4c, 0x00, 0x03, 0x00, 0x07, 0x00, 0x00, 0x01, 0x11,
    0x23, 0x11, 0x01, 0x11, 0x33, 0x11, 0x01, 0xf4, 0xc8, 0xfe, 0xd4, 0xc8, 0x04, 0x4c, 0xfe, 0x70,
    0x01, 0x90, 0xfe, 0x70, 0x01, 0x90, 0xfe, 0x70, 0x00, 0x02, 0x00, 0x00, 0x00, 0x00, 0x03, 0x84,
    0x04, 0x4c, 0x00, 0x1b, 0x00, 0x1f, 0x00, 0x00, 0x11, 0x33, 0x35, 0x23, 0x35, 0x33, 0x35, 0x33,
    0x15, 0x33, 0x35, 0x33, 0x15, 0x33, 0x15, 0x23, 0x15, 0x33, 0x15, 0x23, 0x11, 0x23, 0x11, 0x23,
    0x11, 0x23, 0x11, 0x23, 0x25, 0x33, 0x35, 0x23, 0xc8, 0x64, 0xc8, 0xc8, 0x64, 0xc8, 0x64, 0xc8,
    0x64, 0xc8, 0xc8, 0x64, 0xc8, 0x64, 0x01, 0x90, 0x64, 0x64, 0x01, 0xf4, 0xc8, 0xc8, 0xc8, 0xc8,
    0xc8, 0xc8, 0xc8, 0xc8, 0xc8, 0xfe, 0xd4, 0x01, 0x2c, 0xfe, 0xd4, 0x01, 0x2c, 0xc8, 0xc8, 0x00,
    0x00, 0x03, 0x00, 0x00, 0x00, 0x00, 0x03, 0x20, 0x04, 0x4c, 0x00, 0x23, 0x00, 0x27, 0x00, 0x2b,
    0x00, 0x00, 0x35, 0x35, 0x33, 0x15, 0x33, 0x35, 0x23, 0x35, 0x23, 0x11, 0x33, 0x35, 0x33, 0x35,
    0x33, 0x15, 0x33, 0x15, 0x33, 0x15, 0x23, 0x35, 0x23, 0x15, 0x33, 0x15, 0x33, 0x11, 0x23, 0x15,
    0x23, 0x15, 0x23, 0x35, 0x23, 0x35, 0x13, 0x33, 0x35, 0x23, 0x01, 0x23, 0x15, 0x33, 0xc8, 0x64,
    0xc8, 0x64, 0x64, 0xc8, 0xc8, 0xc8, 0x64, 0xc8, 0x64, 0xc8, 0x64, 0x64, 0xc8, 0xc8, 0xc8, 0x64,
    0x64, 0x64, 0x01, 0x90, 0x64, 0x64, 0xc8, 0xc8, 0x64, 0xc8, 0x64, 0x01, 0x2c, 0x64, 0x64, 0x64,
    0x64, 0xc8, 0x64, 0xc8, 0x64, 0xfe, 0xd4, 0x64, 0x64, 0x64, 0x64, 0x01, 0xf4, 0x64, 0xfe, 0x70,
    0x64, 0x00, 0x00, 0x05, 0x00, 0x00, 0x00, 0x00, 0x04, 0x4c, 0x04, 0x4c, 0x00, 0x0b, 0x00, 0x0f,
    0x00, 0x2f, 0x00, 0x33, 0x00, 0x3f, 0x00, 0x00, 0x11, 0x11, 0x33, 0x35, 0x21, 0x15, 0x33, 0x11,
    0x23, 0x15, 0x21, 0x35, 0x01, 0x35, 0x23, 0x15, 0x13, 0x23, 0x15, 0x23, 0x15, 0x23, 0x15, 0x23,
    0x15, 0x23, 0x15, 0x23, 0x15, 0x23, 0x35, 0x33, 0x35, 0x33, 0x35, 0x33, 0x35, 0x33, 0x35, 0x33,
    0x35, 0x33, 0x35, 0x33, 0x35, 0x33, 0x15, 0x23, 0x25, 0x23, 0x15, 0x33, 0x01, 0x23, 0x11, 0x33,
    0x35, 0x21, 0x15, 0x33, 0x11, 0x23, 0x15, 0x21, 0x64, 0x01, 0x2c, 0x64, 0x64, 0xfe, 0xd4, 0x03,
    0x20, 0x64, 0x64, 0x64, 0x64, 0x64, 0x64, 0x64, 0x64, 0xc8, 0x64, 0x64, 0x64, 0x64, 0x64, 0x64,
    0x64, 0xc8, 0x64, 0xfd, 0xa8, 0x64, 0x64, 0x01, 0x90, 0x64, 0x64, 0x01, 0x2c, 0x64, 0x64, 0xfe,
    0xd4, 0x02, 0xbc, 0x01, 0x2c, 0x64, 0x64, 0xfe, 0xd4, 0x64, 0x64, 0xfe, 0x0c, 0x64, 0x64, 0x01,
    0xf4, 0x64, 0x64, 0x64, 0x64, 0x64, 0x64, 0xc8, 0x64, 0x64, 0x64, 0x64, 0x64, 0x64, 0x64, 0xc8,
    0x64, 0x64, 0xfd, 0x44, 0x01, 0x2c, 0x64, 0x64, 0xfe, 0xd4, 0x64, 0x00, 0x00, 0x03, 0x00, 0x00,
    0x00, 0x00, 0x03, 0xe8, 0x04, 0x4c, 0x00, 0x1f, 0x00, 0x27, 0x00, 0x2b, 0x00, 0x00, 0x35, 0x11,
    0x33, 0x35, 0x33, 0x35, 0x23, 0x11, 0x33, 0x35, 0x21, 0x15, 0x33, 0x11, 0x23, 0x15, 0x33, 0x15,
    0x33, 0x35, 0x33, 0x15, 0x23, 0x15, 0x33, 0x15, 0x23, 0x35, 0x23, 0x15, 0x21, 0x35, 0x37, 0x21,
    0x35, 0x23, 0x35, 0x23, 0x15, 0x23, 0x13, 0x33, 0x35, 0x23, 0x64, 0x64, 0x64, 0x64, 0x01, 0x90,
    0x64, 0x64, 0x64, 0x64, 0xc8, 0x64, 0x64, 0xc8, 0x64, 0xfd, 0xa8, 0x64, 0x01, 0x90, 0x64, 0xc8,
    0x64, 0x64, 0xc8, 0xc8, 0x64, 0x01, 0x2c, 0x64, 0x64, 0x01, 0x90, 0x64, 0x64, 0xfe, 0x70, 0x64,
    0x64, 0x64, 0xc8, 0x64, 0xc8, 0x64, 0x64, 0x64, 0x64, 0x64, 0x64, 0x64, 0x01, 0x90, 0xc8, 0x00,
    0x00, 0x01, 0x00, 0x64, 0x02, 0xbc, 0x01, 0x2c, 0x04, 0x4c, 0x00, 0x03, 0x00, 0x00, 0x13, 0x33,
    0x11, 0x23, 0x64, 0xc8, 0xc8, 0x04, 0x4c, 0xfe, 0x70, 0x00, 0x00, 0x01, 0x00, 0x00, 0x00, 0x00,
    0x01, 0x90, 0x04, 0x4c, 0x00, 0x13, 0x00, 0x00, 0x11, 0x11, 0x33, 0x35, 0x33, 0x35, 0x33, 0x15,
    0x23, 0x15, 0x23, 0x11, 0x33, 0x15, 0x33, 0x15, 0x23, 0x35, 0x23, 0x35, 0x64, 0x64, 0xc8, 0x64,
    0x64, 0x64, 0x64, 0xc8, 0x64, 0x01, 0x2c, 0x01, 0xf4, 0xc8, 0x64, 0xc8, 0xc8, 0xfe, 0xd4, 0xc8,
    0xc8, 0x64, 0xc8, 0x00, 0x00, 0x01, 0x00, 0x00, 0x00, 0x00, 0x01, 0x90, 0x04, 0x4c, 0x00, 0x13,
    0x00, 0x00, 0x35, 0x33, 0x35, 0x33, 0x11, 0x23, 0x35, 0x23, 0x35, 0x33, 0x15, 0x33, 0x15, 0x33,
    0x11, 0x23, 0x15, 0x23, 0x15, 0x23, 0x64, 0x64, 0x64, 0x64, 0xc8, 0x64, 0x64, 0x64, 0x64, 0xc8,
    0xc8, 0xc8, 0x01, 0x2c, 0xc8, 0xc8, 0x64, 0xc8, 0xfe, 0x0c, 0xc8, 0x64, 0x00, 0x01, 0x00, 0x00,
    0x00, 0x64, 0x02, 0x58, 0x03, 0x20, 0x00, 0x1b, 0x00, 0x00, 0x35, 0x35, 0x33, 0x35, 0x23, 0x35,
    0x33, 0x15, 0x33, 0x35, 0x33, 0x15, 0x33, 0x35, 0x33, 0x15, 0x23, 0x15, 0x33, 0x15, 0x23, 0x35,
    0x23, 0x15, 0x23, 0x35, 0x23, 0x15, 0x64, 0x64, 0x64, 0x64, 0xc8, 0x64, 0x64, 0x64, 0x64, 0x64,
    0x64, 0xc8, 0x64, 0xc8, 0xc8, 0x64, 0xc8, 0x64, 0xc8, 0xc8, 0x64, 0xc8, 0x64, 0xc8, 0x64, 0xc8,
    0xc8, 0x64, 0x00, 0x01, 0x00, 0x00, 0x00, 0x64, 0x03, 0x20, 0x03, 0x84, 0x00, 0x0b, 0x00, 0x00,
    0x11, 0x35, 0x21, 0x11, 0x33, 0x11, 0x21, 0x15, 0x21, 0x11, 0x23, 0x11, 0x01, 0x2c, 0xc8, 0x01,
    0x2c, 0xfe, 0xd4, 0xc8, 0x01, 0x90, 0xc8, 0x01, 0x2c, 0xfe, 0xd4, 0xc8, 0xfe, 0xd4, 0x01, 0x2c,
    0x00, 0x02, 0x00, 0x64, 0xff, 0x38, 0x01, 0x2c, 0x00, 0xc8, 0x00, 0x03, 0x00, 0x09, 0x00, 0x00,
    0x17, 0x35, 0x33, 0x15, 0x03, 0x33, 0x11, 0x23, 0x35, 0x23, 0x64, 0x64, 0x64, 0xc8, 0x64, 0x64,
    0xc8, 0x64, 0x64, 0x01, 0x90, 0xfe, 0xd4, 0x64, 0x00, 0x01, 0x00, 0x00, 0x01, 0x90, 0x01, 0xf4,
    0x02, 0x58, 0x00, 0x03, 0x00, 0x00, 0x11, 0x35, 0x21, 0x15, 0x01, 0xf4, 0x01, 0x90, 0xc8, 0xc8,
    0x00, 0x01, 0x00, 0x64, 0x00, 0x00, 0x01, 0x2c, 0x00, 0xc8, 0x00, 0x03, 0x00, 0x00, 0x37, 0x33,
    0x15, 0x23, 0x64, 0xc8, 0xc8, 0xc8, 0xc8, 0x00, 0x00, 0x01, 0x00, 0x00, 0x00, 0x00, 0x02, 0x58,
    0x04, 0x4c, 0x00, 0x13, 0x00, 0x00, 0x31, 0x11, 0x33, 0x35, 0x33, 0x35, 0x33, 0x35, 0x33, 0x35,
    0x33, 0x11, 0x23, 0x15, 0x23, 0x15, 0x23, 0x15, 0x23, 0x15, 0x64, 0x64, 0x64, 0x64, 0xc8, 0x64,
    0x64, 0x64, 0x64, 0x01, 0x2c, 0xc8, 0xc8, 0xc8, 0xc8, 0xfe, 0xd4, 0xc8, 0xc8, 0xc8, 0xc8, 0x00,
    0x00, 0x02, 0x00, 0x00, 0x00, 0x00, 0x02, 0xbc, 0x04, 0x4c, 0x00, 0x0b, 0x00, 0x0f, 0x00, 0x00,
    0x35, 0x11, 0x33, 0x35, 0x21, 0x15, 0x33, 0x11, 0x23, 0x15, 0x21, 0x35, 0x37, 0x21, 0x11, 0x21,
    0x64, 0x01, 0xf4, 0x64, 0x64, 0xfe, 0x0c, 0x64, 0x01, 0x2c, 0xfe, 0xd4, 0x64, 0x03, 0x84, 0x64,
    0x64, 0xfc, 0x7c, 0x64, 0x64, 0x64, 0x02, 0xbc, 0x00, 0x01, 0x00, 0x00, 0x00, 0x00, 0x01, 0x2c,
    0x04, 0x4c, 0x00, 0x07, 0x00, 0x00, 0x13, 0x33, 0x11, 0x23, 0x11, 0x23, 0x35, 0x33, 0x64, 0xc8,
    0xc8, 0x64, 0x64, 0x04, 0x4c, 0xfb, 0xb4, 0x03, 0x20, 0xc8, 0x00, 0x01, 0x00, 0x00, 0x00, 0x00,
    0x02, 0xbc, 0x04, 0x4c, 0x00, 0x1f, 0x00, 0x00, 0x31, 0x11, 0x33, 0x35, 0x33, 0x35, 0x33, 0x35,
    0x33, 0x35, 0x33, 0x35, 0x21, 0x15, 0x23, 0x11, 0x33, 0x35, 0x21, 0x15, 0x33, 0x11, 0x23, 0x15,
    0x23, 0x15, 0x23, 0x15, 0x23, 0x15, 0x21, 0x15, 0x64, 0x64, 0x64, 0x64, 0x64, 0xfe, 0xd4, 0xc8,
    0x64, 0x01, 0xf4, 0x64, 0x64, 0x64, 0x64, 0x64, 0x01, 0x90, 0x01, 0x2c, 0x64, 0x64, 0x64, 0x64,
    0xc8, 0xc8, 0x01, 0x2c, 0x64, 0x64, 0xfe, 0x70, 0x64, 0x64, 0x64, 0x64, 0xc8, 0x00, 0x00, 0x01,
    0x00, 0x00, 0x00, 0x00, 0x02, 0xbc, 0x04, 0x4c, 0x00, 0x1b, 0x00, 0x00, 0x35, 0x35, 0x33, 0x15,
    0x21, 0x11, 0x21, 0x35, 0x21, 0x35, 0x21, 0x15, 0x23, 0x35, 0x33, 0x35, 0x21, 0x15, 0x33, 0x11,
    0x23, 0x15, 0x33, 0x11, 0x23, 0x15, 0x21, 0x35, 0xc8, 0x01, 0x2c, 0xfe, 0xd4, 0x01, 0x2c, 0xfe,
    0xd4, 0xc8, 0x64, 0x01, 0xf4, 0x64, 0x64, 0x64, 0x64, 0xfe, 0x0c, 0x64, 0xc8, 0x64, 0x01, 0x2c,
    0xc8, 0xc8, 0x64, 0xc8, 0x64, 0x64, 0xfe, 0x70, 0x64, 0xfe, 0x70, 0x64, 0x64, 0x00, 0x00, 0x02,
    0x00, 0x00, 0x00, 0x00, 0x02, 0xbc, 0x04, 0x4c, 0x00, 0x0f, 0x00, 0x15, 0x00, 0x00, 0x35, 0x11,
    0x33, 0x35, 0x33, 0x35, 0x33, 0x35, 0x21, 0x11, 0x33, 0x15, 0x23, 0x15, 0x23, 0x35, 0x27, 0x33,
    0x11, 0x23, 0x15, 0x23, 0x64, 0x64, 0x64, 0x01, 0x2c, 0x64, 0x64, 0xc8, 0xc8, 0xc8, 0x64, 0x64,
    0xc8, 0x01, 0x90, 0xc8, 0xc8, 0x64, 0xfd, 0x44, 0xc8, 0xc8, 0xc8, 0xc8, 0x01, 0x90, 0xc8, 0x00,
    0x00, 0x01, 0x00, 0x00, 0x00, 0x00, 0x02, 0xbc, 0x04, 0x4c, 0x00, 0x15, 0x00, 0x00, 0x35, 0x35,
    0x33, 0x15, 0x21, 0x11, 0x21, 0x15, 0x23, 0x11, 0x21, 0x15, 0x21, 0x15, 0x21, 0x15, 0x33, 0x11,
    0x23, 0x15, 0x21, 0x35, 0xc8, 0x01, 0x2c, 0xfe, 0xd4, 0xc8, 0x02, 0xbc, 0xfe, 0x0c, 0x01, 0x90,
    0x64, 0x64, 0xfe, 0x0c, 0x64, 0xc8, 0x64, 0x01, 0x2c, 0x64, 0x02, 0xbc, 0xc8, 0xc8, 0x64, 0xfe,
    0x0c, 0x64, 0x64, 0x00, 0x00, 0x02, 0x00, 0x00, 0x00, 0x00, 0x02, 0xbc, 0x04, 0x4c, 0x00, 0x13,
    0x00, 0x17, 0x00, 0x00, 0x35, 0x11, 0x33, 0x35, 0x21, 0x15, 0x33, 0x15, 0x23, 0x35, 0x21, 0x15,
    0x21, 0x15, 0x33, 0x11, 0x23, 0x15, 0x21, 0x35, 0x37, 0x21, 0x11, 0x21, 0x64, 0x01, 0xf4, 0x64,
    0xc8, 0xfe, 0xd4, 0x01, 0x90, 0x64, 0x64, 0xfe, 0x0c, 0x64, 0x01, 0x2c, 0xfe, 0xd4, 0x64, 0x03,
    0x84, 0x64, 0x64, 0xc8, 0x64, 0xc8, 0x64, 0xfe, 0x0c, 0x64, 0x64, 0x64, 0x01, 0x2c, 0x00, 0x01,
    0x00, 0x00, 0x00, 0x00, 0x02, 0xbc, 0x04, 0x4c, 0x00, 0x11, 0x00, 0x00, 0x11, 0x35, 0x21, 0x11,
    0x23, 0x15, 0x23, 0x15, 0x23, 0x11, 0x23, 0x11, 0x33, 0x35, 0x33, 0x35, 0x33, 0x35, 0x02, 0xbc,
    0x64, 0x64, 0x64, 0xc8, 0x64, 0x64, 0x64, 0x03, 0x84, 0xc8, 0xfe, 0x70, 0xc8, 0xc8, 0xfe, 0xd4,
    0x01, 0x90, 0xc8, 0xc8, 0x64, 0x00, 0x00, 0x03, 0x00, 0x00, 0x00, 0x00, 0x02, 0xbc, 0x04, 0x4c,
    0x00, 0x13, 0x00, 0x17, 0x00, 0x1b, 0x00, 0x00, 0x35, 0x11, 0x33, 0x35, 0x23, 0x11, 0x33, 0x35,
    0x21, 0x15, 0x33, 0x11, 0x23, 0x15, 0x33, 0x11, 0x23, 0x15, 0x21, 0x35, 0x37, 0x21, 0x11, 0x21,
    0x35, 0x21, 0x35, 0x21, 0x64, 0x64, 0x64, 0x01, 0xf4, 0x64, 0x64, 0x64, 0x64, 0xfe, 0x0c, 0x64,
    0x01, 0x2c, 0xfe, 0xd4, 0x01, 0x2c, 0xfe, 0xd4, 0x64, 0x01, 0x90, 0x64, 0x01, 0x90, 0x64, 0x64,
    0xfe, 0x70, 0x64, 0xfe, 0x70, 0x64, 0x64, 0x64, 0x01, 0x2c, 0xc8, 0xc8, 0x00, 0x02, 0x00, 0x00,
    0x00, 0x00, 0x02, 0xbc, 0x04, 0x4c, 0x00, 0x13, 0x00, 0x17, 0x00, 0x00, 0x35, 0x35, 0x33, 0x15,
    0x21, 0x35, 0x21, 0x35, 0x23, 0x11, 0x33, 0x35, 0x21, 0x15, 0x33, 0x11, 0x23, 0x15, 0x21, 0x35,
    0x13, 0x21, 0x11, 0x21, 0xc8, 0x01, 0x2c, 0xfe, 0x70, 0x64, 0x64, 0x01, 0xf4, 0x64, 0x64, 0xfe,
    0x0c, 0x64, 0x01, 0x2c, 0xfe, 0xd4, 0x64, 0xc8, 0x64, 0xc8, 0x64, 0x01, 0xf4, 0x64, 0x64, 0xfc,
    0x7c, 0x64, 0x64, 0x01, 0xf4, 0x01, 0x2c, 0x00, 0x00, 0x02, 0x00, 0x64, 0x00, 0xc8, 0x01, 0x2c,
    0x03, 0x20, 0x00, 0x03, 0x00, 0x07, 0x00, 0x00, 0x37, 0x35, 0x33, 0x15, 0x03, 0x35, 0x33, 0x15,
    0x64, 0xc8, 0xc8, 0xc8, 0xc8, 0xc8, 0xc8, 0x01, 0x90, 0xc8, 0xc8, 0x00, 0x00, 0x03, 0x00, 0x64,
    0x00, 0x00, 0x01, 0x2c, 0x03, 0x20, 0x00, 0x03, 0x00, 0x09, 0x00, 0x0d, 0x00, 0x00, 0x33, 0x35,
    0x33, 0x15, 0x27, 0x35, 0x33, 0x11, 0x23, 0x35, 0x03, 0x35, 0x33, 0x15, 0x64, 0x64, 0x64, 0xc8,
    0x64, 0x64, 0xc8, 0x64, 0x64, 0xc8, 0xc8, 0xfe, 0xd4, 0x64, 0x01, 0x90, 0xc8, 0xc8, 0x00, 0x01,
    0x00, 0x00, 0x00, 0x00, 0x02, 0x58, 0x03, 0x84, 0x00, 0x1f, 0x00, 0x00, 0x11, 0x35, 0x33, 0x35,
    0x33, 0x35, 0x33, 0x35, 0x33, 0x35, 0x33, 0x15, 0x23, 0x15, 0x23, 0x15, 0x23, 0x15, 0x33, 0x15,
    0x33, 0x15, 0x33, 0x15, 0x23, 0x35, 0x23, 0x35, 0x23, 0x35, 0x23, 0x35, 0x64, 0x64, 0x64, 0x64,
    0xc8, 0x64, 0x64, 0x64, 0x64, 0x64, 0x64, 0xc8, 0x64, 0x64, 0x64, 0x01, 0x90, 0x64, 0x64, 0x64,
    0x64, 0x64, 0xc8, 0x64, 0x64, 0x64, 0x64, 0x64, 0xc8, 0x64, 0x64, 0x64, 0x64, 0x00, 0x00, 0x02,
    0x00, 0x00, 0x00, 0xc8, 0x01, 0xf4, 0x02, 0xbc, 0x00, 0x03, 0x00, 0x07, 0x00, 0x00, 0x35, 0x35,
    0x21, 0x15, 0x01, 0x35, 0x21, 0x15, 0x01, 0xf4, 0xfe, 0x0c, 0x01, 0xf4, 0xc8, 0xc8, 0xc8, 0x01,
    0x2c, 0xc8, 0xc8, 0x00, 0x00, 0x01, 0x00, 0x00, 0x00, 0x00, 0x02, 0x58, 0x03, 0x84, 0x00, 0x1f,
    0x00, 0x00, 0x35, 0x33, 0x35, 0x33, 0x35, 0x33, 0x35, 0x23, 0x35, 0x23, 0x35, 0x23, 0x35, 0x33,
    0x15, 0x33, 0x15, 0x33, 0x15, 0x33, 0x15, 0x33, 0x15, 0x23, 0x15, 0x23, 0x15, 0x23, 0x15, 0x23,
    0x15, 0x23, 0x64, 0x64, 0x64, 0x64, 0x64, 0x64, 0xc8, 0x64, 0x64, 0x64, 0x64, 0x64, 0x64, 0x64,
    0x64, 0xc8, 0xc8, 0x64, 0x64, 0x64, 0x64, 0x64, 0xc8, 0x64, 0x64, 0x64, 0x64, 0x64, 0x64, 0x64,
    0x64, 0x64, 0x00, 0x02, 0x00, 0x00, 0x00, 0x00, 0x02, 0x58, 0x04, 0x4c, 0x00, 0x13, 0x00, 0x17,
    0x00, 0x00, 0x13, 0x21, 0x15, 0x33, 0x11, 0x23, 0x15, 0x23, 0x15, 0x23, 0x11, 0x33, 0x35, 0x33,
    0x35, 0x23, 0x15, 0x23, 0x11, 0x33, 0x13, 0x33, 0x15, 0x23, 0x64, 0x01, 0x90, 0x64, 0x64, 0x64,
    0xc8, 0x64, 0x64, 0xc8, 0xc8, 0x64, 0x64, 0xc8, 0xc8, 0x04, 0x4c, 0x64, 0xfe, 0x70, 0x64, 0xc8,
    0x01, 0x2c, 0x64, 0xc8, 0xc8, 0x01, 0x2c, 0xfc, 0xe0, 0xc8, 0x00, 0x02, 0x00, 0x00, 0x00, 0x00,
    0x03, 0x20, 0x04, 0x4c, 0x00, 0x1d, 0x00, 0x21, 0x00, 0x00, 0x35, 0x11, 0x33, 0x35, 0x33, 0x35,
    0x21, 0x15, 0x33, 0x11, 0x21, 0x35, 0x23, 0x11, 0x33, 0x35, 0x33, 0x35, 0x21, 0x15, 0x23, 0x11,
    0x33, 0x15, 0x21, 0x15, 0x21, 0x35, 0x23, 0x35, 0x01, 0x35, 0x23, 0x15, 0x64, 0x64, 0x01, 0xf4,
    0x64, 0xfe, 0x70, 0x64, 0x64, 0xc8, 0xfe, 0xd4, 0x64, 0x64, 0x01, 0x90, 0xfe, 0x0c, 0x64, 0x01,
    0xf4, 0x64, 0xc8, 0x02, 0xbc, 0x64, 0x64, 0x64, 0xfd, 0x44, 0x64, 0x01, 0x2c, 0x64, 0x64, 0x64,
    0xfe, 0x0c, 0x64, 0xc8, 0x64, 0x64, 0x01, 0x2c, 0x64, 0x64, 0x00, 0x02, 0x00, 0x00, 0x00, 0x00,
    0x03, 0x20, 0x04, 0x4c, 0x00, 0x13, 0x00, 0x17, 0x00, 0x00, 0x31, 0x11, 0x33, 0x11, 0x33, 0x11,
    0x33, 0x35, 0x33, 0x15, 0x33, 0x11, 0x33, 0x11, 0x33, 0x11, 0x23, 0x35, 0x21, 0x15, 0x13, 0x33,
    0x35, 0x23, 0x64, 0x64, 0x64, 0xc8, 0x64, 0x64, 0x64, 0xc8, 0xfe, 0x70, 0x64, 0xc8, 0xc8, 0x01,
    0x2c, 0x01, 0x2c, 0x01, 0x2c, 0xc8, 0xc8, 0xfe, 0xd4, 0xfe, 0xd4, 0xfe, 0xd4, 0xc8, 0xc8, 0x01,
    0x90, 0xc8, 0x00, 0x03, 0x00, 0x00, 0x00, 0x00, 0x02, 0xbc, 0x04, 0x4c, 0x00, 0x0b, 0x00, 0x0f,
    0x00, 0x13, 0x00, 0x00, 0x31, 0x11, 0x21, 0x15, 0x33, 0x11, 0x23, 0x15, 0x33, 0x11, 0x23, 0x15,
    0x25, 0x21, 0x11, 0x21, 0x35, 0x21, 0x35, 0x21, 0x02, 0x58, 0x64, 0x64, 0x64, 0x64, 0xfe, 0x70,
    0x01, 0x2c, 0xfe, 0xd4, 0x01, 0x2c, 0xfe, 0xd4, 0x04, 0x4c, 0x64, 0xfe, 0x70, 0x64, 0xfe, 0x70,
    0x64, 0xc8, 0x01, 0x2c, 0xc8, 0xc8, 0x00, 0x01, 0x00, 0x00, 0x00, 0x00, 0x02, 0xbc, 0x04, 0x4c,
    0x00, 0x13, 0x00, 0x00, 0x35, 0x11, 0x33, 0x35, 0x21, 0x15, 0x33, 0x15, 0x23, 0x35, 0x21, 0x11,
    0x21, 0x35, 0x33, 0x15, 0x23, 0x15, 0x21, 0x35, 0x64, 0x01, 0xf4, 0x64, 0xc8, 0xfe, 0xd4, 0x01,
    0x2c, 0xc8, 0x64, 0xfe, 0x0c, 0x64, 0x03, 0x84, 0x64, 0x64, 0xc8, 0x64, 0xfd, 0x44, 0x64, 0xc8,
    0x64, 0x64, 0x00, 0x02, 0x00, 0x00, 0x00, 0x00, 0x02, 0xbc, 0x04, 0x4c, 0x00, 0x07, 0x00, 0x0b,
    0x00, 0x00, 0x31, 0x11, 0x21, 0x15, 0x33, 0x11, 0x23, 0x15, 0x27, 0x11, 0x21, 0x11, 0x02, 0x58,
    0x64, 0x64, 0x64, 0xfe, 0xd4, 0x04, 0x4c, 0x64, 0xfc, 0x7c, 0x64, 0xc8, 0x02, 0xbc, 0xfd, 0x44,
    0x00, 0x01, 0x00, 0x00, 0x00, 0x00, 0x02, 0x58, 0x04, 0x4c, 0x00, 0x0b, 0x00, 0x00, 0x31, 0x11,
    0x21, 0x15, 0x21, 0x15, 0x21, 0x15, 0x21, 0x11, 0x21, 0x15, 0x02, 0x58, 0xfe, 0x70, 0x01, 0x90,
    0xfe, 0x70, 0x01, 0x90, 0x04, 0x4c, 0xc8, 0xc8, 0xc8, 0xfe, 0xd4, 0xc8, 0x00, 0x01, 0x00, 0x00,
    0x00, 0x00, 0x02, 0x58, 0x04, 0x4c, 0x00, 0x09, 0x00, 0x00, 0x31, 0x11, 0x21, 0x15, 0x21, 0x15,
    0x21, 0x15, 0x21, 0x11, 0x02, 0x58, 0xfe, 0x70, 0x01, 0x90, 0xfe, 0x70, 0x04, 0x4c, 0xc8, 0xc8,
    0xc8, 0xfe, 0x0c, 0x00, 0x00, 0x01, 0x00, 0x00, 0x00, 0x00, 0x02, 0xbc, 0x04, 0x4c, 0x00, 0x15,
    0x00, 0x00, 0x35, 0x11, 0x33, 0x35, 0x21, 0x15, 0x33, 0x15, 0x23, 0x35, 0x21, 0x11, 0x21, 0x11,
    0x23, 0x35, 0x21, 0x11, 0x23, 0x15, 0x21, 0x35, 0x64, 0x01, 0xf4, 0x64, 0xc8, 0xfe, 0xd4, 0x01,
    0x2c, 0xc8, 0x01, 0x90, 0x64, 0xfe, 0x0c, 0x64, 0x03, 0x84, 0x64, 0x64, 0xc8, 0x64, 0xfd, 0x44,
    0x01, 0x2c, 0xc8, 0xfd, 0xa8, 0x64, 0x64, 0x00, 0x00, 0x01, 0x00, 0x00, 0x00, 0x00, 0x02, 0xbc,
    0x04, 0x4c, 0x00, 0x0b, 0x00, 0x00, 0x31, 0x11, 0x33, 0x11, 0x21, 0x11, 0x33, 0x11, 0x23, 0x11,
    0x21, 0x11, 0xc8, 0x01, 0x2c, 0xc8, 0xc8, 0xfe, 0xd4, 0x04, 0x4c, 0xfe, 0x70, 0x01, 0x90, 0xfb,
    0xb4, 0x01, 0xf4, 0xfe, 0x0c, 0x00, 0x00, 0x01, 0x00, 0x00, 0x00, 0x00, 0x01, 0x90, 0x04, 0x4c,
    0x00, 0x0b, 0x00, 0x00, 0x35, 0x33, 0x11, 0x23, 0x35, 0x21, 0x15, 0x23, 0x11, 0x33, 0x15, 0x21,
    0x64, 0x64, 0x01, 0x90, 0x64, 0x64, 0xfe, 0x70, 0xc8, 0x02, 0xbc, 0xc8, 0xc8, 0xfd, 0x44, 0xc8,
    0x00, 0x01, 0x00, 0x00, 0x00, 0x00, 0x02, 0xbc, 0x04, 0x4c, 0x00, 0x0b, 0x00, 0x00, 0x35, 0x11,
    0x33, 0x15, 0x21, 0x11, 0x33, 0x11, 0x23, 0x15, 0x21, 0x35, 0xc8, 0x01, 0x2c, 0xc8, 0x64, 0xfe,
    0x0c, 0x64, 0x01, 0x2c, 0xc8, 0x03, 0x84, 0xfc, 0x18, 0x64, 0x64, 0x00, 0x00, 0x01, 0x00, 0x00,
    0x00, 0x00, 0x03, 0x20, 0x04, 0x4c, 0x00, 0x27, 0x00, 0x00, 0x31, 0x11, 0x33, 0x11, 0x33, 0x35,
    0x33, 0x35, 0x33, 0x35, 0x33, 0x35, 0x33, 0x15, 0x23, 0x15, 0x23, 0x15, 0x23, 0x15, 0x23, 0x15,
    0x33, 0x15, 0x33, 0x15, 0x33, 0x15, 0x33, 0x15, 0x23, 0x35, 0x23, 0x35, 0x23, 0x35, 0x23, 0x35,
    0x23, 0x11, 0xc8, 0x64, 0x64, 0x64, 0x64, 0xc8, 0x64, 0x64, 0x64, 0x64, 0x64, 0x64, 0x64, 0x64,
    0xc8, 0x64, 0x64, 0x64, 0x64, 0x04, 0x4c, 0xfe, 0x70, 0x64, 0x64, 0x64, 0x64, 0xc8, 0x64, 0x64,
    0x64, 0x64, 0x64, 0x64, 0x64, 0xc8, 0x64, 0x64, 0x64, 0x64, 0xfe, 0x70, 0x00, 0x01, 0x00, 0x00,
    0x00, 0x00, 0x02, 0x58, 0x04, 0x4c, 0x00, 0x05, 0x00, 0x00, 0x31, 0x11, 0x33, 0x11, 0x21, 0x15,
    0xc8, 0x01, 0x90, 0x04, 0x4c, 0xfc, 0x7c, 0xc8, 0x00, 0x01, 0x00, 0x00, 0x00, 0x00, 0x03, 0x84,
    0x04, 0x4c, 0x00, 0x1b, 0x00, 0x00, 0x31, 0x11, 0x33, 0x15, 0x33, 0x15, 0x33, 0x15, 0x33, 0x35,
    0x33, 0x35, 0x33, 0x35, 0x33, 0x11, 0x23, 0x11, 0x23, 0x15, 0x23, 0x15, 0x23, 0x35, 0x23, 0x35,
    0x23, 0x11, 0xc8, 0x64, 0x64, 0x64, 0x64, 0x64, 0xc8, 0xc8, 0x64, 0x64, 0x64, 0x64, 0x64, 0x04,
    0x4c, 0xc8, 0xc8, 0xc8, 0xc8, 0xc8, 0xc8, 0xfb, 0xb4, 0x01, 0x90, 0xc8, 0xc8, 0xc8, 0xc8, 0xfe,
    0x70, 0x00, 0x00, 0x01, 0x00, 0x00, 0x00, 0x00, 0x02, 0xbc, 0x04, 0x4c, 0x00, 0x13, 0x00, 0x00,
    0x31, 0x11, 0x33, 0x15, 0x33, 0x15, 0x33, 0x15, 0x33, 0x11, 0x33, 0x11, 0x23, 0x35, 0x23, 0x35,
    0x23, 0x35, 0x23, 0x11, 0xc8, 0x64, 0x64, 0x64, 0xc8, 0xc8, 0x64, 0x64, 0x64, 0x04, 0x4c, 0x64,
    0xc8, 0xc8, 0x01, 0xf4, 0xfb, 0xb4, 0x64, 0xc8, 0xc8, 0xfe, 0x0c, 0x00, 0x00, 0x02, 0x00, 0x00,
    0x00, 0x00, 0x02, 0xbc, 0x04, 0x4c, 0x00, 0x0b, 0x00, 0x0f, 0x00, 0x00, 0x35, 0x11, 0x33, 0x35,
    0x21, 0x15, 0x33, 0x11, 0x23, 0x15, 0x21, 0x35, 0x37, 0x21, 0x11, 0x21, 0x64, 0x01, 0xf4, 0x64,
    0x64, 0xfe, 0x0c, 0x64, 0x01, 0x2c, 0xfe, 0xd4, 0x64, 0x03, 0x84, 0x64, 0x64, 0xfc, 0x7c, 0x64,
    0x64, 0x64, 0x02, 0xbc, 0x00, 0x02, 0x00, 0x00, 0x00, 0x00, 0x02, 0xbc, 0x04, 0x4c, 0x00, 0x09,
    0x00, 0x0d, 0x00, 0x00, 0x31, 0x11, 0x21, 0x15, 0x33, 0x11, 0x23, 0x15, 0x21, 0x11, 0x11, 0x21,
    0x11, 0x21, 0x02, 0x58, 0x64, 0x64, 0xfe, 0x70, 0x01, 0x2c, 0xfe, 0xd4, 0x04, 0x4c, 0x64, 0xfe,
    0x0c, 0x64, 0xfe, 0x70, 0x02, 0x58, 0x01, 0x2c, 0x00, 0x02, 0x00, 0x00, 0x00, 0x00, 0x02, 0xbc,
    0x04, 0x4c, 0x00, 0x11, 0x00, 0x17, 0x00, 0x00, 0x35, 0x11, 0x33, 0x35, 0x21, 0x15, 0x33, 0x11,
    0x23, 0x15, 0x33, 0x15, 0x23, 0x35, 0x23, 0x15, 0x21, 0x35, 0x37, 0x33, 0x35, 0x33, 0x11, 0x21,
    0x64, 0x01, 0xf4, 0x64, 0x64, 0x64, 0xc8, 0x64, 0xfe, 0xd4, 0x64, 0x64, 0xc8, 0xfe, 0xd4, 0x64,
    0x03, 0x84, 0x64, 0x64, 0xfd, 0x44, 0x64, 0xc8, 0x64, 0x64, 0x64, 0x64, 0xc8, 0x01, 0xf4, 0x00,
    0x00, 0x02, 0x00, 0x00, 0x00, 0x00, 0x02, 0xbc, 0x04, 0x4c, 0x00, 0x0f, 0x00, 0x13, 0x00, 0x00,
    0x31, 0x11, 0x21, 0x15, 0x33, 0x11, 0x23, 0x15, 0x33, 0x11, 0x23, 0x35, 0x23, 0x35, 0x23, 0x11,
    0x11, 0x21, 0x11, 0x21, 0x02, 0x58, 0x64, 0x64, 0x64, 0xc8, 0x64, 0xc8, 0x01, 0x2c, 0xfe, 0xd4,
    0x04, 0x4c, 0x64, 0xfe, 0x0c, 0xc8, 0xfe, 0xd4, 0xc8, 0xc8, 0xfe, 0x70, 0x02, 0x58, 0x01, 0x2c,
    0x00, 0x01, 0x00, 0x00, 0x00, 0x00, 0x02, 0xbc, 0x04, 0x4c, 0x00, 0x1f, 0x00, 0x00, 0x35, 0x35,
    0x33, 0x15, 0x21, 0x35, 0x23, 0x35, 0x23, 0x35, 0x23, 0x11, 0x33, 0x35, 0x21, 0x15, 0x33, 0x15,
    0x23, 0x35, 0x21, 0x15, 0x33, 0x15, 0x33, 0x15, 0x33, 0x11, 0x23, 0x15, 0x21, 0x35, 0xc8, 0x01,
    0x2c, 0xc8, 0xc8, 0x64, 0x64, 0x01, 0xf4, 0x64, 0xc8, 0xfe, 0xd4, 0xc8, 0xc8, 0x64, 0x64, 0xfe,
    0x0c, 0x64, 0xc8, 0x64, 0xc8, 0x64, 0x64, 0x01, 0x90, 0x64, 0x64, 0xc8, 0x64, 0xc8, 0x64, 0x64,
    0xfe, 0x70, 0x64, 0x64, 0x00, 0x01, 0x00, 0x00, 0x00, 0x00, 0x03, 0x20, 0x04, 0x4c, 0x00, 0x07,
    0x00, 0x00, 0x11, 0x35, 0x21, 0x15, 0x21, 0x11, 0x23, 0x11, 0x03, 0x20, 0xfe, 0xd4, 0xc8, 0x03,
    0x84, 0xc8, 0xc8, 0xfc, 0x7c, 0x03, 0x84, 0x00, 0x00, 0x01, 0x00, 0x00, 0x00, 0x00, 0x02, 0xbc,
    0x04, 0x4c, 0x00, 0x0b, 0x00, 0x00, 0x35, 0x11, 0x33, 0x11, 0x21, 0x11, 0x33, 0x11, 0x23, 0x15,
    0x21, 0x35, 0xc8, 0x01, 0x2c, 0xc8, 0x64, 0xfe, 0x0c, 0x64, 0x03, 0xe8, 0xfc, 0x7c, 0x03, 0x84,
    0xfc, 0x18, 0x64, 0x64, 0x00, 0x01, 0x00, 0x00, 0x00, 0x00, 0x03, 0x20, 0x04, 0x4c, 0x00, 0x17,
    0x00, 0x00, 0x11, 0x11, 0x33, 0x15, 0x33, 0x11, 0x33, 0x11, 0x33, 0x35, 0x33, 0x11, 0x23, 0x11,
    0x23, 0x11, 0x23, 0x15, 0x23, 0x35, 0x23, 0x11, 0x23, 0x11, 0xc8, 0x64, 0xc8, 0x64, 0xc8, 0x64,
    0x64, 0x64, 0xc8, 0x64, 0x64, 0x03, 0x20, 0x01, 0x2c, 0xc8, 0xfe, 0xd4, 0x01, 0x2c, 0xc8, 0xfe,
    0xd4, 0xfe, 0xd4, 0xfe, 0xd4, 0xc8, 0xc8, 0x01, 0x2c, 0x01, 0x2c, 0x00, 0x00, 0x01, 0x00, 0x00,
    0x00, 0x00, 0x04, 0xb0, 0x04, 0x4c, 0x00, 0x23, 0x00, 0x00, 0x11, 0x11, 0x33, 0x11, 0x33, 0x11,
    0x33, 0x11, 0x33, 0x11, 0x33, 0x11, 0x33, 0x11, 0x33, 0x11, 0x33, 0x11, 0x33, 0x11, 0x23, 0x11,
    0x23, 0x11, 0x23, 0x35, 0x23, 0x35, 0x23, 0x15, 0x23, 0x15, 0x23, 0x11, 0x23, 0x11, 0xc8, 0x64,
    0x64, 0x64, 0xc8, 0x64, 0x64, 0x64, 0xc8, 0x64, 0x64, 0xc8, 0x64, 0xc8, 0x64, 0xc8, 0x64, 0x02,
    0xbc, 0x01, 0x90, 0xfe, 0xd4, 0xfe, 0xd4, 0x01, 0x2c, 0x01, 0x2c, 0xfe, 0xd4, 0xfe, 0xd4, 0x01,
    0x2c, 0x01, 0x2c, 0xfe, 0x70, 0xfe, 0x70, 0xfe, 0xd4, 0xc8, 0xc8, 0xc8, 0xc8, 0x01, 0x2c, 0x01,
    0x90, 0x00, 0x00, 0x01, 0x00, 0x00, 0x00, 0x00, 0x02, 0xbc, 0x04, 0x4c, 0x00, 0x23, 0x00, 0x00,
    0x31, 0x11, 0x33, 0x35, 0x33, 0x35, 0x23, 0x35, 0x23, 0x11, 0x33, 0x15, 0x33, 0x15, 0x33, 0x35,
    0x33, 0x35, 0x33, 0x11, 0x23, 0x15, 0x23, 0x15, 0x33, 0x15, 0x33, 0x11, 0x23, 0x35, 0x23, 0x35,
    0x23, 0x15, 0x23, 0x15, 0x64, 0x64, 0x64, 0x64, 0xc8, 0x64, 0x64, 0x64, 0xc8, 0x64, 0x64, 0x64,
    0x64, 0xc8, 0x64, 0x64, 0x64, 0x01, 0x2c, 0xc8, 0x64, 0xc8, 0x01, 0x2c, 0xc8, 0xc8, 0xc8, 0xc8,
    0xfe, 0xd4, 0xc8, 0x64, 0xc8, 0xfe, 0xd4, 0xc8, 0xc8, 0xc8, 0xc8, 0x00, 0x00, 0x01, 0x00, 0x00,
    0x00, 0x00, 0x03, 0x20, 0x04, 0x4c, 0x00, 0x17, 0x00, 0x00, 0x11, 0x11, 0x33, 0x15, 0x33, 0x15,
    0x33, 0x35, 0x33, 0x35, 0x33, 0x11, 0x23, 0x15, 0x23, 0x15, 0x23, 0x11, 0x23, 0x11, 0x23, 0x35,
    0x23, 0x35, 0xc8, 0x64, 0xc8, 0x64, 0xc8, 0x64, 0x64, 0x64, 0xc8, 0x64, 0x64, 0x03, 0x20, 0x01,
    0x2c, 0xc8, 0xc8, 0xc8, 0xc8, 0xfe, 0xd4, 0xc8, 0x64, 0xfe, 0x0c, 0x01, 0xf4, 0x64, 0xc8, 0x00,
    0x00, 0x01, 0x00, 0x00, 0x00, 0x00, 0x02, 0xbc, 0x04, 0x4c, 0x00, 0x1b, 0x00, 0x00, 0x31, 0x11,
    0x33, 0x35, 0x33, 0x35, 0x33, 0x35, 0x33, 0x35, 0x33, 0x35, 0x21, 0x35, 0x21, 0x11, 0x23, 0x15,
    0x23, 0x15, 0x23, 0x15, 0x23, 0x15, 0x23, 0x15, 0x21, 0x15, 0x64, 0x64, 0x64, 0x64, 0x64, 0xfe,
    0x0c, 0x02, 0xbc, 0x64, 0x64, 0x64, 0x64, 0x64, 0x01, 0xf4, 0x01, 0x90, 0x64, 0x64, 0x64, 0x64,
    0x64, 0xc8, 0xfe, 0x70, 0x64, 0x64, 0x64, 0x64, 0x64, 0xc8, 0x00, 0x01, 0x00, 0x00, 0x00, 0x00,
    0x01, 0x90, 0x04, 0x4c, 0x00, 0x07, 0x00, 0x00, 0x31, 0x11, 0x21, 0x15, 0x23, 0x11, 0x33, 0x15,
    0x01, 0x90, 0xc8, 0xc8, 0x04, 0x4c, 0xc8, 0xfd, 0x44, 0xc8, 0x00, 0x01, 0x00, 0x00, 0x00, 0x00,
    0x02, 0x58, 0x04, 0x4c, 0x00, 0x13, 0x00, 0x00, 0x11, 0x11, 0x33, 0x15, 0x33, 0x15, 0x33, 0x15,
    0x33, 0x15, 0x33, 0x11, 0x23, 0x35, 0x23, 0x35, 0x23, 0x35, 0x23, 0x35, 0xc8, 0x64, 0x64, 0x64,
    0x64, 0xc8, 0x64, 0x64, 0x64, 0x03, 0x20, 0x01, 0x2c, 0xc8, 0xc8, 0xc8, 0xc8, 0xfe, 0xd4, 0xc8,
    0xc8, 0xc8, 0xc8, 0x00, 0x00, 0x01, 0x00, 0x00, 0x00, 0x00, 0x01, 0x90, 0x04, 0x4c, 0x00, 0x07,
    0x00, 0x00, 0x35, 0x33, 0x11, 0x23, 0x35, 0x21, 0x11, 0x21, 0xc8, 0xc8, 0x01, 0x90, 0xfe, 0x70,
    0xc8, 0x02, 0xbc, 0xc8, 0xfb, 0xb4, 0x00, 0x01, 0x00, 0x00, 0x02, 0xbc, 0x01, 0xf4, 0x04, 0x4c,
    0x00, 0x0f, 0x00, 0x00, 0x11, 0x35, 0x33, 0x35, 0x33, 0x35, 0x33, 0x15, 0x33, 0x15, 0x33, 0x15,
    0x23, 0x35, 0x23, 0x15, 0x64, 0x64, 0x64, 0x64, 0x64, 0xc8, 0x64, 0x02, 0xbc, 0xc8, 0x64, 0x64,
    0x64, 0x64, 0xc8, 0x64, 0x64, 0x00, 0x00, 0x01, 0x00, 0x00, 0x00, 0x00, 0x02, 0xbc, 0x00, 0xc8,
    0x00, 0x03, 0x00, 0x00, 0x35, 0x21, 0x15, 0x21, 0x02, 0xbc, 0xfd, 0x44, 0xc8, 0xc8, 0x00, 0x01,
    0x00, 0x00, 0x02, 0xbc, 0x01, 0x90, 0x04, 0x4c, 0x00, 0x0b, 0x00, 0x00, 0x01, 0x23, 0x35, 0x23,
    0x35, 0x23, 0x35, 0x33, 0x15, 0x33, 0x15, 0x33, 0x01, 0x90, 0xc8, 0x64, 0x64, 0xc8, 0x64, 0x64,
    0x02, 0xbc, 0x64, 0x64, 0xc8, 0x64, 0x64, 0x00, 0x00, 0x02, 0x00, 0x00, 0x00, 0x00, 0x02, 0x58,
    0x03, 0x20, 0x00, 0x0d, 0x00, 0x11, 0x00, 0x00, 0x35, 0x11, 0x33, 0x35, 0x21, 0x35, 0x21, 0x35,
    0x21, 0x15, 0x33, 0x11, 0x21, 0x35, 0x37, 0x33, 0x35, 0x23, 0x64, 0x01, 0x2c, 0xfe, 0x70, 0x01,
    0xf4, 0x64, 0xfe, 0x0c, 0x64, 0xc8, 0xc8, 0x64, 0x01, 0x2c, 0x64, 0x64, 0xc8, 0x64, 0xfd, 0x44,
    0x64, 0x64, 0x64, 0x00, 0x00, 0x02, 0x00, 0x00, 0x00, 0x00, 0x02, 0xbc, 0x04, 0x4c, 0x00, 0x0f,
    0x00, 0x17, 0x00, 0x00, 0x31, 0x11, 0x33, 0x11, 0x33, 0x35, 0x21, 0x15, 0x33, 0x11, 0x23, 0x15,
    0x21, 0x35, 0x23, 0x15, 0x11, 0x33, 0x15, 0x33, 0x11, 0x23, 0x15, 0x23, 0xc8, 0x64, 0x01, 0x2c,
    0x64, 0x64, 0xfe, 0xd4, 0x64, 0x64, 0xc8, 0xc8, 0x64, 0x04, 0x4c, 0xfe, 0x70, 0x64, 0x64, 0xfd,
    0xa8, 0x64, 0x64, 0x64, 0x01, 0x2c, 0x64, 0x01, 0x90, 0x64, 0x00, 0x01, 0x00, 0x00, 0x00, 0x00,
    0x02, 0xbc, 0x03, 0x20, 0x00, 0x13, 0x00, 0x00, 0x35, 0x11, 0x33, 0x35, 0x21, 0x15, 0x33, 0x15,
    0x23, 0x35, 0x21, 0x11, 0x21, 0x35, 0x33, 0x15, 0x23, 0x15, 0x21, 0x35, 0x64, 0x01, 0xf4, 0x64,
    0xc8, 0xfe, 0xd4, 0x01, 0x2c, 0xc8, 0x64, 0xfe, 0x0c, 0x64, 0x02, 0x58, 0x64, 0x64, 0xc8, 0x64,
    0xfe, 0x70, 0x64, 0xc8, 0x64, 0x64, 0x00, 0x02, 0x00, 0x00, 0x00, 0x00, 0x02, 0xbc, 0x04, 0x4c,
    0x00, 0x0f, 0x00, 0x17, 0x00, 0x00, 0x35, 0x11, 0x33, 0x35, 0x21, 0x15, 0x33, 0x11, 0x33, 0x11,
    0x23, 0x35, 0x23, 0x15, 0x21, 0x35, 0x37, 0x33, 0x35, 0x33, 0x35, 0x23, 0x35, 0x23, 0x64, 0x01,
    0x2c, 0x64, 0xc8, 0xc8, 0x64, 0xfe, 0xd4, 0x64, 0xc8, 0x64, 0x64, 0xc8, 0x64, 0x02, 0x58, 0x64,
    0x64, 0x01, 0x90, 0xfb, 0xb4, 0x64, 0x64, 0x64, 0x64, 0x64, 0xc8, 0x64, 0x00, 0x02, 0x00, 0x00,
    0x00, 0x00, 0x02, 0xbc, 0x03, 0x20, 0x00, 0x0d, 0x00, 0x11, 0x00, 0x00, 0x35, 0x11, 0x33, 0x35,
    0x21, 0x15, 0x33, 0x11, 0x21, 0x15, 0x21, 0x15, 0x21, 0x35, 0x13, 0x21, 0x35, 0x21, 0x64, 0x01,
    0xf4, 0x64, 0xfe, 0x0c, 0x01, 0xf4, 0xfd, 0xa8, 0x64, 0x01, 0x2c, 0xfe, 0xd4, 0x64, 0x02, 0x58,
    0x64, 0x64, 0xfe, 0x70, 0x64, 0xc8, 0x64, 0x01, 0x90, 0x64, 0x00, 0x01, 0x00, 0x00, 0x00, 0x00,
    0x01, 0xf4, 0x04, 0x4c, 0x00, 0x0f, 0x00, 0x00, 0x11, 0x35, 0x33, 0x35, 0x33, 0x35, 0x21, 0x15,
    0x23, 0x15, 0x33, 0x15, 0x23, 0x11, 0x23, 0x11, 0x64, 0x64, 0x01, 0x2c, 0xc8, 0xc8, 0xc8, 0xc8,
    0x02, 0x58, 0xc8, 0xc8, 0x64, 0xc8, 0x64, 0xc8, 0xfd, 0xa8, 0x02, 0x58, 0x00, 0x02, 0x00, 0x00,
    0xff, 0x38, 0x02, 0xbc, 0x03, 0x20, 0x00, 0x13, 0x00, 0x1b, 0x00, 0x00, 0x35, 0x11, 0x33, 0x35,
    0x21, 0x15, 0x33, 0x35, 0x33, 0x11, 0x23, 0x15, 0x21, 0x35, 0x21, 0x35, 0x23, 0x15, 0x21, 0x35,
    0x37, 0x33, 0x35, 0x33, 0x35, 0x23, 0x35, 0x23, 0x64, 0x01, 0x2c, 0x64, 0xc8, 0x64, 0xfe, 0x0c,
    0x01, 0x90, 0x64, 0xfe, 0xd4, 0x64, 0xc8, 0x64, 0x64, 0xc8, 0xc8, 0x01, 0xf4, 0x64, 0x64, 0x64,
    0xfc, 0x7c, 0x64, 0xc8, 0xc8, 0x64, 0x64, 0x64, 0x64, 0x64, 0x64, 0x00, 0x00, 0x01, 0x00, 0x00,
    0x00, 0x00, 0x02, 0xbc, 0x04, 0x4c, 0x00, 0x0f, 0x00, 0x00, 0x31, 0x11, 0x33, 0x11, 0x33, 0x35,
    0x21, 0x15, 0x33, 0x11, 0x23, 0x11, 0x23, 0x15, 0x23, 0x11, 0xc8, 0x64, 0x01, 0x2c, 0x64, 0xc8,
    0xc8, 0x64, 0x04, 0x4c, 0xfe, 0x70, 0x64, 0x64, 0xfd, 0x44, 0x02, 0x58, 0x64, 0xfe, 0x0c, 0x00,
    0x00, 0x02, 0x00, 0x00, 0x00, 0x00, 0x00, 0xc8, 0x04, 0x4c, 0x00, 0x03, 0x00, 0x07, 0x00, 0x00,
    0x31, 0x11, 0x33, 0x11, 0x03, 0x35, 0x33, 0x15, 0xc8, 0xc8, 0xc8, 0x03, 0x20, 0xfc, 0xe0, 0x03,
    0x84, 0xc8, 0xc8, 0x00, 0x00, 0x02, 0x00, 0x00, 0xff, 0x38, 0x01, 0x90, 0x04, 0x4c, 0x00, 0x07,
    0x00, 0x0b, 0x00, 0x00, 0x31, 0x33, 0x11, 0x33, 0x11, 0x23, 0x15, 0x21, 0x01, 0x23, 0x35, 0x33,
    0xc8, 0xc8, 0x64, 0xfe, 0xd4, 0x01, 0x90, 0xc8, 0xc8, 0x03, 0x20, 0xfc, 0x7c, 0x64, 0x04, 0x4c,
    0xc8, 0x00, 0x00, 0x01, 0x00, 0x00, 0x00, 0x00, 0x02, 0xbc, 0x04, 0x4c, 0x00, 0x1b, 0x00, 0x00,
    0x31, 0x11, 0x33, 0x11, 0x33, 0x35, 0x33, 0x35, 0x33, 0x35, 0x33, 0x15, 0x23, 0x15, 0x23, 0x15,
    0x33, 0x15, 0x33, 0x15, 0x23, 0x35, 0x23, 0x35, 0x23, 0x35, 0x23, 0x11, 0xc8, 0x64, 0x64, 0x64,
    0xc8, 0x64, 0x64, 0x64, 0x64, 0xc8, 0x64, 0x64, 0x64, 0x04, 0x4c, 0xfd, 0xa8, 0x64, 0x64, 0x64,
    0xc8, 0x64, 0xc8, 0x64, 0xc8, 0x64, 0x64, 0x64, 0xfe, 0xd4, 0x00, 0x01, 0x00, 0x00, 0x00, 0x00,
    0x00, 0xc8, 0x04, 0x4c, 0x00, 0x03, 0x00, 0x00, 0x31, 0x11, 0x33, 0x11, 0xc8, 0x04, 0x4c, 0xfb,
    0xb4, 0x00, 0x00, 0x01, 0x00, 0x00, 0x00, 0x00, 0x03, 0xe8, 0x03, 0x20, 0x00, 0x19, 0x00, 0x00,
    0x31, 0x11, 0x33, 0x15, 0x33, 0x35, 0x33, 0x15, 0x33, 0x35, 0x33, 0x15, 0x33, 0x11, 0x23, 0x11,
    0x23, 0x15, 0x23, 0x11, 0x23, 0x11, 0x23, 0x15, 0x23, 0x11, 0xc8, 0x64, 0xc8, 0xc8, 0xc8, 0x64,
    0xc8, 0x64, 0x64, 0xc8, 0x64, 0x64, 0x03, 0x20, 0x64, 0x64, 0x64, 0x64, 0x64, 0xfd, 0x44, 0x02,
    0x58, 0x64, 0xfe, 0x0c, 0x02, 0x58, 0x64, 0xfe, 0x0c, 0x00, 0x00, 0x01, 0x00, 0x00, 0x00, 0x00,
    0x02, 0xbc, 0x03, 0x20, 0x00, 0x0f, 0x00, 0x00, 0x31, 0x11, 0x33, 0x15, 0x33, 0x35, 0x21, 0x15,
    0x33, 0x11, 0x23, 0x11, 0x23, 0x15, 0x23, 0x11, 0xc8, 0x64, 0x01, 0x2c, 0x64, 0xc8, 0xc8, 0x64,
    0x03, 0x20, 0x64, 0x64, 0x64, 0xfd, 0x44, 0x02, 0x58, 0x64, 0xfe, 0x0c, 0x00, 0x02, 0x00, 0x00,
    0x00, 0x00, 0x02, 0xbc, 0x03, 0x20, 0x00, 0x0b, 0x00, 0x0f, 0x00, 0x00, 0x35, 0x11, 0x33, 0x35,
    0x21, 0x15, 0x33, 0x11, 0x23, 0x15, 0x21, 0x35, 0x37, 0x21, 0x11, 0x21, 0x64, 0x01, 0xf4, 0x64,
    0x64, 0xfe, 0x0c, 0x64, 0x01, 0x2c, 0xfe, 0xd4, 0x64, 0x02, 0x58, 0x64, 0x64, 0xfd, 0xa8, 0x64,
    0x64, 0x64, 0x01, 0x90, 0x00, 0x02, 0x00, 0x00, 0xff, 0x38, 0x02, 0xbc, 0x03, 0x20, 0x00, 0x0f,
    0x00, 0x17, 0x00, 0x00, 0x15, 0x11, 0x33, 0x15, 0x33, 0x35, 0x21, 0x15, 0x33, 0x11, 0x23, 0x15,
    0x21, 0x35, 0x23, 0x11, 0x11, 0x33, 0x15, 0x33, 0x11, 0x23, 0x15, 0x23, 0xc8, 0x64, 0x01, 0x2c,
    0x64, 0x64, 0xfe, 0xd4, 0x64, 0x64, 0xc8, 0xc8, 0x64, 0xc8, 0x03, 0xe8, 0x64, 0x64, 0x64, 0xfd,
    0xa8, 0x64, 0x64, 0xfe, 0xd4, 0x01, 0xf4, 0x64, 0x01, 0x90, 0x64, 0x00, 0x00, 0x02, 0x00, 0x00,
    0xff, 0x38, 0x02, 0xbc, 0x03, 0x20, 0x00, 0x0f, 0x00, 0x17, 0x00, 0x00, 0x35, 0x11, 0x33, 0x35,
    0x21, 0x15, 0x33, 0x35, 0x33, 0x11, 0x23, 0x11, 0x23, 0x15, 0x21, 0x35, 0x37, 0x33, 0x35, 0x33,
    0x35, 0x23, 0x35, 0x23, 0x64, 0x01, 0x2c, 0x64, 0xc8, 0xc8, 0x64, 0xfe, 0xd4, 0x64, 0xc8, 0x64,
    0x64, 0xc8, 0x64, 0x02, 0x58, 0x64, 0x64, 0x64, 0xfc, 0x18, 0x01, 0x2c, 0x64, 0x64, 0x64, 0x64,
    0xc8, 0x64, 0x00, 0x01, 0x00, 0x00, 0x00, 0x00, 0x01, 0xf4, 0x03, 0x20, 0x00, 0x0b, 0x00, 0x00,
    0x31, 0x11, 0x33, 0x15, 0x33, 0x35, 0x33, 0x15, 0x23, 0x15, 0x23, 0x11, 0xc8, 0x64, 0xc8, 0xc8,
    0x64, 0x03, 0x20, 0x64, 0x64, 0xc8, 0x64, 0xfe, 0x0c, 0x00, 0x00, 0x01, 0x00, 0x00, 0x00, 0x00,
    0x02, 0x58, 0x03, 0x20, 0x00, 0x13, 0x00, 0x00, 0x35, 0x21, 0x35, 0x21, 0x35, 0x23, 0x11, 0x33,
    0x35, 0x21, 0x15, 0x21, 0x15, 0x21, 0x15, 0x33, 0x11, 0x23, 0x15, 0x21, 0x01, 0x90, 0xfe, 0xd4,
    0x64, 0x64, 0x01, 0xf4, 0xfe, 0x70, 0x01, 0x2c, 0x64, 0x64, 0xfe, 0x0c, 0xc8, 0x64, 0x64, 0x01,
    0x2c, 0x64, 0xc8, 0x64, 0x64, 0xfe, 0xd4, 0x64, 0x00, 0x01, 0x00, 0x00, 0x00, 0x00, 0x01, 0xf4,
    0x03, 0xe8, 0x00, 0x0f, 0x00, 0x00, 0x11, 0x35, 0x33, 0x35, 0x33, 0x15, 0x33, 0x15, 0x23, 0x11,
    0x33, 0x15, 0x21, 0x35, 0x23, 0x11, 0x64, 0xc8, 0xc8, 0xc8, 0xc8, 0xfe, 0xd4, 0x64, 0x02, 0x58,
    0xc8, 0xc8, 0xc8, 0xc8, 0xfe, 0x70, 0xc8, 0x64, 0x01, 0xf4, 0x00, 0x01, 0x00, 0x00, 0x00, 0x00,
    0x02, 0xbc, 0x03, 0x20, 0x00, 0x0f, 0x00, 0x00, 0x35, 0x11, 0x33, 0x11, 0x33, 0x35, 0x33, 0x11,
    0x33, 0x11, 0x23, 0x35, 0x23, 0x15, 0x21, 0x35, 0xc8, 0xc8, 0x64, 0xc8, 0xc8, 0x64, 0xfe, 0xd4,
    0x64, 0x02, 0xbc, 0xfd, 0xa8, 0x64, 0x01, 0xf4, 0xfc, 0xe0, 0x64, 0x64, 0x64, 0x00, 0x00, 0x01,
    0x00, 0x00, 0x00, 0x00, 0x02, 0xbc, 0x03, 0x20, 0x00, 0x17, 0x00, 0x00, 0x11, 0x11, 0x33, 0x15,
    0x33, 0x15, 0x33, 0x35, 0x33, 0x35, 0x33, 0x11, 0x23, 0x15, 0x23, 0x15, 0x23, 0x15, 0x23, 0x35,
    0x23, 0x35, 0x23, 0x35, 0xc8, 0x64, 0x64, 0x64, 0xc8, 0x64, 0x64, 0x64, 0x64, 0x64, 0x64, 0x01,
    0xf4, 0x01, 0x2c, 0xc8, 0xc8, 0xc8, 0xc8, 0xfe, 0xd4, 0xc8, 0xc8, 0x64, 0x64, 0xc8, 0xc8, 0x00,
    0x00, 0x01, 0x00, 0x00, 0x00, 0x00, 0x03, 0xe8, 0x03, 0x20, 0x00, 0x1b, 0x00, 0x00, 0x11, 0x11,
    0x33, 0x15, 0x33, 0x15, 0x33, 0x11, 0x33, 0x11, 0x33, 0x35, 0x33, 0x35, 0x33, 0x11, 0x23, 0x11,
    0x23, 0x15, 0x23, 0x35, 0x23, 0x15, 0x23, 0x35, 0x23, 0x11, 0xc8, 0x64, 0x64, 0xc8, 0x64, 0x64,
    0xc8, 0x64, 0x64, 0xc8, 0xc8, 0xc8, 0x64, 0x01, 0xf4, 0x01, 0x2c, 0xc8, 0xc8, 0x01, 0x90, 0xfe,
    0x70, 0xc8, 0xc8, 0xfe, 0xd4, 0xfe, 0xd4, 0xc8, 0xc8, 0xc8, 0xc8, 0x01, 0x2c, 0x00, 0x00, 0x01,
    0x00, 0x00, 0x00, 0x00, 0x02, 0xbc, 0x03, 0x20, 0x00, 0x23, 0x00, 0x00, 0x35, 0x33, 0x35, 0x33,
    0x35, 0x23, 0x35, 0x23, 0x35, 0x33, 0x15, 0x33, 0x15, 0x33, 0x35, 0x33, 0x35, 0x33, 0x15, 0x23,
    0x15, 0x23, 0x15, 0x33, 0x15, 0x33, 0x15, 0x23, 0x35, 0x23, 0x35, 0x23, 0x15, 0x23, 0x15, 0x23,
    0x64, 0x64, 0x64, 0x64, 0xc8, 0x64, 0x64, 0x64, 0xc8, 0x64, 0x64, 0x64, 0x64, 0xc8, 0x64, 0x64,
    0x64, 0xc8, 0xc8, 0x64, 0xc8, 0x64, 0xc8, 0x64, 0x64, 0x64, 0x64, 0xc8, 0x64, 0xc8, 0x64, 0xc8,
    0x64, 0x64, 0x64, 0x64, 0x00, 0x01, 0x00, 0x00, 0xff, 0x38, 0x02, 0xbc, 0x03, 0x20, 0x00, 0x19,
    0x00, 0x00, 0x31, 0x33, 0x11, 0x23, 0x35, 0x23, 0x11, 0x33, 0x15, 0x33, 0x15, 0x33, 0x35, 0x33,
    0x35, 0x33, 0x11, 0x23, 0x11, 0x23, 0x15, 0x23, 0x15, 0x23, 0x15, 0x21, 0xc8, 0x64, 0x64, 0xc8,
    0x64, 0x64, 0x64, 0xc8, 0x64, 0x64, 0x64, 0x64, 0xfe, 0xd4, 0x01, 0x2c, 0xc8, 0x01, 0x2c, 0xc8,
    0xc8, 0xc8, 0xc8, 0xfe, 0xd4, 0xfe, 0xd4, 0xc8, 0x64, 0x64, 0x00, 0x01, 0x00, 0x00, 0x00, 0x00,
    0x02, 0x58, 0x03, 0x20, 0x00, 0x13, 0x00, 0x00, 0x31, 0x11, 0x33, 0x35, 0x33, 0x35, 0x33, 0x35,
    0x21, 0x35, 0x21, 0x11, 0x23, 0x15, 0x23, 0x15, 0x23, 0x15, 0x21, 0x15, 0x64, 0x64, 0x64, 0xfe,
    0xd4, 0x02, 0x58, 0x64, 0x64, 0x64, 0x01, 0x2c, 0x01, 0x2c, 0x64, 0x64, 0x64, 0xc8, 0xfe, 0xd4,
    0x64, 0x64, 0x64, 0xc8, 0x00, 0x01, 0x00, 0x00, 0x00, 0x00, 0x01, 0xf4, 0x04, 0x4c, 0x00, 0x13,
    0x00, 0x00, 0x11, 0x35, 0x33, 0x11, 0x33, 0x35, 0x21, 0x15, 0x23, 0x11, 0x23, 0x15, 0x33, 0x11,
    0x33, 0x15, 0x21, 0x35, 0x23, 0x11, 0x64, 0x64, 0x01, 0x2c, 0xc8, 0x64, 0x64, 0xc8, 0xfe, 0xd4,
    0x64, 0x01, 0xf4, 0x64, 0x01, 0x90, 0x64, 0xc8, 0xfe, 0xd4, 0x64, 0xfe, 0xd4, 0xc8, 0x64, 0x01,
    0x90, 0x00, 0x00, 0x01, 0x00, 0x64, 0x00, 0x00, 0x01, 0x2c, 0x04, 0x4c, 0x00, 0x03, 0x00, 0x00,
    0x13, 0x33, 0x11, 0x23, 0x64, 0xc8, 0xc8, 0x04, 0x4c, 0xfb, 0xb4, 0x00, 0x00, 0x01, 0x00, 0x00,
    0x00, 0x00, 0x01, 0xf4, 0x04, 0x4c, 0x00, 0x13, 0x00, 0x00, 0x35, 0x33, 0x11, 0x33, 0x35, 0x23,
    0x11, 0x23, 0x35, 0x21, 0x15, 0x33, 0x11, 0x33, 0x15, 0x23, 0x11, 0x23, 0x15, 0x21, 0xc8, 0x64,
    0x64, 0xc8, 0x01, 0x2c, 0x64, 0x64, 0x64, 0x64, 0xfe, 0xd4, 0xc8, 0x01, 0x2c, 0x64, 0x01, 0x2c,
    0xc8, 0x64, 0xfe, 0x70, 0x64, 0xfe, 0x70, 0x64, 0x00, 0x01, 0x00, 0x00, 0x01, 0x90, 0x03, 0x84,
    0x02, 0xbc, 0x00, 0x0f, 0x00, 0x00, 0x11, 0x35, 0x33, 0x35, 0x21, 0x15, 0x33, 0x35, 0x33, 0x15,
    0x23, 0x15, 0x21, 0x35, 0x23, 0x15, 0x64, 0x01, 0x90, 0xc8, 0xc8, 0x64, 0xfe, 0x70, 0xc8, 0x01,
    0x90, 0xc8, 0x64, 0x64, 0x64, 0xc8, 0x64, 0x64, 0x64, 0x00, 0x00, 0x01, 0x00, 0x64, 0x01, 0xf4,
    0x01, 0x2c, 0x02, 0xbc, 0x00, 0x03, 0x00, 0x00, 0x13, 0x35, 0x33, 0x15, 0x64, 0xc8, 0x01, 0xf4,
    0xc8, 0xc8, 0x00, 0x01, 0x00, 0x00, 0x00, 0x64, 0x04, 0x4c, 0x03, 0xe8, 0x00, 0x1f, 0x00, 0x00,
    0x11, 0x11, 0x21, 0x35, 0x23, 0x35, 0x23, 0x35, 0x21, 0x15, 0x33, 0x15, 0x33, 0x15, 0x33, 0x15,
    0x33, 0x15, 0x23, 0x15, 0x23, 0x15, 0x23, 0x15, 0x23, 0x15, 0x21, 0x35, 0x33, 0x35, 0x33, 0x35,
    0x02, 0x58, 0x64, 0x64, 0x01, 0x2c, 0x64, 0x64, 0x64, 0x64, 0x64, 0x64, 0x64, 0x64, 0xfe, 0xd4,
    0x64, 0x64, 0x01, 0x90, 0x01, 0x2c, 0x64, 0x64, 0x64, 0x64, 0x64, 0x64, 0x64, 0x64, 0x64, 0x64,
    0x64, 0x64, 0x64, 0x64, 0x64, 0x00, 0x00, 0x02, 0x00, 0x00, 0x00, 0x00, 0x04, 0x4c, 0x04, 0x4c,
    0x00, 0x11, 0x00, 0x19, 0x00, 0x00, 0x35, 0x35, 0x33, 0x35, 0x33, 0x35, 0x33, 0x11, 0x21, 0x35,
    0x21, 0x11, 0x23, 0x15, 0x23, 0x15, 0x23, 0x15, 0x01, 0x23, 0x11, 0x23, 0x11, 0x33, 0x11, 0x33,
    0xc8, 0x64, 0x64, 0xfe, 0x70, 0x02, 0x58, 0x64, 0x64, 0x64, 0x03, 0x20, 0x64, 0xc8, 0xc8, 0x64,
    0x64, 0xc8, 0x64, 0xc8, 0x01, 0x2c, 0xc8, 0xfd, 0xa8, 0xc8, 0x64, 0x64, 0x01, 0x90, 0xfe, 0x0c,
    0x04, 0x4c, 0xfe, 0x70, 0x00, 0x03, 0x00, 0x00, 0x00, 0x00, 0x04, 0x4c, 0x04, 0x4c, 0x00, 0x0d,
    0x00, 0x15, 0x00, 0x1b, 0x00, 0x00, 0x11, 0x35, 0x21, 0x35, 0x33, 0x35, 0x21, 0x35, 0x21, 0x11,
    0x23, 0x15, 0x23, 0x15, 0x25, 0x23, 0x11, 0x23, 0x11, 0x33, 0x15, 0x33, 0x01, 0x11, 0x33, 0x15,
    0x21, 0x15, 0x01, 0x2c, 0x64, 0xfe, 0x70, 0x02, 0x58, 0x64, 0x64, 0x02, 0xbc, 0x64, 0xc8, 0xc8,
    0x64, 0xfc, 0x18, 0xc8, 0x02, 0xbc, 0x01, 0xf4, 0xc8, 0x64, 0x64, 0xc8, 0xfe, 0x70, 0x64, 0x64,
    0xc8, 0xfe, 0xd4, 0x02, 0xbc, 0xc8, 0xfc, 0x7c, 0x01, 0x90, 0xc8, 0xc8, 0x00, 0x02, 0x00, 0x00,
    0x00, 0x00, 0x04, 0x4c, 0x04, 0x4c, 0x00, 0x19, 0x00, 0x1f, 0x00, 0x00, 0x11, 0x35, 0x21, 0x35,
    0x33, 0x35, 0x21, 0x35, 0x21, 0x11, 0x23, 0x15, 0x23, 0x15, 0x21, 0x11, 0x33, 0x15, 0x33, 0x15,
    0x23, 0x11, 0x21, 0x35, 0x21, 0x35, 0x11, 0x11, 0x21, 0x15, 0x21, 0x15, 0x01, 0x2c, 0x64, 0xfe,
    0x70, 0x02, 0x58, 0x64, 0x64, 0x01, 0x90, 0xc8, 0x64, 0x64, 0xfe, 0x0c, 0xfe, 0x70, 0x01, 0x90,
    0x01, 0xf4, 0x01, 0xf4, 0xc8, 0x64, 0x64, 0xc8, 0xfe, 0x70, 0x64, 0x64, 0x02, 0x58, 0xc8, 0xc8,
    0xfe, 0x70, 0x64, 0x64, 0xfe, 0x0c, 0x01, 0x2c, 0x64, 0xc8, 0x00, 0x04, 0x00, 0x00, 0x00, 0x00,
    0x04, 0x4c, 0x04, 0x4c, 0x00, 0x0d, 0x00, 0x15, 0x00, 0x19, 0x00, 0x1d, 0x00, 0x00, 0x11, 0x35,
    0x21, 0x35, 0x33, 0x35, 0x21, 0x35, 0x21, 0x11, 0x23, 0x15, 0x23, 0x15, 0x25, 0x23, 0x15, 0x23,
    0x11, 0x33, 0x15, 0x33, 0x01, 0x35, 0x21, 0x15, 0x07, 0x11, 0x21, 0x11, 0x01, 0x2c, 0x64, 0xfe,
    0x70, 0x02, 0x58, 0x64, 0x64, 0x02, 0xbc, 0x64, 0xc8, 0xc8, 0x64, 0xfe, 0xd4, 0xfe, 0x0c, 0xc8,
    0x03, 0x84, 0x01, 0xf4, 0xc8, 0x64, 0x64, 0xc8, 0xfe, 0x70, 0x64, 0x64, 0xc8, 0xc8, 0x02, 0x58,
    0xc8, 0xfd, 0x44, 0x64, 0x64, 0xc8, 0x01, 0x90, 0xfe, 0x70, 0x00, 0x02, 0x00, 0x00, 0x00, 0x00,
    0x04, 0x4c, 0x04, 0x4c, 0x00, 0x19, 0x00, 0x1d, 0x00, 0x00, 0x11, 0x35, 0x21, 0x35, 0x33, 0x35,
    0x21, 0x35, 0x21, 0x11, 0x23, 0x15, 0x23, 0x15, 0x23, 0x15, 0x21, 0x11, 0x33, 0x15, 0x33, 0x15,
    0x23, 0x11, 0x21, 0x11, 0x01, 0x35, 0x21, 0x15, 0x01, 0x2c, 0x64, 0xfe, 0x70, 0x02, 0x58, 0x64,
    0x64, 0x64, 0x01, 0xf4, 0xc8, 0x64, 0x64, 0xfc, 0x7c, 0x02, 0xbc, 0xfe, 0x0c, 0x01, 0xf4, 0xc8,
    0x64, 0x64, 0xc8, 0xfe, 0x70, 0x64, 0x64, 0x64, 0x02, 0xbc, 0xc8, 0xc8, 0xfd, 0x44, 0x01, 0xf4,
    0xfe, 0xd4, 0x64, 0x64, 0x00, 0x04, 0x00, 0x00, 0x00, 0x00, 0x04, 0x4c, 0x04, 0x4c, 0x00, 0x0d,
    0x00, 0x19, 0x00, 0x21, 0x00, 0x25, 0x00, 0x00, 0x11, 0x35, 0x21, 0x35, 0x33, 0x35, 0x21, 0x35,
    0x21, 0x11, 0x23, 0x15, 0x23, 0x15, 0x01, 0x15, 0x21, 0x35, 0x23, 0x35, 0x33, 0x35, 0x21, 0x15,
    0x33, 0x15, 0x13, 0x23, 0x15, 0x23, 0x11, 0x33, 0x15, 0x33, 0x01, 0x35, 0x21, 0x15, 0x01, 0x2c,
    0x64, 0xfe, 0x70, 0x02, 0x58, 0x64, 0x64, 0x01, 0xf4, 0xfd, 0x44, 0x64, 0x64, 0x02, 0xbc, 0x64,
    0x64, 0x64, 0xc8, 0xc8, 0x64, 0xfe, 0xd4, 0xfe, 0x0c, 0x01, 0xf4, 0xc8, 0x64, 0x64, 0xc8, 0xfe,
    0x70, 0x64, 0x64, 0xfe, 0x70, 0x64, 0x64, 0xc8, 0x64, 0x64, 0xc8, 0x02, 0x58, 0xc8, 0x02, 0x58,
    0xc8, 0xfd, 0x44, 0x64, 0x64, 0x00, 0x00, 0x01, 0x00, 0x00, 0x00, 0x00, 0x04, 0x4c, 0x04, 0x4c,
    0x00, 0x1d, 0x00, 0x00, 0x11, 0x35, 0x21, 0x35, 0x33, 0x35, 0x21, 0x35, 0x21, 0x11, 0x23, 0x15,
    0x21, 0x11, 0x33, 0x15, 0x33, 0x15, 0x23, 0x15, 0x21, 0x15, 0x21, 0x15, 0x21, 0x15, 0x21, 0x15,
    0x21, 0x11, 0x01, 0x2c, 0x64, 0xfe, 0x70, 0x02, 0x58, 0x64, 0x01, 0x2c, 0xc8, 0x64, 0x64, 0xfd,
    0x44, 0x02, 0xbc, 0xfd, 0x44, 0x02, 0xbc, 0xfc, 0x7c, 0x01, 0xf4, 0xc8, 0x64, 0x64, 0xc8, 0xfe,
    0x70, 0x64, 0x01, 0xf4, 0xc8, 0xc8, 0xc8, 0x64, 0x64, 0x64, 0xc8, 0x01, 0xf4, 0x00, 0x00, 0x01,
    0x00, 0x00, 0x00, 0x00, 0x03, 0xe8, 0x04, 0x4c, 0x00, 0x17, 0x00, 0x00, 0x35, 0x35, 0x33, 0x35,
    0x33, 0x35, 0x33, 0x11, 0x21, 0x35, 0x21, 0x11, 0x33, 0x11, 0x33, 0x11, 0x23, 0x11, 0x21, 0x15,
    0x23, 0x15, 0x23, 0x15, 0xc8, 0x64, 0x64, 0xfe, 0x70, 0x02, 0x58, 0xc8, 0xc8, 0xc8, 0xfe, 0xd4,
    0x64, 0x64, 0x64, 0xc8, 0x64, 0xc8, 0x01, 0x2c, 0xc8, 0xfe, 0x70, 0x01, 0x90, 0xfb, 0xb4, 0x01,
    0xf4, 0xc8, 0x64, 0x64, 0x00, 0x02, 0x00, 0x00, 0x00, 0x00, 0x03, 0xe8, 0x04, 0x4c, 0x00, 0x13,
    0x00, 0x19, 0x00, 0x00, 0x11, 0x35, 0x21, 0x35, 0x33, 0x35, 0x21, 0x35, 0x21, 0x15, 0x33, 0x35,
    0x33, 0x11, 0x23, 0x11, 0x21, 0x15, 0x23, 0x15, 0x01, 0x11, 0x33, 0x15, 0x21, 0x15, 0x01, 0x2c,
    0x64, 0xfe, 0x70, 0x02, 0x58, 0xc8, 0xc8, 0xc8, 0xfe, 0xd4, 0x64, 0xfe, 0xd4, 0xc8, 0x02, 0xbc,
    0x01, 0xf4, 0xc8, 0x64, 0x64, 0xc8, 0xc8, 0xc8, 0xfd, 0x44, 0x01, 0x2c, 0x64, 0x64, 0xfe, 0x0c,
    0x01, 0x90, 0xc8, 0xc8, 0x00, 0x03, 0x00, 0x00, 0x00, 0x00, 0x03, 0xe8, 0x04, 0x4c, 0x00, 0x13,
    0x00, 0x17, 0x00, 0x1b, 0x00, 0x00, 0x11, 0x35, 0x21, 0x35, 0x33, 0x35, 0x21, 0x35, 0x21, 0x15,
    0x33, 0x35, 0x33, 0x11, 0x23, 0x35, 0x21, 0x15, 0x23, 0x15, 0x01, 0x35, 0x21, 0x15, 0x07, 0x11,
    0x21, 0x11, 0x01, 0x2c, 0x64, 0xfe, 0x70, 0x02, 0x58, 0xc8, 0xc8, 0xc8, 0xfe, 0xd4, 0x64, 0x01,
    0x90, 0xfe, 0x0c, 0xc8, 0x03, 0x84, 0x01, 0xf4, 0xc8, 0x64, 0x64, 0xc8, 0xc8, 0xc8, 0xfd, 0xa8,
    0xc8, 0x64, 0x64, 0xfe, 0xd4, 0x64, 0x64, 0xc8, 0x01, 0x90, 0xfe, 0x70, 0x00, 0x02, 0x00, 0x00,
    0x00, 0x00, 0x03, 0xe8, 0x04, 0x4c, 0x00, 0x17, 0x00, 0x1b, 0x00, 0x00, 0x35, 0x35, 0x33, 0x35,
    0x33, 0x35, 0x33, 0x11, 0x21, 0x35, 0x21, 0x11, 0x33, 0x11, 0x33, 0x11, 0x23, 0x11, 0x23, 0x15,
    0x23, 0x15, 0x23, 0x15, 0x05, 0x11, 0x33, 0x11, 0x64, 0x64, 0x64, 0xfe, 0xd4, 0x01, 0xf4, 0x64,
    0x64, 0x64, 0xc8, 0x64, 0x64, 0x02, 0x58, 0xc8, 0x64, 0xc8, 0x64, 0xc8, 0x01, 0x2c, 0xc8, 0xfe,
    0x70, 0x01, 0x90, 0xfb, 0xb4, 0x01, 0xf4, 0xc8, 0x64, 0x64, 0x64, 0x04, 0x4c, 0xfb, 0xb4, 0x00,
    0x00, 0x03, 0x00, 0x00, 0x00, 0x00, 0x03, 0xe8, 0x04, 0x4c, 0x00, 0x15, 0x00, 0x19, 0x00, 0x1f,
    0x00, 0x00, 0x11, 0x35, 0x21, 0x35, 0x33, 0x35, 0x21, 0x35, 0x21, 0x15, 0x33, 0x35, 0x33, 0x11,
    0x23, 0x35, 0x23, 0x35, 0x23, 0x15, 0x23, 0x15, 0x13, 0x15, 0x33, 0x35, 0x11, 0x21, 0x35, 0x21,
    0x11, 0x23, 0x01, 0x2c, 0x64, 0xfe, 0x70, 0x02, 0x58, 0xc8, 0xc8, 0xc8, 0xc8, 0x64, 0x64, 0xc8,
    0xc8, 0xfd, 0x44, 0x03, 0x84, 0xc8, 0x01, 0xf4, 0xc8, 0x64, 0x64, 0xc8, 0x64, 0x64, 0xfd, 0xa8,
    0x64, 0x64, 0x64, 0x64, 0x01, 0x90, 0x64, 0x64, 0xfd, 0x44, 0xc8, 0xfe, 0x70, 0x00, 0x00, 0x04,
    0x00, 0x00, 0x00, 0x00, 0x03, 0xe8, 0x04, 0x4c, 0x00, 0x15, 0x00, 0x21, 0x00, 0x25, 0x00, 0x29,
    0x00, 0x00, 0x11, 0x35, 0x21, 0x35, 0x33, 0x35, 0x21, 0x35, 0x21, 0x15, 0x33, 0x35, 0x33, 0x11,
    0x23, 0x35, 0x23, 0x35, 0x23, 0x15, 0x23, 0x15, 0x01, 0x15, 0x21, 0x35, 0x23, 0x35, 0x33, 0x35,
    0x21, 0x15, 0x33, 0x15, 0x01, 0x15, 0x33, 0x35, 0x11, 0x35, 0x21, 0x15, 0x01, 0x2c, 0x64, 0xfe,
    0x70, 0x02, 0x58, 0xc8, 0xc8, 0xc8, 0xc8, 0x64, 0x64, 0x01, 0xf4, 0xfd, 0x44, 0x64, 0x64, 0x02,
    0xbc, 0x64, 0xfe, 0x70, 0xc8, 0xfe, 0x0c, 0x01, 0xf4, 0xc8, 0x64, 0x64, 0xc8, 0x64, 0x64, 0xfd,
    0xa8, 0x64, 0x64, 0x64, 0x64, 0xfe, 0x70, 0x64, 0x64, 0xc8, 0x64, 0x64, 0xc8, 0x03, 0x20, 0x64,
    0x64, 0xfd, 0x44, 0x64, 0x64, 0x00, 0x00, 0x02, 0x00, 0x00, 0x00, 0x64, 0x04, 0x4c, 0x04, 0x4c,
    0x00, 0x07, 0x00, 0x0d, 0x00, 0x00, 0x35, 0x35, 0x21, 0x11, 0x33, 0x11, 0x21, 0x15, 0x01, 0x21,
    0x11, 0x23, 0x11, 0x21, 0x01, 0x90, 0xc8, 0x01, 0xf4, 0xfc, 0x18, 0x03, 0x84, 0xc8, 0xfd, 0x44,
    0x64, 0xc8, 0x01, 0x90, 0xfe, 0x70, 0xc8, 0x03, 0xe8, 0xfd, 0x44, 0x01, 0xf4, 0x00, 0x00, 0x03,
    0x00, 0x00, 0x00, 0x00, 0x04, 0x4c, 0x04, 0x4c, 0x00, 0x0d, 0x00, 0x19, 0x00, 0x1d, 0x00, 0x00,
    0x11, 0x35, 0x21, 0x35, 0x33, 0x15, 0x33, 0x11, 0x21, 0x35, 0x21, 0x11, 0x33, 0x15, 0x03, 0x15,
    0x21, 0x35, 0x23, 0x35, 0x33, 0x35, 0x21, 0x15, 0x33, 0x15, 0x27, 0x35, 0x21, 0x15, 0x01, 0x90,
    0xc8, 0xc8, 0xfd, 0x44, 0x03, 0x84, 0x64, 0xc8, 0xfd, 0x44, 0x64, 0x64, 0x02, 0xbc, 0x64, 0xc8,
    0xfe, 0x0c, 0x01, 0xf4, 0x64, 0xc8, 0xc8, 0x01, 0x2c, 0xc8, 0xfe, 0x0c, 0x64, 0xfe, 0x70, 0x64,
    0x64, 0xc8, 0x64, 0x64, 0xc8, 0x64, 0x64, 0x64, 0x00, 0x02, 0x00, 0x00, 0x00, 0x00, 0x04, 0x4c,
    0x04, 0x4c, 0x00, 0x0f, 0x00, 0x15, 0x00, 0x00, 0x35, 0x35, 0x33, 0x11, 0x33, 0x11, 0x21, 0x11,
    0x33, 0x11, 0x33, 0x15, 0x23, 0x11, 0x23, 0x35, 0x01, 0x35, 0x21, 0x11, 0x23, 0x11, 0xc8, 0xc8,
    0x01, 0x90, 0xc8, 0x64, 0x64, 0xc8, 0xfc, 0xe0, 0x02, 0xbc, 0xc8, 0x64, 0xc8, 0x01, 0x90, 0xfe,
    0x70, 0x03, 0x20, 0xfe, 0x70, 0xc8, 0xfe, 0x0c, 0x64, 0x03, 0x20, 0xc8, 0xfd, 0x44, 0x01, 0xf4,
    0x00, 0x03, 0x00, 0x00, 0x00, 0x00, 0x04, 0x4c, 0x04, 0x4c, 0x00, 0x0f, 0x00, 0x15, 0x00, 0x1b,
    0x00, 0x00, 0x11, 0x35, 0x33, 0x35, 0x33, 0x15, 0x21, 0x11, 0x33, 0x15, 0x33, 0x15, 0x23, 0x11,
    0x23, 0x35, 0x01, 0x21, 0x11, 0x23, 0x35, 0x21, 0x11, 0x11, 0x33, 0x15, 0x21, 0x15, 0xc8, 0xc8,
    0x01, 0x90, 0xc8, 0x64, 0x64, 0xc8, 0xfd, 0x44, 0x02, 0x58, 0xc8, 0xfe, 0x70, 0xc8, 0x02, 0xbc,
    0x01, 0xf4, 0x64, 0xc8, 0xc8, 0x01, 0xf4, 0xc8, 0xc8, 0xfe, 0xd4, 0x64, 0x02, 0x58, 0xfe, 0x70,
    0xc8, 0xfc, 0x7c, 0x01, 0x90, 0xc8, 0xc8, 0x00, 0x00, 0x01, 0x00, 0x00, 0x00, 0x00, 0x04, 0x4c,
    0x04, 0x4c, 0x00, 0x0d, 0x00, 0x00, 0x13, 0x21, 0x11, 0x33, 0x15, 0x21, 0x11, 0x23, 0x11, 0x21,
    0x35, 0x21, 0x11, 0x21, 0x64, 0x03, 0x84, 0x64, 0xfe, 0x70, 0xc8, 0xfe, 0x0c, 0x03, 0x20, 0xfd,
    0x44, 0x04, 0x4c, 0xfe, 0x0c, 0xc8, 0xfe, 0x70, 0x01, 0x90, 0xc8, 0x01, 0x2c, 0x00, 0x00, 0x01,
    0x00, 0x00, 0x00, 0x00, 0x03, 0xe8, 0x04, 0x4c, 0x00, 0x19, 0x00, 0x00, 0x11, 0x35, 0x21, 0x35,
    0x21, 0x35, 0x21, 0x11, 0x33, 0x11, 0x33, 0x11, 0x23, 0x35, 0x23, 0x35, 0x23, 0x11, 0x23, 0x15,
    0x21, 0x15, 0x21, 0x11, 0x33, 0x35, 0x01, 0xf4, 0xfe, 0x70, 0x02, 0x58, 0x64, 0xc8, 0xc8, 0xc8,
    0x64, 0xc8, 0x02, 0xbc, 0xfc, 0x7c, 0xc8, 0x02, 0x58, 0xc8, 0x64, 0xc8, 0xfe, 0x0c, 0x01, 0xf4,
    0xfc, 0xe0, 0x64, 0xc8, 0xfe, 0xd4, 0x64, 0xc8, 0x01, 0x90, 0xc8, 0x00, 0x00, 0x02, 0x00, 0x00,
    0x00, 0x00, 0x04, 0x4c, 0x04, 0x4c, 0x00, 0x09, 0x00, 0x0f, 0x00, 0x00, 0x13, 0x21, 0x11, 0x33,
    0x15, 0x21, 0x35, 0x21, 0x35, 0x21, 0x11, 0x11, 0x33, 0x15, 0x21, 0x15, 0x64, 0x03, 0x84, 0x64,
    0xfb, 0xb4, 0x03, 0x20, 0xfd, 0x44, 0xc8, 0x02, 0xbc, 0x04, 0x4c, 0xfe, 0x70, 0xc8, 0xc8, 0xc8,
    0xfc, 0x7c, 0x01, 0x90, 0xc8, 0xc8, 0x00, 0x02, 0x00, 0x00, 0x00, 0x00, 0x03, 0xe8, 0x04, 0x4c,
    0x00, 0x11, 0x00, 0x15, 0x00, 0x00, 0x35, 0x35, 0x33, 0x35, 0x33, 0x35, 0x33, 0x11, 0x21, 0x35,
    0x21, 0x11, 0x23, 0x15, 0x23, 0x15, 0x23, 0x15, 0x05, 0x11, 0x33, 0x11, 0xc8, 0x64, 0x64, 0xfe,
    0x70, 0x02, 0x58, 0x64, 0x64, 0x64, 0x01, 0xf4, 0xc8, 0x64, 0xc8, 0x64, 0xc8, 0x01, 0x2c, 0xc8,
    0xfd, 0xa8, 0xc8, 0x64, 0x64, 0x64, 0x04, 0x4c, 0xfb, 0xb4, 0x00, 0x02, 0x00, 0x00, 0x00, 0x00,
    0x03, 0xe8, 0x04, 0x4c, 0x00, 0x15, 0x00, 0x1b, 0x00, 0x00, 0x11, 0x35, 0x21, 0x35, 0x33, 0x35,
    0x21, 0x35, 0x21, 0x11, 0x23, 0x15, 0x23, 0x15, 0x21, 0x11, 0x33, 0x11, 0x21, 0x35, 0x21, 0x35,
    0x11, 0x11, 0x21, 0x15, 0x21, 0x15, 0x01, 0x2c, 0x64, 0xfe, 0x70, 0x02, 0x58, 0x64, 0x64, 0x01,
    0x90, 0xc8, 0xfe, 0x0c, 0xfe, 0x70, 0x01, 0x90, 0x01, 0xf4, 0x01, 0xf4, 0xc8, 0x64, 0x64, 0xc8,
    0xfe, 0x70, 0x64, 0x64, 0x02, 0x58, 0xfc, 0xe0, 0x64, 0x64, 0xfe, 0x0c, 0x01, 0x2c, 0x64, 0xc8,
    0x00, 0x04, 0x00, 0x00, 0x00, 0x00, 0x03, 0xe8, 0x04, 0x4c, 0x00, 0x0d, 0x00, 0x11, 0x00, 0x15,
    0x00, 0x19, 0x00, 0x00, 0x11, 0x35, 0x21, 0x35, 0x33, 0x35, 0x21, 0x35, 0x21, 0x11, 0x23, 0x15,
    0x23, 0x15, 0x01, 0x35, 0x21, 0x15, 0x01, 0x11, 0x33, 0x11, 0x01, 0x11, 0x21, 0x11, 0x01, 0x2c,
    0x64, 0xfe, 0x70, 0x02, 0x58, 0x64, 0x64, 0x01, 0x90, 0xfe, 0x0c, 0x01, 0xf4, 0xc8, 0xfc, 0x7c,
    0x03, 0x84, 0x01, 0xf4, 0xc8, 0x64, 0x64, 0xc8, 0xfe, 0x70, 0x64, 0x64, 0xfe, 0xd4, 0x64, 0x64,
    0x01, 0x2c, 0x02, 0x58, 0xfd, 0xa8, 0xfe, 0x0c, 0x01, 0x90, 0xfe, 0x70, 0x00, 0x02, 0x00, 0x00,
    0x00, 0x00, 0x04, 0x4c, 0x04, 0x4c, 0x00, 0x19, 0x00, 0x21, 0x00, 0x00, 0x35, 0x35, 0x33, 0x11,
    0x33, 0x11, 0x23, 0x35, 0x21, 0x11, 0x23, 0x11, 0x23, 0x15, 0x23, 0x35, 0x33, 0x11, 0x33, 0x11,
    0x23, 0x11, 0x23, 0x11, 0x23, 0x15, 0x01, 0x23, 0x11, 0x23, 0x11, 0x33, 0x11, 0x33, 0x64, 0x64,
    0xc8, 0x02, 0xbc, 0x64, 0x64, 0xc8, 0x64, 0x64, 0x64, 0x64, 0x64, 0x03, 0x84, 0x64, 0xc8, 0xc8,
    0x64, 0x64, 0xc8, 0x01, 0x2c, 0x01, 0x2c, 0xc8, 0xfd, 0xa8, 0xfe, 0xd4, 0x64, 0xc8, 0x01, 0x2c,
    0x01, 0x2c, 0xfe, 0xd4, 0xfe, 0xd4, 0xc8, 0x01, 0x90, 0xfe, 0x0c, 0x04, 0x4c, 0xfe, 0x70, 0x00,
    0x00, 0x01, 0x00, 0x00, 0x00, 0x00, 0x03, 0xe8, 0x04, 0x4c, 0x00, 0x1f, 0x00, 0x00, 0x35, 0x35,
    0x33, 0x11, 0x33, 0x11, 0x23, 0x35, 0x21, 0x11, 0x33, 0x11, 0x33, 0x11, 0x23, 0x11, 0x23, 0x11,
    0x23, 0x15, 0x23, 0x35, 0x33, 0x11, 0x33, 0x11, 0x23, 0x11, 0x23, 0x11, 0x23, 0x15, 0x64, 0x64,
    0xc8, 0x02, 0xbc, 0x64, 0xc8, 0xc8, 0xc8, 0x64, 0xc8, 0x64, 0x64, 0x64, 0x64, 0x64, 0x64, 0xc8,
    0x01, 0x2c, 0x01, 0x2c, 0xc8, 0xfe, 0x70, 0x01, 0x90, 0xfb, 0xb4, 0x01, 0xf4, 0xfe, 0xd4, 0x64,
    0xc8, 0x01, 0x2c, 0x01, 0x2c, 0xfe, 0xd4, 0xfe, 0xd4, 0xc8, 0x00, 0x04, 0x00, 0x00, 0x00, 0x00,
    0x03, 0xe8, 0x04, 0x4c, 0x00, 0x0f, 0x00, 0x13, 0x00, 0x17, 0x00, 0x1f, 0x00, 0x00, 0x11, 0x35,
    0x33, 0x35, 0x23, 0x35, 0x21, 0x11, 0x33, 0x11, 0x33, 0x11, 0x21, 0x15, 0x23, 0x35, 0x37, 0x33,
    0x35, 0x23, 0x01, 0x35, 0x21, 0x15, 0x25, 0x35, 0x33, 0x11, 0x21, 0x11, 0x33, 0x15, 0xc8, 0xc8,
    0x02, 0xbc, 0x64, 0xc8, 0xfe, 0x0c, 0xc8, 0x64, 0x64, 0x64, 0x01, 0x90, 0xfe, 0x0c, 0x01, 0xf4,
    0xc8, 0xfc, 0x7c, 0xc8, 0x02, 0x58, 0x64, 0xc8, 0xc8, 0xfe, 0x70, 0x01, 0x90, 0xfe, 0x0c, 0x64,
    0x64, 0x64, 0xc8, 0xfd, 0x44, 0x64, 0x64, 0xc8, 0x64, 0xfe, 0x0c, 0x01, 0xf4, 0x64, 0x00, 0x03,
    0x00, 0x00, 0x00, 0x00, 0x04, 0x4c, 0x04, 0x4c, 0x00, 0x0f, 0x00, 0x15, 0x00, 0x1b, 0x00, 0x00,
    0x11, 0x35, 0x21, 0x35, 0x23, 0x35, 0x21, 0x11, 0x21, 0x35, 0x23, 0x35, 0x21, 0x11, 0x33, 0x15,
    0x01, 0x11, 0x21, 0x15, 0x21, 0x15, 0x01, 0x35, 0x21, 0x15, 0x21, 0x35, 0x01, 0x2c, 0xc8, 0x01,
    0x90, 0x01, 0x2c, 0xc8, 0x01, 0x90, 0x64, 0xfc, 0x18, 0x01, 0x90, 0x01, 0xf4, 0xfc, 0x7c, 0x03,
    0x84, 0xfe, 0x0c, 0x02, 0x58, 0xc8, 0x64, 0xc8, 0xfe, 0xd4, 0x64, 0xc8, 0xfe, 0xd4, 0xc8, 0xfd,
    0xa8, 0x01, 0x2c, 0x64, 0xc8, 0x01, 0x90, 0x64, 0xc8, 0x64, 0x00, 0x02, 0x00, 0x00, 0x00, 0x00,
    0x04, 0x4c, 0x04, 0x4c, 0x00, 0x0f, 0x00, 0x1b, 0x00, 0x00, 0x11, 0x35, 0x21, 0x35, 0x23, 0x35,
    0x21, 0x11, 0x21, 0x35, 0x23, 0x35, 0x21, 0x11, 0x33, 0x15, 0x01, 0x11, 0x21, 0x15, 0x21, 0x15,
    0x21, 0x15, 0x21, 0x15, 0x21, 0x15, 0x01, 0x2c, 0xc8, 0x01, 0x90, 0x01, 0x2c, 0xc8, 0x01, 0x90,
    0x64, 0xfc, 0x18, 0x03, 0x84, 0xfd, 0x44, 0x02, 0xbc, 0xfd, 0x44, 0x02, 0xbc, 0x02, 0xbc, 0x64,
    0x64, 0xc8, 0xfe, 0xd4, 0x64, 0xc8, 0xfe, 0xd4, 0x64, 0xfd, 0x44, 0x02, 0x58, 0x64, 0x64, 0x64,
    0x64, 0xc8, 0x00, 0x02, 0x00, 0x00, 0x00, 0x00, 0x04, 0x4c, 0x04, 0x4c, 0x00, 0x05, 0x00, 0x0d,
    0x00, 0x00, 0x35, 0x11, 0x33, 0x11, 0x21, 0x15, 0x17, 0x11, 0x33, 0x11, 0x33, 0x15, 0x23, 0x11,
    0xc8, 0x01, 0xf4, 0x64, 0xc8, 0x64, 0x64, 0x64, 0x03, 0xe8, 0xfc, 0xe0, 0xc8, 0x64, 0x04, 0x4c,
    0xfe, 0x70, 0xc8, 0xfe, 0x0c, 0x00, 0x00, 0x03, 0x00, 0x00, 0x00, 0x00, 0x04, 0x4c, 0x04, 0x4c,
    0x00, 0x05, 0x00, 0x0d, 0x00, 0x13, 0x00, 0x00, 0x11, 0x11, 0x33, 0x11, 0x21, 0x15, 0x17, 0x11,
    0x33, 0x15, 0x33, 0x15, 0x23, 0x11, 0x01, 0x11, 0x33, 0x15, 0x21, 0x15, 0xc8, 0x01, 0xf4, 0x64,
    0xc8, 0x64, 0x64, 0xfc, 0x7c, 0xc8, 0x02, 0xbc, 0x01, 0xf4, 0x02, 0x58, 0xfe, 0x70, 0xc8, 0x64,
    0x02, 0xbc, 0xc8, 0xc8, 0xfe, 0xd4, 0xfe, 0x70, 0x01, 0x90, 0xc8, 0xc8, 0x00, 0x04, 0x00, 0x00,
    0x00, 0x00, 0x04, 0x4c, 0x04, 0x4c, 0x00, 0x05, 0x00, 0x0d, 0x00, 0x13, 0x00, 0x19, 0x00, 0x00,
    0x11, 0x11, 0x33, 0x11, 0x21, 0x15, 0x25, 0x23, 0x15, 0x23, 0x11, 0x33, 0x15, 0x33, 0x01, 0x11,
    0x21, 0x15, 0x21, 0x15, 0x01, 0x35, 0x21, 0x15, 0x21, 0x35, 0xc8, 0x01, 0xf4, 0x01, 0x90, 0x64,
    0xc8, 0xc8, 0x64, 0xfc, 0x18, 0x01, 0x90, 0x01, 0xf4, 0xfc, 0x7c, 0x03, 0x84, 0xfe, 0x0c, 0x02,
    0x58, 0x01, 0xf4, 0xfe, 0xd4, 0xc8, 0x64, 0x64, 0x01, 0xf4, 0xc8, 0xfc, 0x7c, 0x01, 0x2c, 0x64,
    0xc8, 0x01, 0x90, 0x64, 0xc8, 0x64, 0x00, 0x04, 0x00, 0x00, 0x00, 0x00, 0x04, 0x4c, 0x04, 0x4c,
    0x00, 0x03, 0x00, 0x09, 0x00, 0x11, 0x00, 0x15, 0x00, 0x00, 0x25, 0x35, 0x21, 0x15, 0x01, 0x11,
    0x33, 0x11, 0x21, 0x15, 0x33, 0x11, 0x33, 0x15, 0x33, 0x15, 0x23, 0x15, 0x01, 0x11, 0x21, 0x11,
    0x03, 0x20, 0xfe, 0x0c, 0xfe, 0xd4, 0xc8, 0x01, 0xf4, 0x64, 0xc8, 0x64, 0x64, 0xfc, 0x7c, 0x03,
    0x84, 0xc8, 0x64, 0x64, 0x01, 0x2c, 0x02, 0x58, 0xfe, 0x70, 0xc8, 0x02, 0x58, 0xc8, 0xc8, 0xc8,
    0xfe, 0x0c, 0x01, 0x90, 0xfe, 0x70, 0x00, 0x03, 0x00, 0x00, 0x00, 0x00, 0x04, 0x4c, 0x04, 0x4c,
    0x00, 0x05, 0x00, 0x0d, 0x00, 0x21, 0x00, 0x00, 0x11, 0x11, 0x33, 0x11, 0x21, 0x15, 0x25, 0x23,
    0x15, 0x23, 0x11, 0x33, 0x15, 0x33, 0x01, 0x15, 0x21, 0x35, 0x33, 0x35, 0x23, 0x35, 0x21, 0x15,
    0x23, 0x15, 0x33, 0x15, 0x21, 0x35, 0x23, 0x35, 0x23, 0x15, 0xc8, 0x01, 0xf4, 0x01, 0x90, 0x64,
    0xc8, 0xc8, 0x64, 0xfd, 0x44, 0xfe, 0xd4, 0xc8, 0xc8, 0x03, 0x84, 0xc8, 0xc8, 0xfe, 0xd4, 0x64,
    0x64, 0x01, 0xf4, 0x02, 0x58, 0xfe, 0x70, 0xc8, 0xc8, 0xc8, 0x02, 0x58, 0xc8, 0xfc, 0xe0, 0x64,
    0xc8, 0x64, 0x64, 0x64, 0x64, 0xc8, 0x64, 0x64, 0x64, 0x00, 0x00, 0x02, 0x00, 0x00, 0x00, 0x00,
    0x03, 0xe8, 0x04, 0x4c, 0x00, 0x05, 0x00, 0x11, 0x00, 0x00, 0x35, 0x11, 0x33, 0x11, 0x21, 0x15,
    0x05, 0x11, 0x23, 0x11, 0x23, 0x11, 0x33, 0x11, 0x33, 0x11, 0x33, 0x11, 0xc8, 0x01, 0x2c, 0x01,
    0x2c, 0x64, 0x64, 0x64, 0x64, 0xc8, 0x64, 0x03, 0xe8, 0xfc, 0xe0, 0xc8, 0x64, 0x01, 0xf4, 0xfe,
    0x0c, 0x04, 0x4c, 0xfe, 0x70, 0x01, 0x90, 0xfb, 0xb4, 0x00, 0x00, 0x02, 0x00, 0x00, 0x00, 0x00,
    0x04, 0x4c, 0x04, 0x4c, 0x00, 0x1d, 0x00, 0x21, 0x00, 0x00, 0x11, 0x35, 0x21, 0x35, 0x21, 0x11,
    0x33, 0x15, 0x21, 0x15, 0x21, 0x15, 0x21, 0x15, 0x21, 0x15, 0x21, 0x15, 0x23, 0x15, 0x23, 0x15,
    0x21, 0x35, 0x23, 0x35, 0x23, 0x35, 0x21, 0x35, 0x03, 0x21, 0x35, 0x21, 0x01, 0xf4, 0xfe, 0x70,
    0xc8, 0x02, 0xbc, 0xfe, 0xd4, 0x01, 0x90, 0xfe, 0x70, 0x01, 0x2c, 0x64, 0x64, 0xfe, 0x0c, 0x64,
    0x64, 0x01, 0x90, 0x64, 0x01, 0x2c, 0xfe, 0xd4, 0x01, 0xf4, 0x64, 0x64, 0x01, 0x90, 0xc8, 0xc8,
    0x64, 0x64, 0x64, 0x64, 0xc8, 0x64, 0x64, 0xc8, 0x64, 0x64, 0xfe, 0xd4, 0x64, 0x00, 0x00, 0x02,
    0x00, 0x00, 0x00, 0x64, 0x04, 0x4c, 0x04, 0x4c, 0x00, 0x03, 0x00, 0x09, 0x00, 0x00, 0x35, 0x35,
    0x21, 0x15, 0x01, 0x33, 0x11, 0x21, 0x15, 0x21, 0x04, 0x4c, 0xfc, 0x18, 0xc8, 0x02, 0xbc, 0xfc,
    0x7c, 0x64, 0xc8, 0xc8, 0x03, 0xe8, 0xfe, 0x70, 0xc8, 0x00, 0x00, 0x03, 0x00, 0x00, 0x00, 0x00,
    0x04, 0x4c, 0x04, 0x4c, 0x00, 0x05, 0x00, 0x09, 0x00, 0x0f, 0x00, 0x00, 0x13, 0x33, 0x15, 0x21,
    0x15, 0x21, 0x03, 0x35, 0x21, 0x15, 0x01, 0x11, 0x33, 0x15, 0x21, 0x15, 0x64, 0xc8, 0x02, 0xbc,
    0xfc, 0x7c, 0x64, 0x04, 0x4c, 0xfc, 0x18, 0xc8, 0x02, 0xbc, 0x04, 0x4c, 0xc8, 0xc8, 0xfe, 0xd4,
    0xc8, 0xc8, 0xfe, 0x70, 0x01, 0x2c, 0x64, 0xc8, 0x00, 0x04, 0x00, 0x00, 0x00, 0x00, 0x04, 0x4c,
    0x04, 0x4c, 0x00, 0x03, 0x00, 0x0f, 0x00, 0x13, 0x00, 0x19, 0x00, 0x00, 0x11, 0x35, 0x21, 0x15,
    0x03, 0x15, 0x21, 0x35, 0x23, 0x35, 0x33, 0x35, 0x21, 0x15, 0x33, 0x15, 0x27, 0x35, 0x21, 0x15,
    0x03, 0x33, 0x15, 0x21, 0x15, 0x21, 0x04, 0x4c, 0xc8, 0xfd, 0x44, 0x64, 0x64, 0x02, 0xbc, 0x64,
    0xc8, 0xfe, 0x0c, 0xc8, 0xc8, 0x02, 0xbc, 0xfc, 0x7c, 0x01, 0xf4, 0x64, 0x64, 0xfe, 0x70, 0x64,
    0x64, 0xc8, 0x64, 0x64, 0xc8, 0x64, 0x64, 0x64, 0x03, 0x84, 0xc8, 0xc8, 0x00, 0x02, 0x00, 0x00,
    0x00, 0x00, 0x03, 0xe8, 0x04, 0x4c, 0x00, 0x05, 0x00, 0x09, 0x00, 0x00, 0x35, 0x11, 0x33, 0x11,
    0x21, 0x15, 0x17, 0x11, 0x33, 0x11, 0xc8, 0x01, 0xf4, 0x64, 0xc8, 0x64, 0x03, 0xe8, 0xfc, 0xe0,
    0xc8, 0x64, 0x04, 0x4c, 0xfb, 0xb4, 0x00, 0x02, 0x00, 0x00, 0x00, 0x00, 0x04, 0x4c, 0x04, 0x4c,
    0x00, 0x07, 0x00, 0x0f, 0x00, 0x00, 0x35, 0x11, 0x21, 0x15, 0x21, 0x11, 0x21, 0x15, 0x17, 0x11,
    0x33, 0x11, 0x33, 0x15, 0x23, 0x11, 0x02, 0x58, 0xfe, 0x70, 0x01, 0xf4, 0x64, 0xc8, 0x64, 0x64,
    0x64, 0x03, 0xe8, 0xc8, 0xfd, 0xa8, 0xc8, 0x64, 0x04, 0x4c, 0xfe, 0x70, 0xc8, 0xfe, 0x0c, 0x00,
    0x00, 0x03, 0x00, 0x00, 0x00, 0x00, 0x04, 0x4c, 0x04, 0x4c, 0x00, 0x05, 0x00, 0x0d, 0x00, 0x15,
    0x00, 0x00, 0x25, 0x21, 0x35, 0x21, 0x11, 0x23, 0x01, 0x11, 0x21, 0x15, 0x21, 0x15, 0x21, 0x15,
    0x33, 0x11, 0x33, 0x15, 0x33, 0x15, 0x23, 0x15, 0x03, 0x20, 0xfd, 0x44, 0x03, 0x84, 0xc8, 0xfc,
    0xe0, 0x02, 0x58, 0xfe, 0x70, 0x01, 0xf4, 0x64, 0xc8, 0x64, 0x64, 0xc8, 0xc8, 0xfe, 0x70, 0x01,
    0xf4, 0x02, 0x58, 0xc8, 0xc8, 0xc8, 0x02, 0x58, 0xc8, 0xc8, 0xc8, 0x00, 0x00, 0x03, 0x00, 0x00,
    0x00, 0x00, 0x04, 0x4c, 0x04, 0x4c, 0x00, 0x07, 0x00, 0x0f, 0x00, 0x15, 0x00, 0x00, 0x11, 0x11,
    0x21, 0x15, 0x21, 0x15, 0x21, 0x15, 0x17, 0x11, 0x33, 0x15, 0x33, 0x15, 0x23, 0x11, 0x01, 0x11,
    0x33, 0x15, 0x21, 0x15, 0x02, 0x58, 0xfe, 0x70, 0x01, 0xf4, 0x64, 0xc8, 0x64, 0x64, 0xfc, 0x7c,
    0xc8, 0x02, 0xbc, 0x01, 0xf4, 0x02, 0x58, 0xc8, 0xc8, 0xc8, 0x64, 0x02, 0xbc, 0xc8, 0xc8, 0xfe,
    0xd4, 0xfe, 0x70, 0x01, 0x90, 0xc8, 0xc8, 0x00, 0x00, 0x04, 0x00, 0x00, 0x00, 0x00, 0x04, 0x4c,
    0x04, 0x4c, 0x00, 0x07, 0x00, 0x0f, 0x00, 0x15, 0x00, 0x1b, 0x00, 0x00, 0x11, 0x11, 0x21, 0x15,
    0x21, 0x15, 0x21, 0x15, 0x25, 0x23, 0x15, 0x23, 0x11, 0x33, 0x15, 0x33, 0x01, 0x11, 0x21, 0x15,
    0x21, 0x15, 0x01, 0x35, 0x21, 0x15, 0x21, 0x35, 0x02, 0x58, 0xfe, 0x70, 0x01, 0xf4, 0x01, 0x90,
    0x64, 0xc8, 0xc8, 0x64, 0xfc, 0x18, 0x01, 0x90, 0x01, 0xf4, 0xfc, 0x7c, 0x03, 0x84, 0xfe, 0x0c,
    0x02, 0x58, 0x01, 0xf4, 0xc8, 0x64, 0xc8, 0x64, 0x64, 0x01, 0xf4, 0xc8, 0xfc, 0x7c, 0x01, 0x2c,
    0x64, 0xc8, 0x01, 0x90, 0x64, 0xc8, 0x64, 0x00, 0x00, 0x04, 0x00, 0x00, 0x00, 0x00, 0x04, 0x4c,
    0x04, 0x4c, 0x00, 0x07, 0x00, 0x13, 0x00, 0x1b, 0x00, 0x1f, 0x00, 0x00, 0x11, 0x11, 0x21, 0x15,
    0x21, 0x15, 0x21, 0x15, 0x13, 0x15, 0x21, 0x35, 0x23, 0x35, 0x33, 0x35, 0x21, 0x15, 0x33, 0x15,
    0x13, 0x23, 0x15, 0x23, 0x11, 0x33, 0x15, 0x33, 0x01, 0x35, 0x21, 0x15, 0x02, 0x58, 0xfe, 0x70,
    0x01, 0xf4, 0xc8, 0xfd, 0x44, 0x64, 0x64, 0x02, 0xbc, 0x64, 0x64, 0x64, 0xc8, 0xc8, 0x64, 0xfe,
    0xd4, 0xfe, 0x0c, 0x01, 0xf4, 0x02, 0x58, 0xc8, 0xc8, 0xc8, 0xfe, 0x70, 0x64, 0x64, 0xc8, 0x64,
    0x64, 0xc8, 0x02, 0x58, 0xc8, 0x02, 0x58, 0xc8, 0xfd, 0x44, 0x64, 0x64, 0x00, 0x02, 0x00, 0x00,
    0x00, 0x00, 0x03, 0xe8, 0x04, 0x4c, 0x00, 0x07, 0x00, 0x13, 0x00, 0x00, 0x35, 0x11, 0x21, 0x15,
    0x21, 0x11, 0x21, 0x15, 0x05, 0x11, 0x23, 0x11, 0x23, 0x11, 0x33, 0x11, 0x33, 0x11, 0x33, 0x11,
    0x01, 0xf4, 0xfe, 0xd4, 0x01, 0x2c, 0x01, 0x2c, 0x64, 0x64, 0x64, 0x64, 0xc8, 0x64, 0x03, 0xe8,
    0xc8, 0xfd, 0xa8, 0xc8, 0x64, 0x01, 0xf4, 0xfe, 0x0c, 0x04, 0x4c, 0xfe, 0x70, 0x01, 0x90, 0xfb,
    0xb4, 0x00, 0x00, 0x03, 0x00, 0x00, 0x00, 0x00, 0x03, 0xe8, 0x04, 0x4c, 0x00, 0x07, 0x00, 0x0b,
    0x00, 0x13, 0x00, 0x00, 0x35, 0x11, 0x21, 0x15, 0x21, 0x11, 0x21, 0x15, 0x05, 0x11, 0x33, 0x11,
    0x01, 0x35, 0x33, 0x11, 0x33, 0x11, 0x23, 0x11, 0x01, 0xf4, 0xfe, 0xd4, 0x01, 0x2c, 0x01, 0x2c,
    0xc8, 0xfd, 0xa8, 0xc8, 0x64, 0x64, 0x64, 0x03, 0xe8, 0xc8, 0xfd, 0xa8, 0xc8, 0x64, 0x04, 0x4c,
    0xfb, 0xb4, 0x01, 0xf4, 0xc8, 0x01, 0x90, 0xfb, 0xb4, 0x01, 0xf4, 0x00, 0x00, 0x01, 0x00, 0x00,
    0x00, 0x64, 0x04, 0x4c, 0x04, 0x4c, 0x00, 0x0f, 0x00, 0x00, 0x35, 0x35, 0x21, 0x35, 0x21, 0x11,
    0x21, 0x15, 0x21, 0x15, 0x21, 0x15, 0x21, 0x15, 0x21, 0x15, 0x01, 0xf4, 0xfe, 0x70, 0x03, 0x84,
    0xfd, 0x44, 0x02, 0xbc, 0xfe, 0xd4, 0x01, 0x90, 0x64, 0xc8, 0xc8, 0x02, 0x58, 0xc8, 0xc8, 0xc8,
    0xc8, 0xc8, 0x00, 0x03, 0x00, 0x00, 0x00, 0x00, 0x04, 0x4c, 0x04, 0x4c, 0x00, 0x0f, 0x00, 0x15,
    0x00, 0x1b, 0x00, 0x00, 0x11, 0x35, 0x21, 0x35, 0x21, 0x11, 0x21, 0x15, 0x21, 0x15, 0x21, 0x15,
    0x21, 0x15, 0x21, 0x15, 0x01, 0x11, 0x21, 0x15, 0x21, 0x15, 0x01, 0x35, 0x21, 0x15, 0x21, 0x35,
    0x01, 0xf4, 0xfe, 0x70, 0x03, 0x84, 0xfd, 0x44, 0x02, 0xbc, 0xfe, 0xd4, 0x01, 0x90, 0xfc, 0x18,
    0x01, 0x90, 0x01, 0xf4, 0xfc, 0x7c, 0x03, 0x84, 0xfe, 0x0c, 0x02, 0x58, 0x64, 0x64, 0x01, 0x2c,
    0x64, 0x64, 0x64, 0x64, 0x64, 0xfd, 0xa8, 0x01, 0x2c, 0x64, 0xc8, 0x01, 0x90, 0x64, 0xc8, 0x64,
    0x00, 0x03, 0x00, 0x00, 0x00, 0x00, 0x04, 0x4c, 0x04, 0x4c, 0x00, 0x0f, 0x00, 0x1b, 0x00, 0x1f,
    0x00, 0x00, 0x11, 0x35, 0x21, 0x35, 0x21, 0x11, 0x21, 0x15, 0x21, 0x15, 0x21, 0x15, 0x21, 0x15,
    0x21, 0x15, 0x03, 0x15, 0x21, 0x35, 0x23, 0x35, 0x33, 0x35, 0x21, 0x15, 0x33, 0x15, 0x27, 0x35,
    0x21, 0x15, 0x01, 0xf4, 0xfe, 0x70, 0x03, 0x84, 0xfd, 0x44, 0x02, 0xbc, 0xfe, 0xd4, 0x01, 0x90,
    0xc8, 0xfd, 0x44, 0x64, 0x64, 0x02, 0xbc, 0x64, 0xc8, 0xfe, 0x0c, 0x01, 0xf4, 0x64, 0x64, 0x01,
    0x90, 0x64, 0x64, 0xc8, 0x64, 0x64, 0xfe, 0x70, 0x64, 0x64, 0xc8, 0x64, 0x64, 0xc8, 0x64, 0x64,
    0x64, 0x00, 0x00, 0x03, 0x00, 0x00, 0x00, 0x00, 0x03, 0xe8, 0x04, 0x4c, 0x00, 0x13, 0x00, 0x17,
    0x00, 0x1b, 0x00, 0x00, 0x11, 0x35, 0x21, 0x35, 0x23, 0x11, 0x21, 0x15, 0x21, 0x15, 0x21, 0x15,
    0x23, 0x15, 0x21, 0x11, 0x33, 0x11, 0x21, 0x11, 0x01, 0x35, 0x21, 0x15, 0x25, 0x35, 0x21, 0x15,
    0x01, 0x2c, 0xc8, 0x02, 0x58, 0xfe, 0x70, 0x01, 0x90, 0xc8, 0x01, 0x2c, 0xc8, 0xfc, 0x7c, 0x02,
    0xbc, 0xfe, 0x0c, 0x01, 0xf4, 0xfe, 0x0c, 0x01, 0xf4, 0x64, 0x64, 0x01, 0x90, 0x64, 0x64, 0xc8,
    0x64, 0x01, 0xf4, 0xfb, 0xb4, 0x01, 0xf4, 0xfe, 0xd4, 0x64, 0x64, 0xc8, 0x64, 0x64, 0x00, 0x02,
    0x00, 0x00, 0x00, 0x00, 0x03, 0xe8, 0x04, 0x4c, 0x00, 0x0b, 0x00, 0x13, 0x00, 0x00, 0x21, 0x11,
    0x21, 0x11, 0x23, 0x11, 0x21, 0x35, 0x21, 0x11, 0x33, 0x11, 0x01, 0x11, 0x21, 0x15, 0x21, 0x15,
    0x21, 0x15, 0x03, 0x20, 0xfe, 0xd4, 0xc8, 0xfe, 0xd4, 0x03, 0x20, 0xc8, 0xfc, 0x18, 0x02, 0xbc,
    0xfe, 0x0c, 0x01, 0xf4, 0x01, 0x2c, 0xfe, 0xd4, 0x01, 0x2c, 0xc8, 0x02, 0x58, 0xfb, 0xb4, 0x02,
    0x58, 0x01, 0xf4, 0xc8, 0x64, 0xc8, 0x00, 0x02, 0x00, 0x00, 0x00, 0x64, 0x04, 0x4c, 0x04, 0x4c,
    0x00, 0x03, 0x00, 0x0b, 0x00, 0x00, 0x35, 0x35, 0x21, 0x15, 0x01, 0x21, 0x15, 0x21, 0x15, 0x21,
    0x15, 0x21, 0x04, 0x4c, 0xfc, 0x18, 0x03, 0x84, 0xfd, 0x44, 0x02, 0xbc, 0xfc, 0x7c, 0x64, 0xc8,
    0xc8, 0x03, 0xe8, 0xc8, 0xc8, 0xc8, 0x00, 0x03, 0x00, 0x00, 0x00, 0x00, 0x04, 0x4c, 0x04, 0x4c,
    0x00, 0x05, 0x00, 0x0d, 0x00, 0x11, 0x00, 0x00, 0x25, 0x21, 0x35, 0x21, 0x11, 0x23, 0x01, 0x21,
    0x15, 0x21, 0x15, 0x21, 0x15, 0x21, 0x07, 0x35, 0x21, 0x15, 0x03, 0x20, 0xfd, 0x44, 0x03, 0x84,
    0xc8, 0xfd, 0x44, 0x03, 0x84, 0xfd, 0x44, 0x02, 0xbc, 0xfc, 0x7c, 0x64, 0x04, 0x4c, 0xc8, 0xc8,
    0xfe, 0x70, 0x04, 0x4c, 0x64, 0x64, 0xc8, 0xc8, 0x64, 0x64, 0x00, 0x03, 0x00, 0x00, 0x00, 0x00,
    0x03, 0xe8, 0x04, 0x4c, 0x00, 0x07, 0x00, 0x1b, 0x00, 0x1f, 0x00, 0x00, 0x11, 0x11, 0x21, 0x15,
    0x21, 0x15, 0x21, 0x15, 0x01, 0x15, 0x21, 0x35, 0x33, 0x35, 0x23, 0x35, 0x21, 0x15, 0x23, 0x15,
    0x33, 0x15, 0x21, 0x35, 0x23, 0x35, 0x23, 0x15, 0x01, 0x11, 0x33, 0x11, 0x02, 0x58, 0xfe, 0x70,
    0x01, 0xf4, 0xfe, 0xd4, 0xfe, 0xd4, 0xc8, 0xc8, 0x03, 0x84, 0xc8, 0xc8, 0xfe, 0xd4, 0x64, 0x64,
    0x01, 0x2c, 0xc8, 0x01, 0xf4, 0x02, 0x58, 0xc8, 0xc8, 0xc8, 0xfe, 0x70, 0x64, 0xc8, 0x64, 0x64,
    0x64, 0x64, 0xc8, 0x64, 0x64, 0x64, 0x01, 0x90, 0x02, 0x58, 0xfd, 0xa8, 0x00, 0x03, 0x00, 0x00,
    0x00, 0x00, 0x03, 0xe8, 0x04, 0x4c, 0x00, 0x07, 0x00, 0x13, 0x00, 0x17, 0x00, 0x00, 0x35, 0x11,
    0x21, 0x15, 0x23, 0x11, 0x33, 0x15, 0x05, 0x11, 0x23, 0x11, 0x23, 0x11, 0x33, 0x11, 0x33, 0x11,
    0x33, 0x11, 0x01, 0x33, 0x11, 0x23, 0x01, 0xf4, 0x64, 0x64, 0x01, 0x2c, 0x64, 0x64, 0x64, 0x64,
    0xc8, 0xfc, 0xe0, 0x64, 0x64, 0x64, 0x03, 0xe8, 0xc8, 0xfd, 0xa8, 0xc8, 0x64, 0x01, 0xf4, 0xfe,
    0x0c, 0x04, 0x4c, 0xfe, 0x70, 0x01, 0x90, 0xfb, 0xb4, 0x01, 0x2c, 0x02, 0x58, 0x00, 0x00, 0x03,
    0x00, 0x00, 0x00, 0x00, 0x03, 0xe8, 0x04, 0x4c, 0x00, 0x07, 0x00, 0x0f, 0x00, 0x13, 0x00, 0x00,
    0x35, 0x11, 0x21, 0x15, 0x23, 0x11, 0x33, 0x15, 0x17, 0x11, 0x23, 0x35, 0x33, 0x11, 0x33, 0x11,
    0x01, 0x33, 0x11, 0x23, 0x02, 0xbc, 0xc8, 0xc8, 0x64, 0xc8, 0xc8, 0xc8, 0xfc, 0xe0, 0x64, 0x64,
    0x64, 0x03, 0xe8, 0xc8, 0xfd, 0xa8, 0xc8, 0x64, 0x01, 0xf4, 0xc8, 0x01, 0x90, 0xfb, 0xb4, 0x01,
    0x2c, 0x02, 0x58, 0x00, 0x00, 0x02, 0x00, 0x00, 0x00, 0x64, 0x04, 0x4c, 0x04, 0x4c, 0x00, 0x0f,
    0x00, 0x13, 0x00, 0x00, 0x35, 0x35, 0x21, 0x35, 0x21, 0x11, 0x21, 0x15, 0x21, 0x15, 0x21, 0x15,
    0x21, 0x15, 0x21, 0x15, 0x01, 0x33, 0x35, 0x23, 0x01, 0xf4, 0xfe, 0x70, 0x03, 0x84, 0xfe, 0xd4,
    0x01, 0x2c, 0xfe, 0xd4, 0x01, 0x90, 0xfc, 0xe0, 0xc8, 0xc8, 0x64, 0xc8, 0xc8, 0x02, 0x58, 0xc8,
    0xc8, 0xc8, 0xc8, 0xc8, 0x02, 0x58, 0xc8, 0x00, 0x00, 0x02, 0x00, 0x00, 0x00, 0x00, 0x04, 0x4c,
    0x04, 0x4c, 0x00, 0x0b, 0x00, 0x13, 0x00, 0x00, 0x35, 0x11, 0x21, 0x35, 0x21, 0x35, 0x21, 0x11,
    0x21, 0x15, 0x21, 0x15, 0x17, 0x11, 0x33, 0x11, 0x33, 0x15, 0x23, 0x11, 0x01, 0x90, 0xfe, 0x70,
    0x02, 0x58, 0xfe, 0x70, 0x01, 0xf4, 0x64, 0xc8, 0x64, 0x64, 0x64, 0x02, 0x58, 0xc8, 0xc8, 0xfd,
    0xa8, 0xc8, 0xc8, 0x64, 0x04, 0x4c, 0xfe, 0x70, 0xc8, 0xfe, 0x0c, 0x00, 0x00, 0x02, 0x00, 0x00,
    0x00, 0x00, 0x03, 0xe8, 0x04, 0x4c, 0x00, 0x0b, 0x00, 0x17, 0x00, 0x00, 0x35, 0x11, 0x21, 0x35,
    0x21, 0x35, 0x21, 0x11, 0x21, 0x15, 0x21, 0x15, 0x05, 0x11, 0x23, 0x11, 0x23, 0x11, 0x33, 0x11,
    0x33, 0x11, 0x33, 0x11, 0x01, 0x2c, 0xfe, 0xd4, 0x01, 0xf4, 0xfe, 0xd4, 0x01, 0x2c, 0x01, 0x2c,
    0x64, 0x64, 0x64, 0x64, 0xc8, 0x64, 0x02, 0x58, 0xc8, 0xc8, 0xfd, 0xa8, 0xc8, 0xc8, 0x64, 0x01,
    0xf4, 0xfe, 0x0c, 0x04, 0x4c, 0xfe, 0x70, 0x01, 0x90, 0xfb, 0xb4, 0x00, 0x00, 0x02, 0x00, 0x00,
    0x00, 0x00, 0x03, 0xe8, 0x04, 0x4c, 0x00, 0x13, 0x00, 0x17, 0x00, 0x00, 0x35, 0x11, 0x21, 0x35,
    0x21, 0x35, 0x21, 0x11, 0x33, 0x11, 0x33, 0x11, 0x23, 0x11, 0x23, 0x35, 0x23, 0x15, 0x21, 0x15,
    0x05, 0x11, 0x33, 0x11, 0x01, 0x2c, 0xfe, 0xd4, 0x01, 0xf4, 0x64, 0x64, 0x64, 0xc8, 0xc8, 0x01,
    0x2c, 0x01, 0x2c, 0xc8, 0x64, 0x02, 0x58, 0xc8, 0xc8, 0xfe, 0x0c, 0x01, 0xf4, 0xfb, 0xb4, 0x01,
    0x90, 0x64, 0xc8, 0xc8, 0x64, 0x04, 0x4c, 0xfb, 0xb4, 0x00, 0x00, 0x03, 0x00, 0x00, 0x00, 0x00,
    0x03, 0xe8, 0x04, 0x4c, 0x00, 0x0f, 0x00, 0x17, 0x00, 0x1d, 0x00, 0x00, 0x11, 0x11, 0x21, 0x35,
    0x21, 0x35, 0x21, 0x15, 0x33, 0x35, 0x33, 0x11, 0x23, 0x35, 0x23, 0x15, 0x25, 0x21, 0x35, 0x33,
    0x35, 0x23, 0x15, 0x21, 0x01, 0x21, 0x35, 0x21, 0x11, 0x23, 0x01, 0x90, 0xfe, 0x70, 0x02, 0x58,
    0xc8, 0xc8, 0xc8, 0x64, 0xfe, 0x0c, 0x01, 0x90, 0xc8, 0xc8, 0xfe, 0x70, 0x02, 0x58, 0xfd, 0x44,
    0x03, 0x84, 0xc8, 0x01, 0xf4, 0x01, 0x90, 0x64, 0x64, 0x64, 0x64, 0xfd, 0xa8, 0x64, 0x64, 0xc8,
    0x64, 0x64, 0x64, 0xfd, 0xa8, 0xc8, 0xfe, 0x70, 0x00, 0x02, 0x00, 0x00, 0x00, 0x00, 0x03, 0xe8,
    0x04, 0x4c, 0x00, 0x17, 0x00, 0x1b, 0x00, 0x00, 0x35, 0x11, 0x21, 0x35, 0x21, 0x35, 0x21, 0x15,
    0x33, 0x35, 0x33, 0x11, 0x23, 0x11, 0x23, 0x35, 0x33, 0x35, 0x23, 0x15, 0x21, 0x15, 0x21, 0x15,
    0x05, 0x11, 0x33, 0x11, 0x01, 0x2c, 0xfe, 0xd4, 0x01, 0xf4, 0x64, 0x64, 0x64, 0x64, 0x64, 0x64,
    0xfe, 0xd4, 0x01, 0x2c, 0x01, 0x2c, 0xc8, 0x64, 0x02, 0x58, 0xc8, 0xc8, 0xc8, 0xc8, 0xfb, 0xb4,
    0x01, 0x2c, 0xc8, 0xc8, 0xc8, 0xc8, 0xc8, 0x64, 0x04, 0x4c, 0xfb, 0xb4, 0x00, 0x01, 0x00, 0x00,
    0x00, 0x64, 0x04, 0x4c, 0x04, 0x4c, 0x00, 0x13, 0x00, 0x00, 0x35, 0x35, 0x21, 0x35, 0x21, 0x11,
    0x21, 0x35, 0x21, 0x35, 0x21, 0x11, 0x21, 0x15, 0x21, 0x15, 0x21, 0x15, 0x21, 0x15, 0x01, 0xf4,
    0xfe, 0x70, 0x02, 0xbc, 0xfd, 0x44, 0x03, 0x84, 0xfd, 0x44, 0x02, 0xbc, 0xfe, 0xd4, 0x01, 0x90,
    0x64, 0xc8, 0x64, 0x01, 0x90, 0x64, 0xc8, 0xfe, 0x70, 0x64, 0xc8, 0x64, 0xc8, 0x00, 0x00, 0x03,
    0x00, 0x00, 0x00, 0x00, 0x04, 0x4c, 0x04, 0x4c, 0x00, 0x0d, 0x00, 0x13, 0x00, 0x19, 0x00, 0x00,
    0x11, 0x35, 0x21, 0x35, 0x21, 0x35, 0x21, 0x15, 0x21, 0x15, 0x21, 0x15, 0x21, 0x15, 0x01, 0x21,
    0x35, 0x21, 0x11, 0x23, 0x01, 0x21, 0x15, 0x21, 0x35, 0x21, 0x01, 0xf4, 0xfe, 0x70, 0x01, 0x90,
    0x01, 0xf4, 0xfe, 0xd4, 0x01, 0x90, 0xfe, 0xd4, 0xfd, 0x44, 0x03, 0x84, 0xc8, 0xfd, 0x44, 0x03,
    0x84, 0xfe, 0x0c, 0xfe, 0x70, 0x01, 0xf4, 0x64, 0x64, 0xc8, 0x64, 0x64, 0x64, 0x64, 0xfe, 0xd4,
    0xc8, 0xfe, 0x70, 0x04, 0x4c, 0xc8, 0x64, 0x00, 0x00, 0x02, 0x00, 0x00, 0x00, 0x64, 0x04, 0x4c,
    0x04, 0x4c, 0x00, 0x13, 0x00, 0x17, 0x00, 0x00, 0x35, 0x35, 0x33, 0x35, 0x23, 0x11, 0x21, 0x35,
    0x21, 0x35, 0x21, 0x11, 0x21, 0x15, 0x21, 0x15, 0x23, 0x15, 0x33, 0x15, 0x01, 0x15, 0x21, 0x35,
    0xc8, 0x64, 0x02, 0xbc, 0xfd, 0x44, 0x03, 0x84, 0xfd, 0x44, 0x02, 0xbc, 0x64, 0xc8, 0xfd, 0x44,
    0x01, 0x2c, 0x64, 0xc8, 0x64, 0x01, 0x90, 0x64, 0xc8, 0xfe, 0x70, 0x64, 0xc8, 0x64, 0xc8, 0x01,
    0x2c, 0x64, 0x64, 0x00, 0x00, 0x02, 0x00, 0x00, 0x00, 0x00, 0x04, 0x4c, 0x04, 0x4c, 0x00, 0x0b,
    0x00, 0x17, 0x00, 0x00, 0x13, 0x21, 0x11, 0x21, 0x15, 0x21, 0x15, 0x21, 0x11, 0x21, 0x35, 0x21,
    0x03, 0x35, 0x21, 0x15, 0x23, 0x11, 0x23, 0x11, 0x21, 0x11, 0x23, 0x11, 0x64, 0x03, 0x84, 0xfd,
    0x44, 0x02, 0xbc, 0xfc, 0x7c, 0x02, 0xbc, 0xfd, 0x44, 0x64, 0x04, 0x4c, 0xc8, 0xc8, 0xfe, 0xd4,
    0xc8, 0x04, 0x4c, 0xfe, 0xd4, 0x64, 0xc8, 0x01, 0x90, 0x64, 0xfd, 0x44, 0x64, 0x64, 0xfe, 0xd4,
    0x01, 0x2c, 0xfe, 0xd4, 0x01, 0x2c, 0x00, 0x05, 0x00, 0x00, 0x00, 0x00, 0x04, 0x4c, 0x04, 0x4c,
    0x00, 0x0d, 0x00, 0x11, 0x00, 0x17, 0x00, 0x1d, 0x00, 0x23, 0x00, 0x00, 0x11, 0x35, 0x21, 0x15,
    0x23, 0x15, 0x33, 0x15, 0x21, 0x35, 0x21, 0x35, 0x33, 0x35, 0x33, 0x15, 0x21, 0x35, 0x01, 0x21,
    0x15, 0x21, 0x35, 0x21, 0x11, 0x21, 0x15, 0x21, 0x15, 0x21, 0x11, 0x35, 0x21, 0x15, 0x21, 0x15,
    0x04, 0x4c, 0xc8, 0x64, 0xfe, 0x0c, 0xfe, 0x70, 0x64, 0xc8, 0x01, 0x2c, 0xfd, 0xa8, 0x03, 0x84,
    0xfe, 0x0c, 0xfe, 0x70, 0x01, 0x90, 0x01, 0xf4, 0xfc, 0x7c, 0x01, 0x90, 0x01, 0xf4, 0x01, 0xf4,
    0x64, 0x64, 0x64, 0xc8, 0x64, 0x64, 0x64, 0x64, 0x64, 0x02, 0x58, 0xc8, 0x64, 0xfc, 0xe0, 0x64,
    0x64, 0x02, 0xbc, 0xc8, 0x64, 0x64, 0x00, 0x02, 0x00, 0x00, 0x00, 0x64, 0x04, 0x4c, 0x04, 0x4c,
    0x00, 0x03, 0x00, 0x0f, 0x00, 0x00, 0x35, 0x35, 0x21, 0x15, 0x01, 0x21, 0x11, 0x21, 0x15, 0x21,
    0x15, 0x21, 0x11, 0x21, 0x35, 0x21, 0x04, 0x4c, 0xfc, 0x18, 0x03, 0x84, 0xfd, 0x44, 0x02, 0xbc,
    0xfc, 0x7c, 0x02, 0xbc, 0xfd, 0x44, 0x64, 0xc8, 0xc8, 0x03, 0xe8, 0xfe, 0x70, 0x64, 0xc8, 0x01,
    0x90, 0x64, 0x00, 0x05, 0x00, 0x00, 0x00, 0x00, 0x04, 0x4c, 0x04, 0x4c, 0x00, 0x03, 0x00, 0x09,
    0x00, 0x0f, 0x00, 0x15, 0x00, 0x1b, 0x00, 0x00, 0x11, 0x35, 0x21, 0x15, 0x01, 0x21, 0x15, 0x21,
    0x35, 0x21, 0x11, 0x21, 0x15, 0x21, 0x15, 0x21, 0x11, 0x35, 0x21, 0x15, 0x21, 0x35, 0x01, 0x35,
    0x21, 0x15, 0x21, 0x15, 0x04, 0x4c, 0xfc, 0x18, 0x03, 0x84, 0xfe, 0x0c, 0xfe, 0x70, 0x01, 0x90,
    0x01, 0xf4, 0xfc, 0x7c, 0x03, 0x84, 0xfe, 0x0c, 0xfe, 0x70, 0x01, 0x90, 0x01, 0xf4, 0x01, 0xf4,
    0x64, 0x64, 0x02, 0x58, 0xc8, 0x64, 0xfc, 0xe0, 0x64, 0x64, 0x01, 0x2c, 0x64, 0xc8, 0x64, 0x01,
    0x90, 0xc8, 0x64, 0x64, 0x00, 0x05, 0x00, 0x00, 0x00, 0x00, 0x04, 0x4c, 0x04, 0x4c, 0x00, 0x07,
    0x00, 0x0b, 0x00, 0x11, 0x00, 0x15, 0x00, 0x1b, 0x00, 0x00, 0x11, 0x35, 0x21, 0x15, 0x23, 0x11,
    0x21, 0x11, 0x01, 0x35, 0x21, 0x15, 0x03, 0x21, 0x15, 0x21, 0x35, 0x21, 0x01, 0x35, 0x21, 0x15,
    0x03, 0x35, 0x21, 0x15, 0x21, 0x15, 0x04, 0x4c, 0x64, 0xfc, 0x7c, 0x02, 0xbc, 0xfe, 0x0c, 0xc8,
    0x03, 0x84, 0xfe, 0x0c, 0xfe, 0x70, 0x02, 0xbc, 0xfe, 0x0c, 0xc8, 0x01, 0x90, 0x01, 0xf4, 0x01,
    0xf4, 0x64, 0x64, 0xfe, 0x0c, 0x01, 0xf4, 0xfe, 0xd4, 0x64, 0x64, 0x03, 0x84, 0xc8, 0x64, 0xfd,
    0xa8, 0x64, 0x64, 0x01, 0x2c, 0xc8, 0x64, 0x64, 0x00, 0x02, 0x00, 0x00, 0x00, 0x00, 0x03, 0xe8,
    0x04, 0x4c, 0x00, 0x0b, 0x00, 0x0f, 0x00, 0x00, 0x35, 0x11, 0x21, 0x35, 0x21, 0x35, 0x21, 0x11,
    0x21, 0x15, 0x21, 0x15, 0x17, 0x11, 0x33, 0x11, 0x01, 0x90, 0xfe, 0x70, 0x02, 0x58, 0xfe, 0x70,
    0x01, 0xf4, 0x64, 0xc8, 0x64, 0x02, 0x58, 0xc8, 0xc8, 0xfd, 0xa8, 0xc8, 0xc8, 0x64, 0x04, 0x4c,
    0xfb, 0xb4, 0x00, 0x03, 0x00, 0x00, 0x00, 0x00, 0x03, 0xe8, 0x04, 0x4c, 0x00, 0x05, 0x00, 0x11,
    0x00, 0x15, 0x00, 0x00, 0x25, 0x21, 0x35, 0x21, 0x11, 0x23, 0x01, 0x11, 0x21, 0x35, 0x21, 0x35,
    0x21, 0x11, 0x21, 0x15, 0x21, 0x15, 0x33, 0x11, 0x33, 0x11, 0x03, 0x20, 0xfd, 0x44, 0x03, 0x84,
    0xc8, 0xfc, 0xe0, 0x01, 0x90, 0xfe, 0x70, 0x02, 0x58, 0xfe, 0x70, 0x01, 0xf4, 0x64, 0xc8, 0xc8,
    0xc8, 0xfe, 0x70, 0x01, 0xf4, 0x01, 0x90, 0x64, 0x64, 0xfe, 0xd4, 0x64, 0xc8, 0x02, 0x58, 0xfd,
    0xa8, 0x00, 0x00, 0x03, 0x00, 0x00, 0x00, 0x00, 0x03, 0xe8, 0x04, 0x4c, 0x00, 0x0b, 0x00, 0x0f,
    0x00, 0x15, 0x00, 0x00, 0x11, 0x11, 0x21, 0x35, 0x21, 0x35, 0x21, 0x11, 0x21, 0x15, 0x21, 0x15,
    0x17, 0x11, 0x33, 0x11, 0x01, 0x11, 0x33, 0x15, 0x21, 0x15, 0x01, 0x90, 0xfe, 0x70, 0x02, 0x58,
    0xfe, 0x70, 0x01, 0xf4, 0x64, 0xc8, 0xfc, 0x7c, 0xc8, 0x02, 0xbc, 0x01, 0xf4, 0x01, 0x90, 0x64,
    0x64, 0xfe, 0xd4, 0x64, 0xc8, 0x64, 0x02, 0xbc, 0xfd, 0x44, 0xfe, 0x70, 0x01, 0x90, 0xc8, 0xc8,
    0x00, 0x03, 0x00, 0x00, 0x00, 0x00, 0x04, 0x4c, 0x04, 0x4c, 0x00, 0x03, 0x00, 0x0b, 0x00, 0x0f,
    0x00, 0x00, 0x35, 0x11, 0x21, 0x11, 0x17, 0x11, 0x33, 0x11, 0x33, 0x15, 0x23, 0x11, 0x01, 0x33,
    0x11, 0x23, 0x02, 0x58, 0xc8, 0xc8, 0x64, 0x64, 0xfc, 0xe0, 0xc8, 0xc8, 0x64, 0x03, 0xe8, 0xfc,
    0x18, 0x64, 0x04, 0x4c, 0xfe, 0x70, 0xc8, 0xfe, 0x0c, 0x01, 0x2c, 0x02, 0x58, 0x00, 0x00, 0x04,
    0x00, 0x00, 0x00, 0x00, 0x04, 0x4c, 0x04, 0x4c, 0x00, 0x05, 0x00, 0x09, 0x00, 0x11, 0x00, 0x15,
    0x00, 0x00, 0x25, 0x21, 0x35, 0x21, 0x11, 0x23, 0x01, 0x11, 0x21, 0x11, 0x33, 0x11, 0x33, 0x15,
    0x33, 0x15, 0x23, 0x15, 0x25, 0x33, 0x35, 0x23, 0x03, 0x20, 0xfd, 0x44, 0x03, 0x84, 0xc8, 0xfc,
    0xe0, 0x02, 0x58, 0xc8, 0xc8, 0x64, 0x64, 0xfc, 0xe0, 0xc8, 0xc8, 0xc8, 0xc8, 0xfe, 0x70, 0x01,
    0xf4, 0x02, 0x58, 0xfd, 0xa8, 0x02, 0x58, 0xc8, 0xc8, 0xc8, 0xc8, 0xc8, 0x00, 0x04, 0x00, 0x00,
    0x00, 0x00, 0x04, 0x4c, 0x04, 0x4c, 0x00, 0x03, 0x00, 0x0b, 0x00, 0x11, 0x00, 0x15, 0x00, 0x00,
    0x11, 0x11, 0x21, 0x11, 0x17, 0x11, 0x33, 0x15, 0x33, 0x15, 0x23, 0x11, 0x01, 0x11, 0x33, 0x15,
    0x21, 0x15, 0x01, 0x33, 0x35, 0x23, 0x02, 0x58, 0xc8, 0xc8, 0x64, 0x64, 0xfc, 0x7c, 0xc8, 0x02,
    0xbc, 0xfc, 0xe0, 0xc8, 0xc8, 0x01, 0xf4, 0x02, 0x58, 0xfd, 0xa8, 0x64, 0x02, 0xbc, 0xc8, 0xc8,
    0xfe, 0xd4, 0xfe, 0x70, 0x01, 0x90, 0xc8, 0xc8, 0x02, 0xbc, 0xc8, 0x00, 0x00, 0x02, 0x00, 0x00,
    0x00, 0x00, 0x03, 0xe8, 0x04, 0x4c, 0x00, 0x0b, 0x00, 0x0f, 0x00, 0x00, 0x35, 0x11, 0x21, 0x11,
    0x33, 0x11, 0x33, 0x11, 0x23, 0x11, 0x23, 0x11, 0x25, 0x33, 0x11, 0x23, 0x02, 0x58, 0xc8, 0xc8,
    0xc8, 0xc8, 0xfe, 0x70, 0xc8, 0xc8, 0x64, 0x03, 0xe8, 0xfe, 0x70, 0x01, 0x90, 0xfb, 0xb4, 0x01,
    0xf4, 0xfe, 0x70, 0xc8, 0x02, 0x58, 0x00, 0x03, 0x00, 0x00, 0x00, 0x00, 0x03, 0xe8, 0x04, 0x4c,
    0x00, 0x0b, 0x00, 0x11, 0x00, 0x15, 0x00, 0x00, 0x11, 0x11, 0x21, 0x15, 0x33, 0x35, 0x33, 0x11,
    0x23, 0x11, 0x23, 0x15, 0x01, 0x11, 0x33, 0x15, 0x21, 0x15, 0x01, 0x33, 0x35, 0x23, 0x02, 0x58,
    0xc8, 0xc8, 0xc8, 0xc8, 0xfe, 0x0c, 0xc8, 0x02, 0xbc, 0xfc, 0xe0, 0xc8, 0xc8, 0x01, 0xf4, 0x02,
    0x58, 0xc8, 0xc8, 0xfd, 0x44, 0x01, 0x2c, 0xc8, 0xfe, 0x0c, 0x01, 0x90, 0xc8, 0xc8, 0x02, 0xbc,
    0xc8, 0x00, 0x00, 0x04, 0x00, 0x00, 0x00, 0x00, 0x03, 0xe8, 0x04, 0x4c, 0x00, 0x0b, 0x00, 0x0f,
    0x00, 0x15, 0x00, 0x1b, 0x00, 0x00, 0x11, 0x11, 0x21, 0x15, 0x33, 0x35, 0x33, 0x11, 0x23, 0x35,
    0x23, 0x15, 0x01, 0x15, 0x33, 0x35, 0x01, 0x11, 0x21, 0x15, 0x21, 0x15, 0x01, 0x35, 0x21, 0x15,
    0x21, 0x35, 0x02, 0x58, 0xc8, 0xc8, 0xc8, 0xc8, 0xfe, 0x70, 0xc8, 0xfe, 0xd4, 0x01, 0x90, 0x01,
    0xf4, 0xfc, 0x7c, 0x03, 0x84, 0xfe, 0x0c, 0x02, 0x58, 0x01, 0xf4, 0x64, 0x64, 0xfe, 0x0c, 0xc8,
    0xc8, 0x01, 0x2c, 0x64, 0x64, 0xfc, 0x7c, 0x01, 0x2c, 0x64, 0xc8, 0x01, 0x90, 0x64, 0xc8, 0x64,
    0x00, 0x04, 0x00, 0x00, 0x00, 0x00, 0x03, 0xe8, 0x04, 0x4c, 0x00, 0x0b, 0x00, 0x0f, 0x00, 0x13,
    0x00, 0x19, 0x00, 0x00, 0x11, 0x11, 0x21, 0x15, 0x33, 0x35, 0x33, 0x11, 0x23, 0x35, 0x23, 0x15,
    0x25, 0x33, 0x35, 0x23, 0x21, 0x15, 0x33, 0x35, 0x01, 0x11, 0x33, 0x15, 0x21, 0x15, 0x02, 0x58,
    0xc8, 0xc8, 0xc8, 0xc8, 0xfe, 0x70, 0xc8, 0xc8, 0x01, 0x90, 0xc8, 0xfd, 0x44, 0xc8, 0x02, 0xbc,
    0x01, 0xf4, 0x02, 0x58, 0x64, 0x64, 0xfd, 0x44, 0xc8, 0x64, 0xc8, 0xc8, 0x64, 0x64, 0xfc, 0x7c,
    0x01, 0x90, 0xc8, 0xc8, 0x00, 0x05, 0x00, 0x00, 0x00, 0x00, 0x03, 0xe8, 0x04, 0x4c, 0x00, 0x0b,
    0x00, 0x17, 0x00, 0x1b, 0x00, 0x1f, 0x00, 0x23, 0x00, 0x00, 0x11, 0x11, 0x21, 0x15, 0x33, 0x35,
    0x33, 0x11, 0x23, 0x35, 0x23, 0x15, 0x01, 0x15, 0x21, 0x35, 0x23, 0x35, 0x33, 0x35, 0x21, 0x15,
    0x33, 0x15, 0x01, 0x33, 0x35, 0x23, 0x21, 0x15, 0x33, 0x35, 0x11, 0x35, 0x21, 0x15, 0x02, 0x58,
    0xc8, 0xc8, 0xc8, 0xc8, 0x01, 0x2c, 0xfd, 0x44, 0x64, 0x64, 0x02, 0xbc, 0x64, 0xfc, 0xe0, 0xc8,
    0xc8, 0x01, 0x90, 0xc8, 0xfe, 0x0c, 0x01, 0xf4, 0x02, 0x58, 0x64, 0x64, 0xfd, 0xa8, 0x64, 0x64,
    0xfe, 0x70, 0x64, 0x64, 0xc8, 0x64, 0x64, 0xc8, 0x02, 0x58, 0xc8, 0x64, 0x64, 0xfd, 0x44, 0x64,
    0x64, 0x00, 0x00, 0x02, 0x00, 0x00, 0x00, 0x64, 0x04, 0x4c, 0x04, 0x4c, 0x00, 0x0b, 0x00, 0x0f,
    0x00, 0x00, 0x35, 0x35, 0x21, 0x35, 0x21, 0x11, 0x21, 0x11, 0x21, 0x15, 0x21, 0x15, 0x01, 0x35,
    0x21, 0x15, 0x01, 0xf4, 0xfe, 0x70, 0x03, 0x84, 0xfe, 0xd4, 0x01, 0x90, 0xfe, 0xd4, 0xfe, 0x0c,
    0x64, 0xc8, 0xc8, 0x02, 0x58, 0xfd, 0xa8, 0xc8, 0xc8, 0x02, 0x58, 0xc8, 0xc8, 0x00, 0x00, 0x04,
    0x00, 0x00, 0x00, 0x00, 0x04, 0x4c, 0x04, 0x4c, 0x00, 0x03, 0x00, 0x0f, 0x00, 0x13, 0x00, 0x17,
    0x00, 0x00, 0x25, 0x35, 0x21, 0x15, 0x03, 0x21, 0x11, 0x21, 0x15, 0x21, 0x15, 0x21, 0x35, 0x21,
    0x35, 0x21, 0x25, 0x35, 0x21, 0x15, 0x03, 0x11, 0x21, 0x11, 0x03, 0x20, 0xfe, 0x0c, 0xc8, 0x03,
    0x84, 0xfe, 0xd4, 0x01, 0x90, 0xfb, 0xb4, 0x01, 0xf4, 0xfe, 0x70, 0x02, 0xbc, 0xfe, 0x0c, 0xc8,
    0x03, 0x84, 0xc8, 0x64, 0x64, 0x03, 0x84, 0xfe, 0x70, 0x64, 0x64, 0x64, 0x64, 0xc8, 0x64, 0x64,
    0xfc, 0x7c, 0x01, 0x90, 0xfe, 0x70, 0x00, 0x03, 0x00, 0x00, 0x00, 0x00, 0x04, 0x4c, 0x04, 0x4c,
    0x00, 0x03, 0x00, 0x0b, 0x00, 0x0f, 0x00, 0x00, 0x13, 0x21, 0x11, 0x21, 0x07, 0x21, 0x15, 0x21,
    0x11, 0x23, 0x11, 0x21, 0x01, 0x35, 0x21, 0x15, 0x64, 0x03, 0x84, 0xfc, 0x7c, 0x64, 0x04, 0x4c,
    0xfe, 0x70, 0xc8, 0xfe, 0x0c, 0x03, 0x20, 0xfe, 0x0c, 0x04, 0x4c, 0xfe, 0x0c, 0x64, 0xc8, 0xfe,
    0xd4, 0x01, 0x2c, 0x01, 0xf4, 0x64, 0x64, 0x00, 0x00, 0x03, 0x00, 0x00, 0x00, 0x00, 0x03, 0xe8,
    0x04, 0x4c, 0x00, 0x03, 0x00, 0x07, 0x00, 0x0b, 0x00, 0x00, 0x35, 0x11, 0x21, 0x11, 0x17, 0x11,
    0x33, 0x11, 0x01, 0x11, 0x23, 0x11, 0x02, 0x58, 0xc8, 0xc8, 0xfd, 0xa8, 0xc8, 0x64, 0x03, 0xe8,
    0xfc, 0x18, 0x64, 0x04, 0x4c, 0xfb, 0xb4, 0x01, 0x2c, 0x02, 0x58, 0xfd, 0xa8, 0x00, 0x00, 0x03,
    0x00, 0x00, 0x00, 0x00, 0x04, 0x4c, 0x04, 0x4c, 0x00, 0x07, 0x00, 0x0f, 0x00, 0x13, 0x00, 0x00,
    0x35, 0x11, 0x33, 0x11, 0x33, 0x11, 0x33, 0x11, 0x17, 0x11, 0x33, 0x11, 0x33, 0x15, 0x23, 0x11,
    0x01, 0x33, 0x11, 0x23, 0xc8, 0xc8, 0xc8, 0xc8, 0xc8, 0x64, 0x64, 0xfc, 0xe0, 0xc8, 0xc8, 0x64,
    0x03, 0xe8, 0xfe, 0xd4, 0x01, 0x2c, 0xfc, 0x18, 0x64, 0x04, 0x4c, 0xfe, 0x70, 0xc8, 0xfe, 0x0c,
    0x01, 0x2c, 0x01, 0x2c, 0x00, 0x04, 0x00, 0x00, 0x00, 0x00, 0x04, 0x4c, 0x04, 0x4c, 0x00, 0x07,
    0x00, 0x0b, 0x00, 0x13, 0x00, 0x1d, 0x00, 0x00, 0x11, 0x11, 0x33, 0x15, 0x33, 0x35, 0x33, 0x11,
    0x25, 0x33, 0x35, 0x23, 0x05, 0x23, 0x15, 0x23, 0x11, 0x33, 0x15, 0x33, 0x01, 0x21, 0x35, 0x21,
    0x11, 0x23, 0x35, 0x23, 0x15, 0x23, 0xc8, 0xc8, 0xc8, 0xfe, 0x70, 0xc8, 0xc8, 0x03, 0x84, 0x64,
    0xc8, 0xc8, 0x64, 0xfd, 0x44, 0xfe, 0xd4, 0x03, 0x84, 0xc8, 0xc8, 0xc8, 0x01, 0xf4, 0x02, 0x58,
    0x64, 0x64, 0xfd, 0xa8, 0xc8, 0xc8, 0xc8, 0xc8, 0x02, 0x58, 0xc8, 0xfd, 0x44, 0xc8, 0xfe, 0x70,
    0xc8, 0xc8, 0x00, 0x04, 0x00, 0x00, 0x00, 0x00, 0x04, 0x4c, 0x04, 0x4c, 0x00, 0x07, 0x00, 0x0b,
    0x00, 0x13, 0x00, 0x19, 0x00, 0x00, 0x11, 0x11, 0x33, 0x15, 0x33, 0x35, 0x33, 0x11, 0x25, 0x33,
    0x35, 0x23, 0x05, 0x23, 0x11, 0x23, 0x11, 0x33, 0x15, 0x33, 0x01, 0x11, 0x33, 0x15, 0x21, 0x15,
    0xc8, 0xc8, 0xc8, 0xfe, 0x70, 0xc8, 0xc8, 0x03, 0x84, 0x64, 0xc8, 0xc8, 0x64, 0xfc, 0x18, 0xc8,
    0x02, 0xbc, 0x01, 0xf4, 0x02, 0x58, 0x64, 0x64, 0xfd, 0xa8, 0xc8, 0xc8, 0xc8, 0xfe, 0xd4, 0x02,
    0xbc, 0xc8, 0xfc, 0x7c, 0x01, 0x90, 0xc8, 0xc8, 0x00, 0x05, 0x00, 0x00, 0x00, 0x00, 0x04, 0x4c,
    0x04, 0x4c, 0x00, 0x07, 0x00, 0x0b, 0x00, 0x13, 0x00, 0x19, 0x00, 0x1f, 0x00, 0x00, 0x11, 0x11,
    0x33, 0x15, 0x33, 0x35, 0x33, 0x11, 0x01, 0x15, 0x33, 0x35, 0x05, 0x23, 0x15, 0x23, 0x11, 0x33,
    0x15, 0x33, 0x01, 0x11, 0x21, 0x15, 0x21, 0x15, 0x01, 0x35, 0x21, 0x15, 0x21, 0x35, 0xc8, 0xc8,
    0xc8, 0xfe, 0x70, 0xc8, 0x02, 0xbc, 0x64, 0xc8, 0xc8, 0x64, 0xfc, 0x18, 0x01, 0x90, 0x01, 0xf4,
    0xfc, 0x7c, 0x03, 0x84, 0xfe, 0x0c, 0x02, 0x58, 0x01, 0xf4, 0x64, 0x64, 0xfe, 0x0c, 0x01, 0x2c,
    0x64, 0x64, 0x64, 0xc8, 0x01, 0xf4, 0x64, 0xfc, 0x18, 0x01, 0x2c, 0x64, 0xc8, 0x01, 0x90, 0x64,
    0xc8, 0x64, 0x00, 0x05, 0x00, 0x00, 0x00, 0x00, 0x04, 0x4c, 0x04, 0x4c, 0x00, 0x07, 0x00, 0x13,
    0x00, 0x17, 0x00, 0x1f, 0x00, 0x23, 0x00, 0x00, 0x11, 0x11, 0x33, 0x15, 0x33, 0x35, 0x33, 0x11,
    0x01, 0x15, 0x21, 0x35, 0x23, 0x35, 0x33, 0x35, 0x21, 0x15, 0x33, 0x15, 0x01, 0x33, 0x35, 0x23,
    0x05, 0x23, 0x15, 0x23, 0x11, 0x33, 0x15, 0x33, 0x01, 0x35, 0x21, 0x15, 0xc8, 0xc8, 0xc8, 0x01,
    0x2c, 0xfd, 0x44, 0x64, 0x64, 0x02, 0xbc, 0x64, 0xfc, 0xe0, 0xc8, 0xc8, 0x03, 0x84, 0x64, 0xc8,
    0xc8, 0x64, 0xfe, 0xd4, 0xfe, 0x0c, 0x01, 0xf4, 0x02, 0x58, 0x64, 0x64, 0xfd, 0xa8, 0xfe, 0x70,
    0x64, 0x64, 0xc8, 0x64, 0x64, 0xc8, 0x02, 0x58, 0xc8, 0xc8, 0xc8, 0x02, 0x58, 0xc8, 0xfd, 0x44,
    0x64, 0x64, 0x00, 0x03, 0x00, 0x00, 0x00, 0x00, 0x03, 0xe8, 0x04, 0x4c, 0x00, 0x07, 0x00, 0x13,
    0x00, 0x17, 0x00, 0x00, 0x35, 0x11, 0x33, 0x11, 0x33, 0x11, 0x33, 0x11, 0x05, 0x11, 0x23, 0x11,
    0x23, 0x11, 0x33, 0x11, 0x33, 0x11, 0x33, 0x11, 0x01, 0x33, 0x11, 0x23, 0xc8, 0x64, 0xc8, 0x01,
    0x2c, 0x64, 0x64, 0x64, 0x64, 0xc8, 0xfc, 0xe0, 0x64, 0x64, 0x64, 0x03, 0xe8, 0xfe, 0xd4, 0x01,
    0x2c, 0xfc, 0x18, 0x64, 0x01, 0xf4, 0xfe, 0x0c, 0x04, 0x4c, 0xfe, 0x70, 0x01, 0x90, 0xfb, 0xb4,
    0x01, 0x2c, 0x01, 0x2c, 0x00, 0x03, 0x00, 0x00, 0x00, 0x00, 0x03, 0xe8, 0x04, 0x4c, 0x00, 0x0f,
    0x00, 0x13, 0x00, 0x19, 0x00, 0x00, 0x11, 0x11, 0x33, 0x15, 0x33, 0x35, 0x33, 0x15, 0x33, 0x35,
    0x33, 0x11, 0x23, 0x11, 0x23, 0x15, 0x25, 0x33, 0x35, 0x23, 0x03, 0x11, 0x33, 0x15, 0x21, 0x15,
    0xc8, 0xc8, 0xc8, 0xc8, 0xc8, 0xc8, 0xc8, 0xfe, 0x70, 0xc8, 0xc8, 0x64, 0xc8, 0x02, 0xbc, 0x01,
    0xf4, 0x02, 0x58, 0x64, 0x64, 0xc8, 0xc8, 0xfd, 0x44, 0x01, 0x2c, 0xc8, 0xc8, 0xc8, 0xfc, 0x7c,
    0x01, 0x90, 0xc8, 0xc8, 0x00, 0x04, 0x00, 0x00, 0x00, 0x00, 0x03, 0xe8, 0x04, 0x4c, 0x00, 0x0d,
    0x00, 0x11, 0x00, 0x17, 0x00, 0x1b, 0x00, 0x00, 0x11, 0x11, 0x33, 0x15, 0x33, 0x35, 0x33, 0x15,
    0x33, 0x35, 0x33, 0x11, 0x21, 0x11, 0x37, 0x33, 0x35, 0x23, 0x01, 0x21, 0x15, 0x21, 0x11, 0x23,
    0x13, 0x35, 0x21, 0x15, 0xc8, 0xc8, 0xc8, 0xc8, 0xc8, 0xfc, 0x7c, 0x64, 0xc8, 0xc8, 0x01, 0x90,
    0xfe, 0xd4, 0x01, 0xf4, 0xc8, 0xc8, 0xfe, 0x0c, 0x01, 0xf4, 0x02, 0x58, 0x64, 0x64, 0xc8, 0xc8,
    0xfb, 0xb4, 0x01, 0xf4, 0xc8, 0xc8, 0xfe, 0x70, 0x64, 0x01, 0x2c, 0xfe, 0x0c, 0x64, 0x64, 0x00,
    0x00, 0x04, 0x00, 0x00, 0x00, 0x00, 0x03, 0xe8, 0x04, 0x4c, 0x00, 0x0f, 0x00, 0x13, 0x00, 0x17,
    0x00, 0x1d, 0x00, 0x00, 0x11, 0x11, 0x33, 0x15, 0x33, 0x35, 0x33, 0x15, 0x33, 0x35, 0x33, 0x11,
    0x23, 0x35, 0x23, 0x15, 0x25, 0x33, 0x35, 0x23, 0x21, 0x15, 0x33, 0x35, 0x11, 0x21, 0x35, 0x21,
    0x11, 0x23, 0xc8, 0xc8, 0xc8, 0xc8, 0xc8, 0xc8, 0xc8, 0xfe, 0x70, 0xc8, 0xc8, 0x01, 0x90, 0xc8,
    0xfd, 0x44, 0x03, 0x84, 0xc8, 0x01, 0xf4, 0x02, 0x58, 0x64, 0x64, 0x64, 0x64, 0xfd, 0xa8, 0x64,
    0x64, 0xc8, 0xc8, 0x64, 0x64, 0xfd, 0x44, 0xc8, 0xfe, 0x70, 0x00, 0x04, 0x00, 0x00, 0x00, 0x00,
    0x03, 0xe8, 0x04, 0x4c, 0x00, 0x0f, 0x00, 0x13, 0x00, 0x17, 0x00, 0x1d, 0x00, 0x00, 0x11, 0x11,
    0x33, 0x15, 0x33, 0x35, 0x33, 0x15, 0x33, 0x35, 0x33, 0x11, 0x23, 0x35, 0x23, 0x15, 0x25, 0x33,
    0x35, 0x23, 0x21, 0x15, 0x33, 0x35, 0x01, 0x11, 0x33, 0x15, 0x21, 0x15, 0xc8, 0xc8, 0xc8, 0xc8,
    0xc8, 0xc8, 0xc8, 0xfe, 0x70, 0xc8, 0xc8, 0x01, 0x90, 0xc8, 0xfd, 0x44, 0xc8, 0x02, 0xbc, 0x01,
    0xf4, 0x02, 0x58, 0x64, 0x64, 0x64, 0x64, 0xfd, 0x44, 0xc8, 0x64, 0xc8, 0xc8, 0x64, 0x64, 0xfc,
    0x7c, 0x01, 0x90, 0xc8, 0xc8, 0x00, 0x00, 0x05, 0x00, 0x00, 0x00, 0x00, 0x03, 0xe8, 0x04, 0x4c,
    0x00, 0x0f, 0x00, 0x13, 0x00, 0x17, 0x00, 0x1d, 0x00, 0x23, 0x00, 0x00, 0x11, 0x11, 0x33, 0x15,
    0x33, 0x35, 0x33, 0x15, 0x33, 0x35, 0x33, 0x11, 0x23, 0x35, 0x23, 0x15, 0x01, 0x15, 0x33, 0x35,
    0x33, 0x15, 0x33, 0x35, 0x01, 0x11, 0x21, 0x15, 0x21, 0x15, 0x01, 0x35, 0x21, 0x15, 0x21, 0x35,
    0xc8, 0xc8, 0xc8, 0xc8, 0xc8, 0xc8, 0xc8, 0xfe, 0x70, 0xc8, 0xc8, 0xc8, 0xfd, 0x44, 0x01, 0x90,
    0x01, 0xf4, 0xfc, 0x7c, 0x03, 0x84, 0xfe, 0x0c, 0x02, 0x58, 0x01, 0xf4, 0x64, 0x64, 0x64, 0x64,
    0xfe, 0x0c, 0x64, 0x64, 0x01, 0x2c, 0x64, 0x64, 0x64, 0x64, 0xfc, 0x7c, 0x01, 0x2c, 0x64, 0xc8,
    0x01, 0x90, 0x64, 0xc8, 0x64, 0x00, 0x00, 0x02, 0x00, 0x00, 0x00, 0x64, 0x04, 0x4c, 0x04, 0x4c,
    0x00, 0x0f, 0x00, 0x13, 0x00, 0x00, 0x35, 0x35, 0x21, 0x35, 0x21, 0x11, 0x33, 0x15, 0x21, 0x35,
    0x33, 0x11, 0x21, 0x15, 0x21, 0x15, 0x01, 0x35, 0x21, 0x15, 0x01, 0xf4, 0xfe, 0x70, 0xc8, 0x01,
    0xf4, 0xc8, 0xfe, 0xd4, 0x01, 0x90, 0xfe, 0xd4, 0xfe, 0x0c, 0x64, 0xc8, 0xc8, 0x02, 0x58, 0x64,
    0x64, 0xfd, 0xa8, 0xc8, 0xc8, 0x02, 0x58, 0x64, 0x64, 0x00, 0x00, 0x03, 0x00, 0x00, 0x00, 0x00,
    0x04, 0x4c, 0x04, 0x4c, 0x00, 0x0f, 0x00, 0x15, 0x00, 0x19, 0x00, 0x00, 0x11, 0x35, 0x21, 0x35,
    0x21, 0x11, 0x33, 0x15, 0x21, 0x35, 0x33, 0x11, 0x21, 0x15, 0x21, 0x15, 0x01, 0x21, 0x35, 0x21,
    0x11, 0x23, 0x11, 0x35, 0x21, 0x15, 0x01, 0xf4, 0xfe, 0x70, 0xc8, 0x01, 0xf4, 0xc8, 0xfe, 0xd4,
    0x01, 0x90, 0xfe, 0xd4, 0xfd, 0x44, 0x03, 0x84, 0xc8, 0xfe, 0x0c, 0x01, 0xf4, 0x64, 0x64, 0x01,
    0x90, 0x64, 0x64, 0xfe, 0x70, 0x64, 0x64, 0xfe, 0xd4, 0xc8, 0xfe, 0x70, 0x03, 0x20, 0x64, 0x64,
    0x00, 0x03, 0x00, 0x00, 0x00, 0x00, 0x04, 0x4c, 0x04, 0x4c, 0x00, 0x07, 0x00, 0x0f, 0x00, 0x13,
    0x00, 0x00, 0x13, 0x33, 0x15, 0x21, 0x35, 0x33, 0x11, 0x21, 0x07, 0x21, 0x15, 0x21, 0x11, 0x23,
    0x11, 0x21, 0x01, 0x35, 0x21, 0x15, 0x64, 0xc8, 0x01, 0xf4, 0xc8, 0xfc, 0x7c, 0x64, 0x04, 0x4c,
    0xfe, 0x70, 0xc8, 0xfe, 0x0c, 0x03, 0x20, 0xfe, 0x0c, 0x04, 0x4c, 0x64, 0x64, 0xfe, 0x0c, 0x64,
    0xc8, 0xfe, 0xd4, 0x01, 0x2c, 0x01, 0xf4, 0x64, 0x64, 0x00, 0x00, 0x03, 0x00, 0x00, 0x00, 0x00,
    0x04, 0x4c, 0x04, 0x4c, 0x00, 0x15, 0x00, 0x19, 0x00, 0x1f, 0x00, 0x00, 0x11, 0x35, 0x33, 0x11,
    0x33, 0x15, 0x21, 0x35, 0x33, 0x11, 0x33, 0x15, 0x21, 0x15, 0x21, 0x15, 0x21, 0x35, 0x21, 0x35,
    0x21, 0x35, 0x25, 0x35, 0x21, 0x15, 0x03, 0x11, 0x21, 0x15, 0x21, 0x15, 0x64, 0xc8, 0x01, 0xf4,
    0xc8, 0x64, 0xfe, 0x70, 0x01, 0x2c, 0xfe, 0x0c, 0xfe, 0x70, 0x01, 0x90, 0x01, 0x2c, 0xfe, 0x0c,
    0xc8, 0x01, 0x90, 0x01, 0xf4, 0x02, 0x58, 0x64, 0x01, 0x90, 0x64, 0x64, 0xfe, 0x70, 0x64, 0x64,
    0xc8, 0x64, 0x64, 0x64, 0xc8, 0x64, 0x64, 0xfc, 0xe0, 0x01, 0x2c, 0x64, 0xc8, 0x00, 0x00, 0x03,
    0x00, 0x00, 0x00, 0x64, 0x04, 0x4c, 0x04, 0x4c, 0x00, 0x03, 0x00, 0x0b, 0x00, 0x0f, 0x00, 0x00,
    0x35, 0x35, 0x21, 0x15, 0x01, 0x33, 0x15, 0x21, 0x35, 0x33, 0x11, 0x21, 0x25, 0x35, 0x21, 0x15,
    0x04, 0x4c, 0xfc, 0x18, 0xc8, 0x01, 0xf4, 0xc8, 0xfc, 0x7c, 0x02, 0xbc, 0xfe, 0x0c, 0x64, 0xc8,
    0xc8, 0x03, 0xe8, 0x64, 0x64, 0xfd, 0xa8, 0xc8, 0x64, 0x64, 0x00, 0x03, 0x00, 0x00, 0x00, 0x00,
    0x03, 0xe8, 0x04, 0x4c, 0x00, 0x07, 0x00, 0x0b, 0x00, 0x0f, 0x00, 0x00, 0x35, 0x11, 0x33, 0x11,
    0x33, 0x11, 0x33, 0x11, 0x17, 0x11, 0x33, 0x11, 0x01, 0x33, 0x11, 0x23, 0xc8, 0xc8, 0xc8, 0xc8,
    0xc8, 0xfc, 0xe0, 0xc8, 0xc8, 0x64, 0x03, 0xe8, 0xfe, 0xd4, 0x01, 0x2c, 0xfc, 0x18, 0x64, 0x04,
    0x4c, 0xfb, 0xb4, 0x01, 0x2c, 0x01, 0x2c, 0x00, 0x00, 0x04, 0x00, 0x00, 0x00, 0x00, 0x03, 0xe8,
    0x04, 0x4c, 0x00, 0x07, 0x00, 0x0b, 0x00, 0x11, 0x00, 0x15, 0x00, 0x00, 0x11, 0x11, 0x33, 0x15,
    0x33, 0x35, 0x33, 0x11, 0x17, 0x11, 0x33, 0x11, 0x01, 0x11, 0x33, 0x15, 0x21, 0x15, 0x01, 0x33,
    0x35, 0x23, 0xc8, 0xc8, 0xc8, 0xc8, 0xc8, 0xfc, 0x7c, 0xc8, 0x02, 0xbc, 0xfc, 0xe0, 0xc8, 0xc8,
    0x01, 0xf4, 0x02, 0x58, 0x64, 0x64, 0xfd, 0xa8, 0x64, 0x02, 0xbc, 0xfd, 0x44, 0xfe, 0x70, 0x01,
    0x90, 0xc8, 0xc8, 0x02, 0xbc, 0xc8, 0x00, 0x05, 0x00, 0x00, 0x00, 0x00, 0x04, 0x4c, 0x04, 0x4c,
    0x00, 0x17, 0x00, 0x1b, 0x00, 0x1f, 0x00, 0x23, 0x00, 0x27, 0x00, 0x00, 0x11, 0x35, 0x21, 0x35,
    0x21, 0x11, 0x33, 0x15, 0x33, 0x35, 0x33, 0x15, 0x33, 0x35, 0x33, 0x11, 0x21, 0x15, 0x21, 0x15,
    0x23, 0x11, 0x21, 0x11, 0x01, 0x15, 0x33, 0x35, 0x11, 0x35, 0x21, 0x15, 0x25, 0x35, 0x21, 0x15,
    0x11, 0x15, 0x33, 0x35, 0x01, 0xf4, 0xfe, 0x70, 0xc8, 0xc8, 0x64, 0xc8, 0xc8, 0xfe, 0xd4, 0x01,
    0x90, 0x64, 0xfc, 0x7c, 0x01, 0xf4, 0xc8, 0xfe, 0x0c, 0x01, 0xf4, 0xfe, 0x0c, 0xc8, 0x01, 0xf4,
    0x64, 0x64, 0x01, 0x90, 0x64, 0x64, 0x64, 0x64, 0xfe, 0x70, 0x64, 0x64, 0xfe, 0x0c, 0x01, 0xf4,
    0x01, 0x90, 0x64, 0x64, 0xfd, 0x44, 0x64, 0x64, 0xc8, 0x64, 0x64, 0x01, 0xf4, 0x64, 0x64, 0x00,
    0x00, 0x02, 0x00, 0x00, 0x00, 0x00, 0x04, 0x4c, 0x04, 0x4c, 0x00, 0x0f, 0x00, 0x17, 0x00, 0x00,
    0x35, 0x11, 0x33, 0x11, 0x33, 0x11, 0x33, 0x11, 0x33, 0x11, 0x33, 0x11, 0x23, 0x35, 0x23, 0x15,
    0x05, 0x11, 0x33, 0x11, 0x33, 0x15, 0x23, 0x11, 0x64, 0x64, 0xc8, 0x64, 0x64, 0xc8, 0xc8, 0x02,
    0x58, 0xc8, 0x64, 0x64, 0x64, 0x01, 0x2c, 0x01, 0x2c, 0x01, 0x90, 0xfe, 0x70, 0xfe, 0xd4, 0xfe,
    0xd4, 0xc8, 0xc8, 0x64, 0x04, 0x4c, 0xfe, 0x70, 0xc8, 0xfe, 0x0c, 0x00, 0x00, 0x03, 0x00, 0x00,
    0x00, 0x00, 0x04, 0x4c, 0x04, 0x4c, 0x00, 0x0f, 0x00, 0x17, 0x00, 0x1d, 0x00, 0x00, 0x11, 0x35,
    0x33, 0x35, 0x33, 0x11, 0x33, 0x11, 0x33, 0x15, 0x33, 0x15, 0x23, 0x35, 0x23, 0x15, 0x25, 0x23,
    0x11, 0x23, 0x11, 0x33, 0x15, 0x33, 0x01, 0x11, 0x33, 0x15, 0x21, 0x15, 0x64, 0x64, 0xc8, 0x64,
    0x64, 0xc8, 0xc8, 0x03, 0x84, 0x64, 0xc8, 0xc8, 0x64, 0xfc, 0x18, 0xc8, 0x02, 0xbc, 0x01, 0xf4,
    0xc8, 0x64, 0x01, 0x2c, 0xfe, 0xd4, 0x64, 0xc8, 0x64, 0x64, 0xc8, 0xfe, 0xd4, 0x02, 0xbc, 0xc8,
    0xfc, 0x7c, 0x01, 0x90, 0xc8, 0xc8, 0x00, 0x04, 0x00, 0x00, 0x00, 0x00, 0x04, 0x4c, 0x04, 0x4c,
    0x00, 0x0f, 0x00, 0x17, 0x00, 0x1d, 0x00, 0x23, 0x00, 0x00, 0x11, 0x35, 0x33, 0x35, 0x33, 0x35,
    0x33, 0x15, 0x33, 0x15, 0x33, 0x15, 0x23, 0x35, 0x23, 0x15, 0x25, 0x23, 0x15, 0x23, 0x11, 0x33,
    0x15, 0x33, 0x01, 0x11, 0x21, 0x15, 0x21, 0x15, 0x01, 0x35, 0x21, 0x15, 0x21, 0x35, 0x64, 0x64,
    0xc8, 0x64, 0x64, 0xc8, 0xc8, 0x03, 0x84, 0x64, 0xc8, 0xc8, 0x64, 0xfc, 0x18, 0x01, 0x90, 0x01,
    0xf4, 0xfc, 0x7c, 0x03, 0x84, 0xfe, 0x0c, 0x02, 0x58, 0xc8, 0x64, 0xc8, 0xc8, 0x64, 0xc8, 0x64,
    0x64, 0x64, 0x64, 0x01, 0xf4, 0xc8, 0xfc, 0x7c, 0x01, 0x2c, 0x64, 0xc8, 0x01, 0x90, 0x64, 0xc8,
    0x64, 0x00, 0x00, 0x04, 0x00, 0x00, 0x00, 0x00, 0x04, 0x4c, 0x04, 0x4c, 0x00, 0x0f, 0x00, 0x1b,
    0x00, 0x23, 0x00, 0x27, 0x00, 0x00, 0x11, 0x35, 0x33, 0x35, 0x33, 0x11, 0x33, 0x11, 0x33, 0x15,
    0x33, 0x15, 0x23, 0x35, 0x23, 0x15, 0x01, 0x15, 0x21, 0x35, 0x23, 0x35, 0x33, 0x35, 0x21, 0x15,
    0x33, 0x15, 0x13, 0x23, 0x15, 0x23, 0x11, 0x33, 0x15, 0x33, 0x01, 0x35, 0x21, 0x15, 0x64, 0x64,
    0xc8, 0x64, 0x64, 0xc8, 0xc8, 0x02, 0xbc, 0xfd, 0x44, 0x64, 0x64, 0x02, 0xbc, 0x64, 0x64, 0x64,
    0xc8, 0xc8, 0x64, 0xfe, 0xd4, 0xfe, 0x0c, 0x01, 0xf4, 0xc8, 0x64, 0x01, 0x2c, 0xfe, 0xd4, 0x64,
    0xc8, 0x64, 0x64, 0xfe, 0x70, 0x64, 0x64, 0xc8, 0x64, 0x64, 0xc8, 0x02, 0x58, 0xc8, 0x02, 0x58,
    0xc8, 0xfd, 0x44, 0x64, 0x64, 0x00, 0x00, 0x01, 0x00, 0x00, 0x00, 0x00, 0x03, 0xe8, 0x04, 0x4c,
    0x00, 0x1b, 0x00, 0x00, 0x35, 0x11, 0x33, 0x11, 0x33, 0x11, 0x33, 0x11, 0x33, 0x11, 0x33, 0x11,
    0x33, 0x11, 0x33, 0x11, 0x33, 0x11, 0x23, 0x11, 0x23, 0x11, 0x23, 0x35, 0x23, 0x35, 0x23, 0x15,
    0x64, 0x64, 0xc8, 0x64, 0x64, 0x64, 0x64, 0xc8, 0xc8, 0x64, 0x64, 0xc8, 0xc8, 0x64, 0x01, 0x2c,
    0x01, 0x2c, 0x01, 0x90, 0xfe, 0x70, 0xfe, 0xd4, 0x02, 0xbc, 0xfe, 0x70, 0x01, 0x90, 0xfb, 0xb4,
    0x01, 0xf4, 0xfe, 0x0c, 0x64, 0xc8, 0xc8, 0x00, 0x00, 0x02, 0x00, 0x00, 0x00, 0x00, 0x03, 0xe8,
    0x04, 0x4c, 0x00, 0x0f, 0x00, 0x17, 0x00, 0x00, 0x35, 0x11, 0x33, 0x11, 0x33, 0x11, 0x33, 0x11,
    0x33, 0x11, 0x33, 0x11, 0x23, 0x35, 0x23, 0x15, 0x05, 0x11, 0x23, 0x35, 0x33, 0x11, 0x33, 0x11,
    0x64, 0x64, 0xc8, 0x64, 0x64, 0xc8, 0xc8, 0x02, 0x58, 0xc8, 0xc8, 0xc8, 0x64, 0x01, 0x2c, 0x01,
    0x2c, 0x01, 0x90, 0xfe, 0x70, 0xfe, 0xd4, 0xfe, 0xd4, 0xc8, 0xc8, 0x64, 0x01, 0xf4, 0xc8, 0x01,
    0x90, 0xfb, 0xb4, 0x00, 0x00, 0x03, 0x00, 0x00, 0x00, 0x00, 0x03, 0xe8, 0x04, 0x4c, 0x00, 0x0f,
    0x00, 0x17, 0x00, 0x1d, 0x00, 0x00, 0x11, 0x35, 0x33, 0x35, 0x33, 0x11, 0x33, 0x11, 0x33, 0x15,
    0x33, 0x15, 0x23, 0x35, 0x23, 0x15, 0x25, 0x35, 0x33, 0x35, 0x33, 0x11, 0x23, 0x11, 0x01, 0x11,
    0x33, 0x15, 0x21, 0x15, 0x64, 0x64, 0xc8, 0x64, 0x64, 0xc8, 0xc8, 0x01, 0x90, 0xc8, 0xc8, 0xc8,
    0xfd, 0x44, 0xc8, 0x02, 0xbc, 0x01, 0xf4, 0xc8, 0x64, 0x01, 0x2c, 0xfe, 0xd4, 0x64, 0xc8, 0x64,
    0x64, 0xc8, 0xc8, 0xc8, 0xfd, 0x44, 0x01, 0x2c, 0xfd, 0x44, 0x01, 0x90, 0xc8, 0xc8, 0x00, 0x04,
    0x00, 0x00, 0x00, 0x00, 0x03, 0xe8, 0x04, 0x4c, 0x00, 0x0f, 0x00, 0x1b, 0x00, 0x23, 0x00, 0x27,
    0x00, 0x00, 0x11, 0x35, 0x33, 0x35, 0x33, 0x11, 0x33, 0x11, 0x33, 0x15, 0x33, 0x15, 0x23, 0x35,
    0x23, 0x15, 0x01, 0x15, 0x21, 0x35, 0x23, 0x35, 0x33, 0x35, 0x21, 0x15, 0x33, 0x15, 0x01, 0x35,
    0x33, 0x35, 0x33, 0x11, 0x23, 0x35, 0x11, 0x35, 0x21, 0x15, 0x64, 0x64, 0xc8, 0x64, 0x64, 0xc8,
    0xc8, 0x02, 0xbc, 0xfd, 0x44, 0x64, 0x64, 0x02, 0xbc, 0x64, 0xfe, 0x70, 0xc8, 0xc8, 0xc8, 0xfe,
    0x0c, 0x01, 0xf4, 0xc8, 0x64, 0x01, 0x2c, 0xfe, 0xd4, 0x64, 0xc8, 0x64, 0x64, 0xfe, 0x70, 0x64,
    0x64, 0xc8, 0x64, 0x64, 0xc8, 0x02, 0x58, 0xc8, 0xc8, 0xfd, 0xa8, 0xc8, 0xfe, 0x0c, 0x64, 0x64,
    0x00, 0x03, 0x00, 0x00, 0x00, 0x00, 0x03, 0xe8, 0x04, 0x4c, 0x00, 0x11, 0x00, 0x15, 0x00, 0x19,
    0x00, 0x00, 0x35, 0x11, 0x33, 0x11, 0x33, 0x11, 0x33, 0x11, 0x33, 0x11, 0x33, 0x11, 0x23, 0x35,
    0x23, 0x35, 0x23, 0x15, 0x01, 0x35, 0x23, 0x15, 0x01, 0x11, 0x33, 0x11, 0x64, 0x64, 0xc8, 0xc8,
    0x64, 0x64, 0xc8, 0xc8, 0x01, 0x90, 0x64, 0x01, 0x2c, 0xc8, 0x64, 0x01, 0x2c, 0x01, 0x2c, 0x01,
    0x90, 0xfe, 0xd4, 0x01, 0x2c, 0xfb, 0xb4, 0x64, 0xc8, 0xc8, 0x01, 0x2c, 0xc8, 0xc8, 0xfe, 0x70,
    0x04, 0x4c, 0xfb, 0xb4, 0x00, 0x03, 0x00, 0x00, 0x00, 0x00, 0x04, 0x4c, 0x04, 0x4c, 0x00, 0x07,
    0x00, 0x1b, 0x00, 0x21, 0x00, 0x00, 0x11, 0x35, 0x21, 0x35, 0x33, 0x15, 0x21, 0x15, 0x25, 0x21,
    0x35, 0x33, 0x35, 0x33, 0x35, 0x21, 0x15, 0x33, 0x15, 0x33, 0x15, 0x21, 0x35, 0x23, 0x35, 0x23,
    0x15, 0x23, 0x01, 0x21, 0x35, 0x21, 0x11, 0x23, 0x01, 0xf4, 0xc8, 0x01, 0x90, 0xfd, 0x44, 0xfe,
    0xd4, 0xc8, 0x64, 0x01, 0x2c, 0x64, 0xc8, 0xfe, 0xd4, 0x64, 0x64, 0x64, 0x01, 0x90, 0xfd, 0x44,
    0x03, 0x84, 0xc8, 0x01, 0xf4, 0x64, 0x64, 0x64, 0x64, 0xc8, 0xc8, 0x64, 0x64, 0x64, 0x64, 0xc8,
    0x64, 0x64, 0x64, 0xfd, 0xa8, 0xc8, 0xfe, 0x70, 0x00, 0x01, 0x00, 0x00, 0x00, 0x00, 0x03, 0xe8,
    0x04, 0x4c, 0x00, 0x23, 0x00, 0x00, 0x35, 0x35, 0x33, 0x35, 0x33, 0x15, 0x33, 0x35, 0x23, 0x35,
    0x23, 0x15, 0x23, 0x35, 0x33, 0x35, 0x33, 0x35, 0x33, 0x15, 0x33, 0x15, 0x33, 0x11, 0x33, 0x11,
    0x33, 0x11, 0x33, 0x11, 0x23, 0x11, 0x23, 0x11, 0x23, 0x35, 0xc8, 0xc8, 0xc8, 0xc8, 0xc8, 0xc8,
    0x64, 0x64, 0xc8, 0x64, 0x64, 0x64, 0x64, 0xc8, 0xc8, 0x64, 0x64, 0x64, 0xc8, 0xc8, 0xc8, 0xc8,
    0x64, 0x64, 0xc8, 0xc8, 0xc8, 0xc8, 0xc8, 0x01, 0x90, 0xfe, 0x70, 0x01, 0x90, 0xfb, 0xb4, 0x01,
    0xf4, 0xfe, 0x0c, 0x64, 0x00, 0x02, 0x00, 0x00, 0x00, 0x00, 0x04, 0x4c, 0x04, 0x4c, 0x00, 0x07,
    0x00, 0x1b, 0x00, 0x00, 0x11, 0x35, 0x21, 0x15, 0x21, 0x11, 0x23, 0x11, 0x03, 0x21, 0x35, 0x33,
    0x35, 0x33, 0x35, 0x21, 0x15, 0x33, 0x15, 0x33, 0x15, 0x21, 0x35, 0x23, 0x35, 0x23, 0x15, 0x23,
    0x04, 0x4c, 0xfe, 0x70, 0xc8, 0x64, 0xfe, 0xd4, 0xc8, 0x64, 0x01, 0x2c, 0x64, 0xc8, 0xfe, 0xd4,
    0x64, 0x64, 0x64, 0x01, 0x90, 0xc8, 0xc8, 0xfe, 0x70, 0x01, 0x90, 0x01, 0x2c, 0xc8, 0x64, 0x64,
    0x64, 0x64, 0xc8, 0x64, 0x64, 0x64, 0x00, 0x02, 0x00, 0x00, 0x00, 0x64, 0x04, 0x4c, 0x04, 0x4c,
    0x00, 0x03, 0x00, 0x21, 0x00, 0x00, 0x35, 0x35, 0x21, 0x15, 0x03, 0x15, 0x33, 0x15, 0x23, 0x35,
    0x23, 0x35, 0x23, 0x35, 0x23, 0x15, 0x23, 0x15, 0x23, 0x15, 0x23, 0x35, 0x33, 0x35, 0x33, 0x35,
    0x33, 0x35, 0x33, 0x35, 0x33, 0x11, 0x33, 0x15, 0x04, 0x4c, 0xc8, 0x64, 0xc8, 0x64, 0x64, 0x64,
    0x64, 0x64, 0xc8, 0x64, 0x64, 0x64, 0x64, 0xc8, 0x64, 0x64, 0xc8, 0xc8, 0x02, 0x58, 0x64, 0xc8,
    0x64, 0x64, 0x64, 0x64, 0x64, 0x64, 0xc8, 0x64, 0x64, 0x64, 0xc8, 0xfe, 0xd4, 0x64, 0x00, 0x04,
    0x00, 0x00, 0x00, 0x00, 0x04, 0x4c, 0x04, 0x4c, 0x00, 0x07, 0x00, 0x1b, 0x00, 0x1f, 0x00, 0x23,
    0x00, 0x00, 0x11, 0x35, 0x21, 0x15, 0x23, 0x11, 0x21, 0x11, 0x25, 0x21, 0x35, 0x33, 0x35, 0x33,
    0x35, 0x21, 0x15, 0x33, 0x15, 0x33, 0x15, 0x21, 0x35, 0x23, 0x35, 0x23, 0x15, 0x23, 0x01, 0x35,
    0x21, 0x15, 0x25, 0x35, 0x21, 0x15, 0x04, 0x4c, 0x64, 0xfc, 0x7c, 0x01, 0x2c, 0xfe, 0xd4, 0xc8,
    0x64, 0x01, 0x2c, 0x64, 0xc8, 0xfe, 0xd4, 0x64, 0x64, 0x64, 0x01, 0x90, 0xfe, 0x0c, 0x01, 0xf4,
    0xfe, 0x0c, 0x01, 0xf4, 0x64, 0x64, 0xfe, 0x0c, 0x01, 0xf4, 0xc8, 0xc8, 0x64, 0x64, 0x64, 0x64,
    0xc8, 0x64, 0x64, 0x64, 0xfd, 0xa8, 0x64, 0x64, 0xc8, 0x64, 0x64, 0x00, 0x00, 0x02, 0x00, 0x00,
    0x00, 0x00, 0x03, 0xe8, 0x04, 0x4c, 0x00, 0x0f, 0x00, 0x13, 0x00, 0x00, 0x35, 0x11, 0x33, 0x11,
    0x33, 0x11, 0x33, 0x11, 0x33, 0x11, 0x33, 0x11, 0x23, 0x35, 0x23, 0x15, 0x05, 0x11, 0x33, 0x11,
    0x64, 0x64, 0xc8, 0x64, 0x64, 0xc8, 0xc8, 0x02, 0x58, 0xc8, 0x64, 0x01, 0x2c, 0x01, 0x2c, 0x01,
    0x90, 0xfe, 0x70, 0xfe, 0xd4, 0xfe, 0xd4, 0xc8, 0xc8, 0x64, 0x04, 0x4c, 0xfb, 0xb4, 0x00, 0x03,
    0x00, 0x00, 0x00, 0x00, 0x03, 0xe8, 0x04, 0x4c, 0x00, 0x0f, 0x00, 0x15, 0x00, 0x19, 0x00, 0x00,
    0x11, 0x35, 0x33, 0x35, 0x33, 0x11, 0x33, 0x11, 0x33, 0x15, 0x33, 0x15, 0x23, 0x35, 0x23, 0x15,
    0x01, 0x21, 0x35, 0x21, 0x11, 0x23, 0x11, 0x11, 0x33, 0x11, 0x64, 0x64, 0xc8, 0x64, 0x64, 0xc8,
    0xc8, 0x02, 0x58, 0xfd, 0x44, 0x03, 0x84, 0xc8, 0xc8, 0x01, 0xf4, 0xc8, 0x64, 0x01, 0x2c, 0xfe,
    0xd4, 0x64, 0xc8, 0x64, 0x64, 0xfe, 0xd4, 0xc8, 0xfe, 0x70, 0x01, 0xf4, 0x02, 0x58, 0xfd, 0xa8,
    0x00, 0x03, 0x00, 0x00, 0x00, 0x00, 0x03, 0xe8, 0x04, 0x4c, 0x00, 0x0f, 0x00, 0x13, 0x00, 0x19,
    0x00, 0x00, 0x11, 0x35, 0x33, 0x35, 0x33, 0x11, 0x33, 0x11, 0x33, 0x15, 0x33, 0x15, 0x23, 0x35,
    0x23, 0x15, 0x05, 0x11, 0x33, 0x11, 0x01, 0x11, 0x33, 0x15, 0x21, 0x15, 0x64, 0x64, 0xc8, 0x64,
    0x64, 0xc8, 0xc8, 0x02, 0x58, 0xc8, 0xfc, 0x7c, 0xc8, 0x02, 0xbc, 0x01, 0xf4, 0xc8, 0x64, 0x01,
    0x2c, 0xfe, 0xd4, 0x64, 0xc8, 0x64, 0x64, 0x64, 0x02, 0xbc, 0xfd, 0x44, 0xfe, 0x70, 0x01, 0x90,
    0xc8, 0xc8, 0x00, 0x04, 0x00, 0x00, 0x00, 0x00, 0x03, 0xe8, 0x04, 0x4c, 0x00, 0x0f, 0x00, 0x13,
    0x00, 0x19, 0x00, 0x1f, 0x00, 0x00, 0x11, 0x35, 0x33, 0x35, 0x33, 0x35, 0x33, 0x15, 0x33, 0x15,
    0x33, 0x15, 0x23, 0x35, 0x23, 0x15, 0x21, 0x11, 0x33, 0x11, 0x01, 0x11, 0x21, 0x15, 0x21, 0x15,
    0x01, 0x35, 0x21, 0x15, 0x21, 0x35, 0x64, 0x64, 0xc8, 0x64, 0x64, 0xc8, 0xc8, 0x02, 0x58, 0xc8,
    0xfc, 0x7c, 0x01, 0x90, 0x01, 0xf4, 0xfc, 0x7c, 0x03, 0x84, 0xfe, 0x0c, 0x02, 0x58, 0xc8, 0x64,
    0xc8, 0xc8, 0x64, 0xc8, 0x64, 0x64, 0x01, 0xf4, 0xfe, 0x0c, 0xfd, 0xa8, 0x01, 0x2c, 0x64, 0xc8,
    0x01, 0x90, 0x64, 0xc8, 0x64, 0x00, 0x00, 0x01, 0x00, 0x00, 0x00, 0x64, 0x04, 0x4c, 0x04, 0x4c,
    0x00, 0x1d, 0x00, 0x00, 0x35, 0x35, 0x21, 0x35, 0x23, 0x35, 0x23, 0x15, 0x23, 0x35, 0x33, 0x35,
    0x33, 0x35, 0x33, 0x15, 0x33, 0x35, 0x33, 0x15, 0x33, 0x15, 0x33, 0x15, 0x23, 0x35, 0x23, 0x11,
    0x21, 0x15, 0x01, 0xf4, 0x64, 0x64, 0xc8, 0x64, 0x64, 0xc8, 0x64, 0xc8, 0x64, 0x64, 0xc8, 0x64,
    0x01, 0x90, 0x64, 0xc8, 0xc8, 0xc8, 0xc8, 0xc8, 0xc8, 0xc8, 0xc8, 0xc8, 0xc8, 0xc8, 0xc8, 0xc8,
    0xfe, 0x70, 0xc8, 0x00, 0x00, 0x03, 0x00, 0x00, 0x00, 0x00, 0x04, 0x4c, 0x04, 0x4c, 0x00, 0x0b,
    0x00, 0x13, 0x00, 0x17, 0x00, 0x00, 0x35, 0x11, 0x33, 0x35, 0x21, 0x15, 0x33, 0x11, 0x23, 0x15,
    0x21, 0x35, 0x05, 0x11, 0x33, 0x11, 0x33, 0x15, 0x23, 0x11, 0x01, 0x33, 0x11, 0x23, 0x64, 0x01,
    0x90, 0x64, 0x64, 0xfe, 0x70, 0x02, 0xbc, 0xc8, 0x64, 0x64, 0xfc, 0xe0, 0xc8, 0xc8, 0xc8, 0x03,
    0x20, 0x64, 0x64, 0xfc, 0xe0, 0x64, 0x64, 0xc8, 0x04, 0x4c, 0xfe, 0x70, 0xc8, 0xfe, 0x0c, 0x01,
    0x2c, 0x02, 0x58, 0x00, 0x00, 0x04, 0x00, 0x00, 0x00, 0x00, 0x04, 0x4c, 0x04, 0x4c, 0x00, 0x0b,
    0x00, 0x0f, 0x00, 0x17, 0x00, 0x1d, 0x00, 0x00, 0x11, 0x11, 0x33, 0x35, 0x21, 0x15, 0x33, 0x11,
    0x23, 0x15, 0x21, 0x35, 0x37, 0x33, 0x35, 0x23, 0x05, 0x23, 0x15, 0x23, 0x11, 0x33, 0x15, 0x33,
    0x01, 0x21, 0x35, 0x21, 0x11, 0x23, 0x64, 0x01, 0x90, 0x64, 0x64, 0xfe, 0x70, 0x64, 0xc8, 0xc8,
    0x03, 0x84, 0x64, 0xc8, 0xc8, 0x64, 0xfe, 0xd4, 0xfd, 0x44, 0x03, 0x84, 0xc8, 0x02, 0x58, 0x01,
    0x90, 0x64, 0x64, 0xfe, 0x70, 0x64, 0x64, 0x64, 0xc8, 0xc8, 0xc8, 0x02, 0x58, 0xc8, 0xfd, 0x44,
    0xc8, 0xfe, 0x70, 0x00, 0x00, 0x04, 0x00, 0x00, 0x00, 0x00, 0x04, 0x4c, 0x04, 0x4c, 0x00, 0x0b,
    0x00, 0x0f, 0x00, 0x17, 0x00, 0x1d, 0x00, 0x00, 0x11, 0x11, 0x33, 0x35, 0x21, 0x15, 0x33, 0x11,
    0x23, 0x15, 0x21, 0x35, 0x37, 0x33, 0x35, 0x23, 0x05, 0x23, 0x11, 0x23, 0x11, 0x33, 0x15, 0x33,
    0x01, 0x11, 0x33, 0x15, 0x21, 0x15, 0x64, 0x01, 0x90, 0x64, 0x64, 0xfe, 0x70, 0x64, 0xc8, 0xc8,
    0x03, 0x84, 0x64, 0xc8, 0xc8, 0x64, 0xfc, 0x18, 0xc8, 0x02, 0xbc, 0x02, 0x58, 0x01, 0x90, 0x64,
    0x64, 0xfe, 0x70, 0x64, 0x64, 0x64, 0xc8, 0xc8, 0xfe, 0xd4, 0x02, 0xbc, 0xc8, 0xfc, 0x7c, 0x01,
    0x90, 0xc8, 0xc8, 0x00, 0x00, 0x05, 0x00, 0x00, 0x00, 0x00, 0x04, 0x4c, 0x04, 0x4c, 0x00, 0x0b,
    0x00, 0x23, 0x00, 0x27, 0x00, 0x2b, 0x00, 0x33, 0x00, 0x00, 0x11, 0x11, 0x33, 0x35, 0x21, 0x15,
    0x33, 0x11, 0x23, 0x15, 0x21, 0x35, 0x01, 0x33, 0x15, 0x23, 0x15, 0x21, 0x35, 0x23, 0x15, 0x21,
    0x11, 0x33, 0x15, 0x21, 0x35, 0x23, 0x35, 0x33, 0x35, 0x33, 0x15, 0x33, 0x15, 0x23, 0x01, 0x35,
    0x23, 0x15, 0x01, 0x35, 0x23, 0x15, 0x13, 0x11, 0x33, 0x15, 0x33, 0x15, 0x23, 0x15, 0x64, 0x01,
    0x90, 0x64, 0x64, 0xfe, 0x70, 0x03, 0x20, 0x64, 0x64, 0xfe, 0xd4, 0x64, 0xfe, 0x70, 0xc8, 0x01,
    0x2c, 0x64, 0xc8, 0x64, 0xc8, 0x64, 0xfe, 0x0c, 0xc8, 0x02, 0x58, 0x64, 0x64, 0xc8, 0x64, 0x64,
    0x02, 0x58, 0x01, 0x90, 0x64, 0x64, 0xfe, 0x70, 0x64, 0x64, 0xfe, 0x70, 0x64, 0x64, 0x64, 0x64,
    0x01, 0x90, 0xc8, 0x64, 0x64, 0x64, 0x64, 0x64, 0x01, 0x90, 0xc8, 0xc8, 0xfe, 0x0c, 0x64, 0x64,
    0x01, 0x2c, 0x02, 0x58, 0xc8, 0xc8, 0xc8, 0x00, 0x00, 0x02, 0x00, 0x00, 0x00, 0x00, 0x03, 0xe8,
    0x04, 0x4c, 0x00, 0x13, 0x00, 0x17, 0x00, 0x00, 0x35, 0x11, 0x33, 0x35, 0x21, 0x15, 0x33, 0x11,
    0x33, 0x11, 0x33, 0x11, 0x23, 0x11, 0x23, 0x11, 0x23, 0x15, 0x21, 0x35, 0x37, 0x33, 0x11, 0x23,
    0x64, 0x01, 0x90, 0x64, 0xc8, 0xc8, 0xc8, 0xc8, 0x64, 0xfe, 0x70, 0x64, 0xc8, 0xc8, 0xc8, 0x03,
    0x20, 0x64, 0x64, 0xfe, 0xd4, 0x01, 0x90, 0xfb, 0xb4, 0x01, 0xf4, 0xfe, 0xd4, 0x64, 0x64, 0x64,
    0x02, 0x58, 0x00, 0x03, 0x00, 0x00, 0x00, 0x00, 0x03, 0xe8, 0x04, 0x4c, 0x00, 0x13, 0x00, 0x17,
    0x00, 0x1f, 0x00, 0x00, 0x11, 0x11, 0x33, 0x35, 0x21, 0x15, 0x33, 0x15, 0x33, 0x35, 0x33, 0x11,
    0x23, 0x35, 0x23, 0x15, 0x23, 0x15, 0x21, 0x35, 0x37, 0x33, 0x35, 0x23, 0x03, 0x11, 0x21, 0x15,
    0x21, 0x15, 0x21, 0x15, 0x64, 0x01, 0x90, 0x64, 0xc8, 0xc8, 0xc8, 0xc8, 0x64, 0xfe, 0x70, 0x64,
    0xc8, 0xc8, 0x64, 0x03, 0x84, 0xfd, 0x44, 0x02, 0xbc, 0x02, 0x58, 0x01, 0x90, 0x64, 0x64, 0x64,
    0xc8, 0xfd, 0xa8, 0xc8, 0x64, 0x64, 0x64, 0x64, 0xc8, 0xfc, 0x7c, 0x01, 0x90, 0x64, 0x64, 0xc8,
    0x00, 0x04, 0x00, 0x00, 0x00, 0x00, 0x03, 0xe8, 0x04, 0x4c, 0x00, 0x13, 0x00, 0x25, 0x00, 0x29,
    0x00, 0x2d, 0x00, 0x00, 0x11, 0x11, 0x33, 0x35, 0x21, 0x15, 0x33, 0x15, 0x33, 0x35, 0x33, 0x11,
    0x23, 0x35, 0x23, 0x15, 0x23, 0x15, 0x21, 0x35, 0x01, 0x33, 0x15, 0x23, 0x35, 0x23, 0x15, 0x21,
    0x11, 0x33, 0x15, 0x33, 0x35, 0x33, 0x15, 0x33, 0x35, 0x33, 0x01, 0x33, 0x35, 0x23, 0x13, 0x23,
    0x15, 0x33, 0x64, 0x01, 0x90, 0x64, 0xc8, 0xc8, 0xc8, 0xc8, 0x64, 0xfe, 0x70, 0x03, 0x20, 0x64,
    0xc8, 0x64, 0xfd, 0xa8, 0xc8, 0x64, 0xc8, 0x64, 0xc8, 0xfd, 0x44, 0xc8, 0xc8, 0xc8, 0x64, 0x64,
    0x02, 0x58, 0x01, 0x90, 0x64, 0x64, 0x64, 0xc8, 0xfd, 0xa8, 0xc8, 0x64, 0x64, 0x64, 0xfe, 0x70,
    0xc8, 0x64, 0x64, 0x01, 0x90, 0x64, 0x64, 0xc8, 0xc8, 0x01, 0x2c, 0xc8, 0xfd, 0x44, 0x64, 0x00,
    0x00, 0x03, 0x00, 0x00, 0x00, 0x00, 0x03, 0xe8, 0x04, 0x4c, 0x00, 0x13, 0x00, 0x17, 0x00, 0x1b,
    0x00, 0x00, 0x35, 0x11, 0x33, 0x35, 0x21, 0x15, 0x33, 0x11, 0x33, 0x11, 0x33, 0x11, 0x23, 0x11,
    0x23, 0x11, 0x23, 0x15, 0x21, 0x35, 0x37, 0x33, 0x11, 0x23, 0x01, 0x11, 0x33, 0x11, 0x64, 0x01,
    0x2c, 0x64, 0x64, 0x64, 0x64, 0x64, 0x64, 0xfe, 0xd4, 0x64, 0x64, 0x64, 0x02, 0x58, 0xc8, 0xc8,
    0x03, 0x20, 0x64, 0x64, 0xfe, 0xd4, 0x01, 0x90, 0xfb, 0xb4, 0x01, 0xf4, 0xfe, 0xd4, 0x64, 0x64,
    0x64, 0x02, 0x58, 0xfc, 0x7c, 0x04, 0x4c, 0xfb, 0xb4, 0x00, 0x00, 0x04, 0x00, 0x00, 0x00, 0x00,
    0x03, 0xe8, 0x04, 0x4c, 0x00, 0x0f, 0x00, 0x13, 0x00, 0x17, 0x00, 0x1d, 0x00, 0x00, 0x11, 0x11,
    0x33, 0x35, 0x21, 0x15, 0x21, 0x35, 0x33, 0x11, 0x23, 0x35, 0x21, 0x15, 0x21, 0x35, 0x37, 0x33,
    0x35, 0x23, 0x21, 0x15, 0x33, 0x35, 0x01, 0x11, 0x33, 0x15, 0x21, 0x15, 0x64, 0x01, 0x90, 0x01,
    0x2c, 0xc8, 0xc8, 0xfe, 0xd4, 0xfe, 0x70, 0x64, 0xc8, 0xc8, 0x01, 0x90, 0xc8, 0xfd, 0x44, 0xc8,
    0x02, 0xbc, 0x02, 0x58, 0x01, 0x90, 0x64, 0x64, 0x64, 0xfd, 0x44, 0xc8, 0x64, 0x64, 0x64, 0xc8,
    0x64, 0x64, 0xfc, 0x7c, 0x01, 0x90, 0xc8, 0xc8, 0x00, 0x05, 0x00, 0x00, 0x00, 0x00, 0x03, 0xe8,
    0x04, 0x4c, 0x00, 0x0f, 0x00, 0x13, 0x00, 0x17, 0x00, 0x1b, 0x00, 0x1f, 0x00, 0x00, 0x11, 0x11,
    0x33, 0x35, 0x21, 0x15, 0x21, 0x35, 0x33, 0x11, 0x23, 0x35, 0x21, 0x15, 0x21, 0x35, 0x37, 0x33,
    0x35, 0x23, 0x21, 0x15, 0x33, 0x35, 0x11, 0x35, 0x21, 0x15, 0x07, 0x11, 0x21, 0x11, 0x64, 0x01,
    0x90, 0x01, 0x2c, 0xc8, 0xc8, 0xfe, 0xd4, 0xfe, 0x70, 0x64, 0xc8, 0xc8, 0x01, 0x90, 0xc8, 0xfe,
    0x0c, 0xc8, 0x03, 0x84, 0x02, 0x58, 0x01, 0x90, 0x64, 0x64, 0x64, 0xfd, 0xa8, 0x64, 0x64, 0x64,
    0x64, 0xc8, 0x64, 0x64, 0xfd, 0x44, 0x64, 0x64, 0xc8, 0x01, 0x90, 0xfe, 0x70, 0x00, 0x00, 0x05,
    0x00, 0x00, 0x00, 0x00, 0x03, 0xe8, 0x04, 0x4c, 0x00, 0x0f, 0x00, 0x1b, 0x00, 0x1f, 0x00, 0x23,
    0x00, 0x27, 0x00, 0x00, 0x11, 0x11, 0x33, 0x35, 0x21, 0x15, 0x21, 0x35, 0x33, 0x11, 0x23, 0x35,
    0x21, 0x15, 0x21, 0x35, 0x01, 0x15, 0x21, 0x35, 0x23, 0x35, 0x33, 0x35, 0x21, 0x15, 0x33, 0x15,
    0x01, 0x33, 0x35, 0x23, 0x21, 0x15, 0x33, 0x35, 0x11, 0x35, 0x21, 0x15, 0x64, 0x01, 0x90, 0x01,
    0x2c, 0xc8, 0xc8, 0xfe, 0xd4, 0xfe, 0x70, 0x03, 0x20, 0xfd, 0x44, 0x64, 0x64, 0x02, 0xbc, 0x64,
    0xfc, 0xe0, 0xc8, 0xc8, 0x01, 0x90, 0xc8, 0xfe, 0x0c, 0x02, 0x58, 0x01, 0x90, 0x64, 0x64, 0x64,
    0xfd, 0xa8, 0x64, 0x64, 0x64, 0xfe, 0x0c, 0x64, 0x64, 0xc8, 0x64, 0x64, 0xc8, 0x02, 0x58, 0xc8,
    0x64, 0x64, 0xfd, 0x44, 0x64, 0x64, 0x00, 0x02, 0x00, 0x00, 0x00, 0x64, 0x04, 0x4c, 0x04, 0x4c,
    0x00, 0x13, 0x00, 0x17, 0x00, 0x00, 0x35, 0x35, 0x21, 0x35, 0x21, 0x35, 0x23, 0x11, 0x33, 0x35,
    0x21, 0x15, 0x33, 0x11, 0x23, 0x15, 0x23, 0x15, 0x21, 0x15, 0x01, 0x35, 0x21, 0x15, 0x01, 0xf4,
    0xfe, 0xd4, 0x64, 0x64, 0x02, 0xbc, 0x64, 0x64, 0xc8, 0x01, 0x90, 0xfe, 0xd4, 0xfe, 0x0c, 0x64,
    0xc8, 0xc8, 0x64, 0x01, 0x90, 0x64, 0x64, 0xfe, 0x70, 0x64, 0xc8, 0xc8, 0x02, 0x58, 0xc8, 0xc8,
    0x00, 0x02, 0x00, 0x00, 0x00, 0x00, 0x04, 0x4c, 0x04, 0x4c, 0x00, 0x1b, 0x00, 0x1f, 0x00, 0x00,
    0x35, 0x35, 0x21, 0x35, 0x23, 0x35, 0x23, 0x11, 0x33, 0x35, 0x21, 0x15, 0x33, 0x11, 0x23, 0x15,
    0x23, 0x15, 0x21, 0x11, 0x33, 0x11, 0x33, 0x15, 0x23, 0x11, 0x23, 0x35, 0x01, 0x21, 0x35, 0x21,
    0x01, 0x2c, 0xc8, 0x64, 0x64, 0x01, 0xf4, 0x64, 0x64, 0x64, 0x01, 0x2c, 0xc8, 0x64, 0x64, 0xc8,
    0xfd, 0xa8, 0x01, 0x2c, 0xfe, 0xd4, 0x64, 0xc8, 0xc8, 0x64, 0x01, 0x90, 0x64, 0x64, 0xfe, 0x70,
    0x64, 0xc8, 0x03, 0x20, 0xfe, 0x70, 0xc8, 0xfe, 0x0c, 0x64, 0x02, 0x58, 0xc8, 0x00, 0x00, 0x03,
    0x00, 0x00, 0x00, 0x64, 0x04, 0x4c, 0x04, 0x4c, 0x00, 0x0f, 0x00, 0x13, 0x00, 0x17, 0x00, 0x00,
    0x35, 0x35, 0x33, 0x11, 0x23, 0x11, 0x33, 0x35, 0x21, 0x15, 0x33, 0x11, 0x23, 0x11, 0x33, 0x15,
    0x01, 0x35, 0x21, 0x15, 0x17, 0x15, 0x21, 0x35, 0xc8, 0x64, 0x64, 0x02, 0xbc, 0x64, 0x64, 0xc8,
    0xfe, 0xd4, 0xfe, 0x0c, 0x64, 0x01, 0x2c, 0x64, 0xc8, 0x01, 0x2c, 0x01, 0x90, 0x64, 0x64, 0xfe,
    0x70, 0xfe, 0xd4, 0xc8, 0x02, 0x58, 0xc8, 0xc8, 0xc8, 0xc8, 0xc8, 0x00, 0x00, 0x04, 0x00, 0x00,
    0x00, 0x00, 0x04, 0x4c, 0x04, 0x4c, 0x00, 0x0f, 0x00, 0x13, 0x00, 0x19, 0x00, 0x1d, 0x00, 0x00,
    0x01, 0x15, 0x33, 0x15, 0x23, 0x15, 0x33, 0x15, 0x21, 0x35, 0x33, 0x35, 0x23, 0x35, 0x33, 0x35,
    0x13, 0x15, 0x21, 0x35, 0x13, 0x21, 0x35, 0x21, 0x11, 0x23, 0x11, 0x35, 0x21, 0x15, 0x03, 0x84,
    0x64, 0x64, 0xc8, 0xfb, 0xb4, 0xc8, 0x64, 0x64, 0xc8, 0x01, 0x2c, 0x64, 0xfd, 0x44, 0x03, 0x84,
    0xc8, 0xfe, 0x0c, 0x04, 0x4c, 0x64, 0xc8, 0xc8, 0x64, 0x64, 0xc8, 0xc8, 0x64, 0xfe, 0x70, 0x64,
    0x64, 0xfe, 0x0c, 0xc8, 0xfe, 0x70, 0x03, 0x84, 0x64, 0x64, 0x00, 0x05, 0x00, 0x00, 0x00, 0x00,
    0x04, 0x4c, 0x04, 0x4c, 0x00, 0x0f, 0x00, 0x1b, 0x00, 0x1f, 0x00, 0x23, 0x00, 0x27, 0x00, 0x00,
    0x01, 0x15, 0x33, 0x15, 0x23, 0x15, 0x33, 0x15, 0x21, 0x35, 0x33, 0x35, 0x23, 0x35, 0x33, 0x35,
    0x01, 0x15, 0x21, 0x35, 0x23, 0x35, 0x33, 0x35, 0x21, 0x15, 0x33, 0x15, 0x01, 0x15, 0x21, 0x35,
    0x13, 0x35, 0x21, 0x15, 0x01, 0x35, 0x21, 0x15, 0x03, 0x84, 0x64, 0x64, 0xc8, 0xfb, 0xb4, 0xc8,
    0x64, 0x64, 0x02, 0xbc, 0xfd, 0x44, 0x64, 0x64, 0x02, 0xbc, 0x64, 0xfd, 0xa8, 0x01, 0x2c, 0x64,
    0xfe, 0x0c, 0x01, 0xf4, 0xfe, 0x0c, 0x04, 0x4c, 0x64, 0xc8, 0xc8, 0x64, 0x64, 0xc8, 0xc8, 0x64,
    0xfc, 0x18, 0x64, 0x64, 0xc8, 0x64, 0x64, 0xc8, 0x02, 0x58, 0x64, 0x64, 0xfe, 0x0c, 0x64, 0x64,
    0x02, 0xbc, 0x64, 0x64, 0x00, 0x03, 0x00, 0x00, 0x00, 0x00, 0x03, 0xe8, 0x04, 0x4c, 0x00, 0x15,
    0x00, 0x21, 0x00, 0x25, 0x00, 0x00, 0x11, 0x35, 0x21, 0x15, 0x33, 0x11, 0x33, 0x11, 0x23, 0x35,
    0x23, 0x35, 0x23, 0x15, 0x23, 0x15, 0x21, 0x15, 0x21, 0x11, 0x33, 0x35, 0x01, 0x33, 0x35, 0x21,
    0x15, 0x33, 0x15, 0x23, 0x15, 0x21, 0x35, 0x23, 0x37, 0x15, 0x21, 0x35, 0x02, 0xbc, 0x64, 0xc8,
    0xc8, 0xc8, 0x64, 0xc8, 0x02, 0xbc, 0xfc, 0x7c, 0xc8, 0xfe, 0xd4, 0x64, 0x01, 0xf4, 0x64, 0x64,
    0xfe, 0x0c, 0x64, 0xc8, 0x01, 0x2c, 0x01, 0xf4, 0x64, 0x64, 0x02, 0x58, 0xfc, 0xe0, 0x64, 0x64,
    0xc8, 0x64, 0xc8, 0x01, 0x90, 0x64, 0x01, 0xf4, 0x64, 0x64, 0xc8, 0x64, 0x64, 0xc8, 0x64, 0x64,
    0x00, 0x04, 0x00, 0x00, 0x00, 0x00, 0x03, 0xe8, 0x04, 0x4c, 0x00, 0x0f, 0x00, 0x1b, 0x00, 0x1f,
    0x00, 0x23, 0x00, 0x00, 0x11, 0x21, 0x15, 0x33, 0x11, 0x33, 0x11, 0x23, 0x35, 0x23, 0x35, 0x23,
    0x11, 0x23, 0x11, 0x23, 0x11, 0x11, 0x33, 0x35, 0x21, 0x15, 0x33, 0x11, 0x23, 0x15, 0x21, 0x35,
    0x37, 0x33, 0x35, 0x23, 0x01, 0x11, 0x33, 0x11, 0x01, 0xf4, 0x64, 0x64, 0x64, 0xc8, 0x64, 0xc8,
    0x64, 0x64, 0x01, 0x2c, 0x64, 0x64, 0xfe, 0xd4, 0x64, 0x64, 0x64, 0x02, 0x58, 0xc8, 0x01, 0xf4,
    0xc8, 0x03, 0x20, 0xfb, 0xb4, 0x64, 0xc8, 0xfe, 0xd4, 0x01, 0x2c, 0x01, 0x90, 0x01, 0x2c, 0x64,
    0x64, 0xfe, 0xd4, 0x64, 0x64, 0x64, 0xc8, 0xfc, 0x18, 0x04, 0x4c, 0xfb, 0xb4, 0x00, 0x00, 0x03,
    0x00, 0x00, 0x00, 0x00, 0x03, 0xe8, 0x04, 0x4c, 0x00, 0x0b, 0x00, 0x17, 0x00, 0x1b, 0x00, 0x00,
    0x11, 0x21, 0x11, 0x33, 0x11, 0x23, 0x11, 0x21, 0x11, 0x23, 0x11, 0x21, 0x11, 0x11, 0x33, 0x35,
    0x21, 0x15, 0x33, 0x11, 0x23, 0x15, 0x21, 0x35, 0x37, 0x15, 0x21, 0x35, 0x03, 0x20, 0xc8, 0xc8,
    0xfe, 0xd4, 0xc8, 0xfe, 0xd4, 0x64, 0x01, 0xf4, 0x64, 0x64, 0xfe, 0x0c, 0x64, 0x01, 0x2c, 0x01,
    0xf4, 0x02, 0x58, 0xfb, 0xb4, 0x01, 0x2c, 0xfe, 0xd4, 0x01, 0x2c, 0x01, 0x90, 0x01, 0x2c, 0x64,
    0x64, 0xfe, 0xd4, 0x64, 0x64, 0xc8, 0x64, 0x64, 0x00, 0x03, 0x00, 0x00, 0x00, 0x00, 0x04, 0x4c,
    0x04, 0x4c, 0x00, 0x0b, 0x00, 0x17, 0x00, 0x1b, 0x00, 0x00, 0x01, 0x15, 0x33, 0x15, 0x23, 0x15,
    0x21, 0x35, 0x23, 0x35, 0x33, 0x35, 0x03, 0x35, 0x21, 0x15, 0x23, 0x11, 0x23, 0x11, 0x21, 0x11,
    0x23, 0x11, 0x01, 0x35, 0x21, 0x15, 0x03, 0x84, 0x64, 0x64, 0xfd, 0x44, 0x64, 0x64, 0xc8, 0x04,
    0x4c, 0xc8, 0xc8, 0xfe, 0xd4, 0xc8, 0x02, 0x58, 0xfe, 0x0c, 0x04, 0x4c, 0x64, 0xc8, 0x64, 0x64,
    0xc8, 0x64, 0xfd, 0x44, 0xc8, 0xc8, 0xfe, 0x70, 0x01, 0x90, 0xfe, 0x70, 0x01, 0x90, 0x01, 0xf4,
    0x64, 0x64, 0x00, 0x03, 0x00, 0x00, 0x00, 0x64, 0x04, 0x4c, 0x04, 0x4c, 0x00, 0x03, 0x00, 0x0f,
    0x00, 0x13, 0x00, 0x00, 0x35, 0x35, 0x21, 0x15, 0x03, 0x15, 0x33, 0x11, 0x23, 0x15, 0x21, 0x35,
    0x23, 0x11, 0x33, 0x35, 0x01, 0x35, 0x21, 0x15, 0x04, 0x4c, 0xc8, 0x64, 0x64, 0xfd, 0x44, 0x64,
    0x64, 0x02, 0x58, 0xfe, 0x0c, 0x64, 0xc8, 0xc8, 0x03, 0xe8, 0x64, 0xfe, 0x70, 0x64, 0x64, 0x01,
    0x90, 0x64, 0xfe, 0x70, 0xc8, 0xc8, 0x00, 0x04, 0x00, 0x00, 0x00, 0x00, 0x04, 0x4c, 0x04, 0x4c,
    0x00, 0x0b, 0x00, 0x0f, 0x00, 0x13, 0x00, 0x19, 0x00, 0x00, 0x01, 0x15, 0x33, 0x15, 0x23, 0x15,
    0x21, 0x35, 0x23, 0x35, 0x33, 0x35, 0x03, 0x35, 0x21, 0x15, 0x01, 0x35, 0x21, 0x15, 0x03, 0x11,
    0x33, 0x15, 0x21, 0x15, 0x03, 0x84, 0x64, 0x64, 0xfd, 0x44, 0x64, 0x64, 0xc8, 0x04, 0x4c, 0xfe,
    0xd4, 0xfe, 0x0c, 0xc8, 0xc8, 0x02, 0xbc, 0x04, 0x4c, 0x64, 0xc8, 0x64, 0x64, 0xc8, 0x64, 0xfd,
    0x44, 0xc8, 0xc8, 0x01, 0xf4, 0x64, 0x64, 0xfc, 0x7c, 0x01, 0x2c, 0x64, 0xc8, 0x00, 0x00, 0x04,
    0x00, 0x00, 0x00, 0x00, 0x04, 0x4c, 0x04, 0x4c, 0x00, 0x0f, 0x00, 0x13, 0x00, 0x19, 0x00, 0x1f,
    0x00, 0x00, 0x01, 0x15, 0x33, 0x15, 0x23, 0x15, 0x33, 0x15, 0x21, 0x35, 0x33, 0x35, 0x23, 0x35,
    0x33, 0x35, 0x05, 0x35, 0x21, 0x15, 0x03, 0x11, 0x21, 0x15, 0x21, 0x15, 0x01, 0x35, 0x21, 0x15,
    0x21, 0x35, 0x03, 0x84, 0x64, 0x64, 0xc8, 0xfb, 0xb4, 0xc8, 0x64, 0x64, 0x02, 0x58, 0xfe, 0x0c,
    0xc8, 0x01, 0x90, 0x01, 0xf4, 0xfc, 0x7c, 0x03, 0x84, 0xfe, 0x0c, 0x04, 0x4c, 0x64, 0xc8, 0x64,
    0x64, 0x64, 0x64, 0xc8, 0x64, 0xc8, 0x64, 0x64, 0xfc, 0x7c, 0x01, 0x2c, 0x64, 0xc8, 0x01, 0x90,
    0x64, 0xc8, 0x64, 0x00, 0x00, 0x05, 0x00, 0x00, 0x00, 0x00, 0x04, 0x4c, 0x04, 0x4c, 0x00, 0x0b,
    0x00, 0x0f, 0x00, 0x13, 0x00, 0x17, 0x00, 0x1b, 0x00, 0x00, 0x01, 0x15, 0x33, 0x15, 0x23, 0x15,
    0x21, 0x35, 0x23, 0x35, 0x33, 0x35, 0x03, 0x35, 0x21, 0x15, 0x01, 0x35, 0x21, 0x15, 0x01, 0x35,
    0x21, 0x15, 0x03, 0x11, 0x21, 0x11, 0x03, 0x84, 0x64, 0x64, 0xfd, 0x44, 0x64, 0x64, 0xc8, 0x04,
    0x4c, 0xfe, 0xd4, 0xfe, 0x0c, 0x01, 0xf4, 0xfe, 0x0c, 0xc8, 0x03, 0x84, 0x04, 0x4c, 0x64, 0xc8,
    0x64, 0x64, 0xc8, 0x64, 0xfd, 0xa8, 0x64, 0x64, 0xfe, 0xd4, 0x64, 0x64, 0x02, 0xbc, 0x64, 0x64,
    0xfc, 0x7c, 0x01, 0x90, 0xfe, 0x70, 0x00, 0x03, 0x00, 0x00, 0x00, 0x00, 0x03, 0xe8, 0x04, 0x4c,
    0x00, 0x07, 0x00, 0x13, 0x00, 0x17, 0x00, 0x00, 0x35, 0x35, 0x21, 0x11, 0x33, 0x11, 0x23, 0x35,
    0x01, 0x21, 0x15, 0x33, 0x11, 0x23, 0x15, 0x21, 0x35, 0x23, 0x11, 0x33, 0x13, 0x21, 0x35, 0x21,
    0x03, 0x20, 0xc8, 0xc8, 0xfd, 0x44, 0x01, 0xf4, 0x64, 0x64, 0xfe, 0x0c, 0x64, 0x64, 0x64, 0x01,
    0x2c, 0xfe, 0xd4, 0x64, 0xc8, 0x03, 0x20, 0xfb, 0xb4, 0x64, 0x03, 0xe8, 0x64, 0xfe, 0x70, 0x64,
    0x64, 0x01, 0x90, 0xfe, 0xd4, 0xc8, 0x00, 0x03, 0x00, 0x00, 0x00, 0x00, 0x03, 0xe8, 0x04, 0x4c,
    0x00, 0x0b, 0x00, 0x0f, 0x00, 0x13, 0x00, 0x00, 0x35, 0x11, 0x33, 0x35, 0x21, 0x15, 0x33, 0x11,
    0x23, 0x15, 0x21, 0x35, 0x05, 0x11, 0x33, 0x11, 0x01, 0x33, 0x11, 0x23, 0x64, 0x01, 0x90, 0x64,
    0x64, 0xfe, 0x70, 0x02, 0xbc, 0xc8, 0xfc, 0xe0, 0xc8, 0xc8, 0xc8, 0x03, 0x20, 0x64, 0x64, 0xfc,
    0xe0, 0x64, 0x64, 0xc8, 0x04, 0x4c, 0xfb, 0xb4, 0x01, 0x2c, 0x02, 0x58, 0x00, 0x04, 0x00, 0x00,
    0x00, 0x00, 0x03, 0xe8, 0x04, 0x4c, 0x00, 0x0b, 0x00, 0x0f, 0x00, 0x13, 0x00, 0x19, 0x00, 0x00,
    0x11, 0x11, 0x33, 0x35, 0x21, 0x15, 0x33, 0x11, 0x23, 0x15, 0x21, 0x35, 0x37, 0x33, 0x35, 0x23,
    0x01, 0x11, 0x33, 0x11, 0x01, 0x11, 0x33, 0x15, 0x21, 0x15, 0x64, 0x01, 0x90, 0x64, 0x64, 0xfe,
    0x70, 0x64, 0xc8, 0xc8, 0x02, 0x58, 0xc8, 0xfc, 0x7c, 0xc8, 0x02, 0xbc, 0x02, 0x58, 0x01, 0x90,
    0x64, 0x64, 0xfe, 0x70, 0x64, 0x64, 0x64, 0xc8, 0xfe, 0x0c, 0x02, 0xbc, 0xfd, 0x44, 0xfe, 0x70,
    0x01, 0x90, 0xc8, 0xc8, 0x00, 0x05, 0x00, 0x00, 0x00, 0x00, 0x03, 0xe8, 0x04, 0x4c, 0x00, 0x0b,
    0x00, 0x0f, 0x00, 0x13, 0x00, 0x19, 0x00, 0x1f, 0x00, 0x00, 0x11, 0x11, 0x33, 0x35, 0x21, 0x15,
    0x33, 0x11, 0x23, 0x15, 0x21, 0x35, 0x37, 0x15, 0x33, 0x35, 0x01, 0x11, 0x33, 0x11, 0x01, 0x11,
    0x21, 0x15, 0x21, 0x15, 0x01, 0x35, 0x21, 0x15, 0x21, 0x35, 0x64, 0x01, 0x90, 0x64, 0x64, 0xfe,
    0x70, 0x64, 0xc8, 0x01, 0x90, 0xc8, 0xfc, 0x7c, 0x01, 0x90, 0x01, 0xf4, 0xfc, 0x7c, 0x03, 0x84,
    0xfe, 0x0c, 0x02, 0xbc, 0x01, 0x2c, 0x64, 0x64, 0xfe, 0xd4, 0x64, 0x64, 0xc8, 0x64, 0x64, 0xfe,
    0xd4, 0x01, 0xf4, 0xfe, 0x0c, 0xfd, 0xa8, 0x01, 0x2c, 0x64, 0xc8, 0x01, 0x90, 0x64, 0xc8, 0x64,
    0x00, 0x05, 0x00, 0x00, 0x00, 0x00, 0x03, 0xe8, 0x04, 0x4c, 0x00, 0x0b, 0x00, 0x29, 0x00, 0x2d,
    0x00, 0x31, 0x00, 0x35, 0x00, 0x00, 0x11, 0x11, 0x33, 0x35, 0x21, 0x15, 0x33, 0x11, 0x23, 0x15,
    0x21, 0x35, 0x01, 0x15, 0x21, 0x35, 0x23, 0x15, 0x21, 0x11, 0x33, 0x15, 0x33, 0x35, 0x33, 0x35,
    0x23, 0x15, 0x23, 0x35, 0x23, 0x35, 0x21, 0x35, 0x33, 0x15, 0x33, 0x15, 0x23, 0x15, 0x33, 0x15,
    0x01, 0x35, 0x23, 0x15, 0x01, 0x35, 0x23, 0x15, 0x13, 0x11, 0x33, 0x11, 0x64, 0x01, 0x90, 0x64,
    0x64, 0xfe, 0x70, 0x03, 0x20, 0xfe, 0xd4, 0x64, 0xfe, 0x70, 0xc8, 0xc8, 0x64, 0x64, 0xc8, 0xc8,
    0x02, 0x58, 0x64, 0xc8, 0x64, 0x64, 0xfd, 0xa8, 0xc8, 0x02, 0x58, 0x64, 0x64, 0xc8, 0x02, 0xbc,
    0x01, 0x2c, 0x64, 0x64, 0xfe, 0xd4, 0x64, 0x64, 0xfd, 0xa8, 0x64, 0x64, 0x64, 0x01, 0x2c, 0x64,
    0x64, 0x64, 0x64, 0x64, 0x64, 0x64, 0x64, 0x64, 0x64, 0xc8, 0x02, 0xbc, 0x64, 0x64, 0xfd, 0xa8,
    0x64, 0x64, 0x01, 0x90, 0x01, 0xf4, 0xfe, 0x0c, 0x00, 0x05, 0x00, 0x00, 0x00, 0x00, 0x03, 0xe8,
    0x04, 0x4c, 0x00, 0x0b, 0x00, 0x0f, 0x00, 0x13, 0x00, 0x17, 0x00, 0x1b, 0x00, 0x00, 0x11, 0x11,
    0x33, 0x35, 0x21, 0x15, 0x33, 0x11, 0x23, 0x15, 0x21, 0x35, 0x37, 0x33, 0x35, 0x23, 0x01, 0x35,
    0x21, 0x15, 0x01, 0x11, 0x33, 0x11, 0x01, 0x11, 0x21, 0x11, 0x64, 0x01, 0x90, 0x64, 0x64, 0xfe,
    0x70, 0x64, 0xc8, 0xc8, 0x02, 0x58, 0xfe, 0x0c, 0x01, 0xf4, 0xc8, 0xfc, 0x7c, 0x03, 0x84, 0x02,
    0x58, 0x01, 0x90, 0x64, 0x64, 0xfe, 0x70, 0x64, 0x64, 0x64, 0xc8, 0xfd, 0x44, 0x64, 0x64, 0x01,
    0x2c, 0x02, 0x58, 0xfd, 0xa8, 0xfe, 0x0c, 0x01, 0x90, 0xfe, 0x70, 0x00, 0x00, 0x03, 0x00, 0x00,
    0x00, 0x00, 0x03, 0xe8, 0x04, 0x4c, 0x00, 0x11, 0x00, 0x15, 0x00, 0x19, 0x00, 0x00, 0x11, 0x11,
    0x33, 0x35, 0x21, 0x15, 0x33, 0x11, 0x23, 0x15, 0x23, 0x15, 0x21, 0x11, 0x33, 0x11, 0x21, 0x11,
    0x37, 0x33, 0x35, 0x23, 0x01, 0x35, 0x21, 0x15, 0x64, 0x01, 0x90, 0x64, 0x64, 0xc8, 0x01, 0xf4,
    0xc8, 0xfc, 0x7c, 0x64, 0xc8, 0xc8, 0x02, 0x58, 0xfe, 0x0c, 0x02, 0x58, 0x01, 0x90, 0x64, 0x64,
    0xfe, 0x70, 0x64, 0x64, 0x02, 0xbc, 0xfb, 0xb4, 0x02, 0x58, 0x64, 0xc8, 0xfd, 0x44, 0x64, 0x64,
    0x00, 0x04, 0x00, 0x00, 0x00, 0x00, 0x03, 0xe8, 0x04, 0x4c, 0x00, 0x0b, 0x00, 0x27, 0x00, 0x2b,
    0x00, 0x2f, 0x00, 0x00, 0x11, 0x11, 0x33, 0x35, 0x21, 0x15, 0x33, 0x11, 0x23, 0x15, 0x21, 0x35,
    0x01, 0x33, 0x15, 0x23, 0x35, 0x23, 0x15, 0x21, 0x35, 0x23, 0x15, 0x23, 0x35, 0x33, 0x35, 0x33,
    0x35, 0x33, 0x15, 0x33, 0x15, 0x33, 0x35, 0x33, 0x35, 0x33, 0x15, 0x33, 0x01, 0x33, 0x35, 0x23,
    0x01, 0x11, 0x33, 0x11, 0x64, 0x01, 0x90, 0x64, 0x64, 0xfe, 0x70, 0x03, 0x20, 0x64, 0xc8, 0x64,
    0xfe, 0xd4, 0x64, 0xc8, 0x64, 0x64, 0x64, 0x64, 0x64, 0x64, 0x64, 0x64, 0xfd, 0x44, 0xc8, 0xc8,
    0x02, 0x58, 0xc8, 0x02, 0x58, 0x01, 0x90, 0x64, 0x64, 0xfe, 0x70, 0x64, 0x64, 0xfe, 0x70, 0xc8,
    0x64, 0x64, 0x64, 0x64, 0xc8, 0x64, 0x64, 0x64, 0x64, 0x64, 0x64, 0x64, 0x01, 0x90, 0xc8, 0xfe,
    0x70, 0x02, 0x58, 0xfd, 0xa8, 0x00, 0x00, 0x02, 0x00, 0x00, 0x00, 0x00, 0x04, 0x4c, 0x04, 0x4c,
    0x00, 0x13, 0x00, 0x1b, 0x00, 0x00, 0x35, 0x11, 0x33, 0x11, 0x33, 0x35, 0x23, 0x35, 0x21, 0x15,
    0x23, 0x15, 0x33, 0x11, 0x33, 0x11, 0x23, 0x35, 0x23, 0x15, 0x01, 0x23, 0x11, 0x23, 0x11, 0x33,
    0x11, 0x33, 0x64, 0x64, 0xc8, 0x02, 0x58, 0xc8, 0x64, 0x64, 0xc8, 0xc8, 0x03, 0x84, 0x64, 0xc8,
    0xc8, 0x64, 0x64, 0x01, 0x2c, 0x01, 0x2c, 0xc8, 0xc8, 0xc8, 0xc8, 0xfe, 0xd4, 0xfe, 0xd4, 0xc8,
    0xc8, 0x01, 0x90, 0xfe, 0x0c, 0x04, 0x4c, 0xfe, 0x70, 0x00, 0x00, 0x03, 0x00, 0x00, 0x00, 0x00,
    0x04, 0x4c, 0x04, 0x4c, 0x00, 0x17, 0x00, 0x1f, 0x00, 0x25, 0x00, 0x00, 0x11, 0x35, 0x33, 0x35,
    0x33, 0x35, 0x23, 0x35, 0x21, 0x15, 0x23, 0x15, 0x33, 0x15, 0x33, 0x15, 0x23, 0x35, 0x23, 0x35,
    0x23, 0x15, 0x23, 0x15, 0x25, 0x23, 0x15, 0x23, 0x11, 0x33, 0x15, 0x33, 0x01, 0x21, 0x35, 0x21,
    0x11, 0x23, 0x64, 0x64, 0xc8, 0x02, 0xbc, 0xc8, 0x64, 0x64, 0xc8, 0x64, 0x64, 0x64, 0x03, 0x84,
    0x64, 0xc8, 0xc8, 0x64, 0xfe, 0xd4, 0xfd, 0x44, 0x03, 0x84, 0xc8, 0x01, 0xf4, 0xc8, 0x64, 0x64,
    0xc8, 0xc8, 0x64, 0x64, 0xc8, 0x64, 0x64, 0x64, 0x64, 0xc8, 0xc8, 0x02, 0x58, 0xc8, 0xfd, 0x44,
    0xc8, 0xfe, 0x70, 0x00, 0x00, 0x04, 0x00, 0x00, 0x00, 0x00, 0x04, 0x4c, 0x04, 0x4c, 0x00, 0x17,
    0x00, 0x1f, 0x00, 0x23, 0x00, 0x27, 0x00, 0x00, 0x11, 0x35, 0x33, 0x35, 0x33, 0x35, 0x23, 0x35,
    0x21, 0x15, 0x23, 0x15, 0x33, 0x15, 0x33, 0x15, 0x23, 0x35, 0x23, 0x35, 0x23, 0x15, 0x23, 0x15,
    0x25, 0x23, 0x15, 0x23, 0x11, 0x33, 0x15, 0x33, 0x01, 0x35, 0x21, 0x15, 0x07, 0x11, 0x21, 0x11,
    0x64, 0x64, 0xc8, 0x02, 0xbc, 0xc8, 0x64, 0x64, 0xc8, 0x64, 0x64, 0x64, 0x03, 0x84, 0x64, 0xc8,
    0xc8, 0x64, 0xfe, 0xd4, 0xfe, 0x0c, 0xc8, 0x03, 0x84, 0x01, 0xf4, 0xc8, 0x64, 0x64, 0xc8, 0xc8,
    0x64, 0x64, 0xc8, 0x64, 0x64, 0x64, 0x64, 0xc8, 0xc8, 0x02, 0x58, 0xc8, 0xfd, 0x44, 0x64, 0x64,
    0xc8, 0x01, 0x90, 0xfe, 0x70, 0x00, 0x00, 0x04, 0x00, 0x00, 0x00, 0x00, 0x04, 0x4c, 0x04, 0x4c,
    0x00, 0x17, 0x00, 0x23, 0x00, 0x2b, 0x00, 0x2f, 0x00, 0x00, 0x11, 0x35, 0x33, 0x35, 0x33, 0x35,
    0x23, 0x35, 0x21, 0x15, 0x23, 0x15, 0x33, 0x15, 0x33, 0x15, 0x23, 0x35, 0x23, 0x35, 0x23, 0x15,
    0x23, 0x15, 0x01, 0x15, 0x21, 0x35, 0x23, 0x35, 0x33, 0x35, 0x21, 0x15, 0x33, 0x15, 0x13, 0x23,
    0x15, 0x23, 0x11, 0x33, 0x15, 0x33, 0x01, 0x35, 0x21, 0x15, 0x64, 0x64, 0xc8, 0x02, 0xbc, 0xc8,
    0x64, 0x64, 0xc8, 0x64, 0x64, 0x64, 0x02, 0xbc, 0xfd, 0x44, 0x64, 0x64, 0x02, 0xbc, 0x64, 0x64,
    0x64, 0xc8, 0xc8, 0x64, 0xfe, 0xd4, 0xfe, 0x0c, 0x01, 0xf4, 0xc8, 0x64, 0x64, 0xc8, 0xc8, 0x64,
    0x64, 0xc8, 0x64, 0x64, 0x64, 0x64, 0xfe, 0x70, 0x64, 0x64, 0xc8, 0x64, 0x64, 0xc8, 0x02, 0x58,
    0xc8, 0x02, 0x58, 0xc8, 0xfd, 0x44, 0x64, 0x64, 0x00, 0x02, 0x00, 0x00, 0x00, 0x00, 0x03, 0xe8,
    0x04, 0x4c, 0x00, 0x13, 0x00, 0x1b, 0x00, 0x00, 0x35, 0x11, 0x33, 0x11, 0x33, 0x35, 0x23, 0x35,
    0x21, 0x15, 0x23, 0x15, 0x33, 0x11, 0x33, 0x11, 0x23, 0x35, 0x23, 0x15, 0x01, 0x35, 0x33, 0x11,
    0x33, 0x11, 0x23, 0x11, 0x64, 0x64, 0xc8, 0x02, 0x58, 0xc8, 0x64, 0x64, 0xc8, 0xc8, 0x01, 0x90,
    0xc8, 0xc8, 0xc8, 0x64, 0x01, 0x2c, 0x01, 0x2c, 0xc8, 0xc8, 0xc8, 0xc8, 0xfe, 0xd4, 0xfe, 0xd4,
    0xc8, 0xc8, 0x01, 0x90, 0xc8, 0x01, 0x90, 0xfb, 0xb4, 0x01, 0xf4, 0x00, 0x00, 0x03, 0x00, 0x00,
    0x00, 0x00, 0x03, 0xe8, 0x04, 0x4c, 0x00, 0x13, 0x00, 0x1b, 0x00, 0x21, 0x00, 0x00, 0x11, 0x35,
    0x33, 0x35, 0x33, 0x35, 0x23, 0x35, 0x21, 0x15, 0x23, 0x15, 0x33, 0x15, 0x33, 0x15, 0x23, 0x35,
    0x23, 0x15, 0x25, 0x35, 0x33, 0x35, 0x33, 0x11, 0x23, 0x35, 0x11, 0x21, 0x35, 0x21, 0x11, 0x23,
    0x64, 0x64, 0xc8, 0x02, 0x58, 0xc8, 0x64, 0x64, 0xc8, 0xc8, 0x01, 0x90, 0xc8, 0xc8, 0xc8, 0xfd,
    0x44, 0x03, 0x84, 0xc8, 0x01, 0xf4, 0xc8, 0x64, 0x64, 0xc8, 0xc8, 0x64, 0x64, 0xc8, 0x64, 0x64,
    0xc8, 0xc8, 0xc8, 0xfd, 0xa8, 0xc8, 0xfe, 0x0c, 0xc8, 0xfe, 0x70, 0x00, 0x00, 0x03, 0x00, 0x00,
    0x00, 0x00, 0x03, 0xe8, 0x04, 0x4c, 0x00, 0x13, 0x00, 0x1b, 0x00, 0x21, 0x00, 0x00, 0x11, 0x35,
    0x33, 0x35, 0x33, 0x35, 0x23, 0x35, 0x21, 0x15, 0x23, 0x15, 0x33, 0x15, 0x33, 0x15, 0x23, 0x35,
    0x23, 0x15, 0x25, 0x35, 0x33, 0x35, 0x33, 0x11, 0x23, 0x11, 0x01, 0x11, 0x33, 0x15, 0x21, 0x15,
    0x64, 0x64, 0xc8, 0x02, 0x58, 0xc8, 0x64, 0x64, 0xc8, 0xc8, 0x01, 0x90, 0xc8, 0xc8, 0xc8, 0xfd,
    0x44, 0xc8, 0x02, 0xbc, 0x01, 0xf4, 0xc8, 0x64, 0x64, 0xc8, 0xc8, 0x64, 0x64, 0xc8, 0x64, 0x64,
    0xc8, 0xc8, 0xc8, 0xfd, 0x44, 0x01, 0x2c, 0xfd, 0x44, 0x01, 0x90, 0xc8, 0xc8, 0x00, 0x00, 0x04,
    0x00, 0x00, 0x00, 0x00, 0x03, 0xe8, 0x04, 0x4c, 0x00, 0x13, 0x00, 0x1b, 0x00, 0x1f, 0x00, 0x23,
    0x00, 0x00, 0x11, 0x35, 0x33, 0x35, 0x33, 0x35, 0x23, 0x35, 0x21, 0x15, 0x23, 0x15, 0x33, 0x15,
    0x33, 0x15, 0x23, 0x35, 0x23, 0x15, 0x25, 0x35, 0x33, 0x35, 0x33, 0x11, 0x23, 0x35, 0x11, 0x35,
    0x21, 0x15, 0x07, 0x11, 0x21, 0x11, 0x64, 0x64, 0xc8, 0x02, 0x58, 0xc8, 0x64, 0x64, 0xc8, 0xc8,
    0x01, 0x90, 0xc8, 0xc8, 0xc8, 0xfe, 0x0c, 0xc8, 0x03, 0x84, 0x01, 0xf4, 0xc8, 0x64, 0x64, 0xc8,
    0xc8, 0x64, 0x64, 0xc8, 0x64, 0x64, 0xc8, 0xc8, 0xc8, 0xfd, 0xa8, 0xc8, 0xfe, 0x0c, 0x64, 0x64,
    0xc8, 0x01, 0x90, 0xfe, 0x70, 0x00, 0x00, 0x02, 0x00, 0x00, 0x00, 0x00, 0x03, 0xe8, 0x04, 0x4c,
    0x00, 0x1f, 0x00, 0x23, 0x00, 0x00, 0x11, 0x35, 0x33, 0x35, 0x33, 0x35, 0x23, 0x35, 0x21, 0x15,
    0x23, 0x15, 0x33, 0x15, 0x33, 0x15, 0x23, 0x35, 0x23, 0x15, 0x33, 0x15, 0x21, 0x11, 0x23, 0x35,
    0x33, 0x35, 0x33, 0x11, 0x21, 0x11, 0x01, 0x35, 0x21, 0x15, 0x64, 0x64, 0xc8, 0x02, 0x58, 0xc8,
    0x64, 0x64, 0xc8, 0xc8, 0x64, 0x01, 0xf4, 0xc8, 0xc8, 0xc8, 0xfc, 0x7c, 0x02, 0xbc, 0xfe, 0x0c,
    0x01, 0xf4, 0xc8, 0x64, 0x64, 0xc8, 0xc8, 0x64, 0x64, 0xc8, 0x64, 0x64, 0x64, 0x01, 0x2c, 0xc8,
    0xc8, 0xfb, 0xb4, 0x01, 0xf4, 0xfe, 0xd4, 0x64, 0x64, 0x00, 0x00, 0x04, 0x00, 0x00, 0x00, 0x00,
    0x03, 0xe8, 0x04, 0x4c, 0x00, 0x13, 0x00, 0x1f, 0x00, 0x27, 0x00, 0x2b, 0x00, 0x00, 0x11, 0x35,
    0x33, 0x35, 0x33, 0x35, 0x23, 0x35, 0x21, 0x15, 0x23, 0x15, 0x33, 0x15, 0x33, 0x15, 0x23, 0x35,
    0x23, 0x15, 0x01, 0x15, 0x21, 0x35, 0x23, 0x35, 0x33, 0x35, 0x21, 0x15, 0x33, 0x15, 0x01, 0x35,
    0x33, 0x35, 0x33, 0x11, 0x23, 0x35, 0x11, 0x35, 0x21, 0x15, 0x64, 0x64, 0xc8, 0x02, 0x58, 0xc8,
    0x64, 0x64, 0xc8, 0xc8, 0x02, 0xbc, 0xfd, 0x44, 0x64, 0x64, 0x02, 0xbc, 0x64, 0xfe, 0x70, 0xc8,
    0xc8, 0xc8, 0xfe, 0x0c, 0x01, 0xf4, 0xc8, 0x64, 0x64, 0xc8, 0xc8, 0x64, 0x64, 0xc8, 0x64, 0x64,
    0xfe, 0x70, 0x64, 0x64, 0xc8, 0x64, 0x64, 0xc8, 0x02, 0x58, 0xc8, 0xc8, 0xfd, 0xa8, 0xc8, 0xfe,
    0x0c, 0x64, 0x64, 0x00, 0x00, 0x02, 0x00, 0x00, 0x00, 0x64, 0x04, 0x4c, 0x04, 0x4c, 0x00, 0x07,
    0x00, 0x27, 0x00, 0x00, 0x35, 0x35, 0x21, 0x35, 0x33, 0x15, 0x21, 0x15, 0x03, 0x15, 0x33, 0x15,
    0x23, 0x35, 0x23, 0x35, 0x23, 0x35, 0x23, 0x15, 0x23, 0x15, 0x23, 0x15, 0x23, 0x35, 0x33, 0x35,
    0x33, 0x35, 0x33, 0x35, 0x21, 0x35, 0x21, 0x15, 0x21, 0x15, 0x33, 0x15, 0x01, 0xf4, 0xc8, 0x01,
    0x90, 0xc8, 0x64, 0xc8, 0x64, 0x64, 0x64, 0x64, 0x64, 0xc8, 0x64, 0x64, 0x64, 0xfe, 0xd4, 0x03,
    0x84, 0xfe, 0xd4, 0x64, 0x64, 0xc8, 0xc8, 0xc8, 0xc8, 0x02, 0x58, 0x64, 0xc8, 0x64, 0x64, 0x64,
    0x64, 0x64, 0x64, 0xc8, 0x64, 0x64, 0x64, 0xc8, 0xc8, 0x64, 0x64, 0x00, 0x00, 0x04, 0x00, 0x00,
    0x00, 0x00, 0x04, 0x4c, 0x04, 0x4c, 0x00, 0x07, 0x00, 0x13, 0x00, 0x27, 0x00, 0x2b, 0x00, 0x00,
    0x11, 0x35, 0x21, 0x35, 0x33, 0x15, 0x21, 0x15, 0x03, 0x15, 0x21, 0x35, 0x23, 0x35, 0x33, 0x35,
    0x21, 0x15, 0x33, 0x15, 0x01, 0x21, 0x35, 0x33, 0x35, 0x23, 0x35, 0x21, 0x15, 0x23, 0x15, 0x33,
    0x15, 0x21, 0x35, 0x23, 0x35, 0x23, 0x15, 0x23, 0x01, 0x35, 0x21, 0x15, 0x01, 0xf4, 0xc8, 0x01,
    0x90, 0xc8, 0xfd, 0x44, 0x64, 0x64, 0x02, 0xbc, 0x64, 0xfd, 0xa8, 0xfe, 0xd4, 0xc8, 0xc8, 0x03,
    0x84, 0xc8, 0xc8, 0xfe, 0xd4, 0x64, 0x64, 0x64, 0x01, 0x90, 0xfe, 0x0c, 0x01, 0xf4, 0x64, 0x64,
    0x64, 0x64, 0xfe, 0x70, 0x64, 0x64, 0xc8, 0x64, 0x64, 0xc8, 0x02, 0x58, 0x64, 0x64, 0xc8, 0xc8,
    0x64, 0x64, 0x64, 0x64, 0x64, 0xfd, 0xa8, 0x64, 0x64, 0x00, 0x00, 0x02, 0x00, 0x00, 0x00, 0x00,
    0x04, 0x4c, 0x04, 0x4c, 0x00, 0x0f, 0x00, 0x27, 0x00, 0x00, 0x35, 0x35, 0x21, 0x35, 0x33, 0x15,
    0x21, 0x11, 0x33, 0x11, 0x33, 0x15, 0x23, 0x11, 0x23, 0x35, 0x01, 0x35, 0x33, 0x35, 0x33, 0x35,
    0x23, 0x35, 0x21, 0x15, 0x23, 0x15, 0x33, 0x15, 0x33, 0x15, 0x23, 0x35, 0x23, 0x35, 0x23, 0x15,
    0x23, 0x15, 0x01, 0x2c, 0xc8, 0x01, 0x2c, 0xc8, 0x64, 0x64, 0xc8, 0xfc, 0xe0, 0x64, 0x64, 0xc8,
    0x02, 0xbc, 0xc8, 0x64, 0x64, 0xc8, 0x64, 0x64, 0x64, 0x64, 0xc8, 0xc8, 0xc8, 0x03, 0x20, 0xfe,
    0x70, 0xc8, 0xfe, 0x0c, 0x64, 0x01, 0x90, 0xc8, 0x64, 0x64, 0xc8, 0xc8, 0x64, 0x64, 0xc8, 0x64,
    0x64, 0x64, 0x64, 0x00, 0x00, 0x02, 0x00, 0x00, 0x00, 0x00, 0x04, 0x4c, 0x04, 0x4c, 0x00, 0x07,
    0x00, 0x1b, 0x00, 0x00, 0x11, 0x21, 0x15, 0x21, 0x11, 0x23, 0x11, 0x21, 0x01, 0x15, 0x21, 0x35,
    0x33, 0x35, 0x23, 0x35, 0x21, 0x15, 0x23, 0x15, 0x33, 0x15, 0x21, 0x35, 0x23, 0x35, 0x23, 0x15,
    0x04, 0x4c, 0xfe, 0x70, 0xc8, 0xfe, 0x0c, 0x01, 0x90, 0xfe, 0xd4, 0xc8, 0xc8, 0x03, 0x84, 0xc8,
    0xc8, 0xfe, 0xd4, 0x64, 0x64, 0x01, 0xf4, 0xc8, 0xfe, 0xd4, 0x01, 0x2c, 0x01, 0x90, 0x64, 0xc8,
    0x64, 0xc8, 0xc8, 0x64, 0xc8, 0x64, 0x64, 0x64, 0x00, 0x02, 0x00, 0x00, 0x00, 0x00, 0x04, 0x4c,
    0x04, 0x4c, 0x00, 0x0d, 0x00, 0x21, 0x00, 0x00, 0x11, 0x35, 0x21, 0x15, 0x21, 0x15, 0x21, 0x11,
    0x23, 0x35, 0x21, 0x35, 0x21, 0x35, 0x27, 0x21, 0x35, 0x33, 0x35, 0x23, 0x35, 0x21, 0x15, 0x23,
    0x15, 0x33, 0x15, 0x21, 0x35, 0x23, 0x35, 0x23, 0x15, 0x23, 0x04, 0x4c, 0xfe, 0x70, 0x01, 0x2c,
    0xc8, 0xfd, 0x44, 0x01, 0x90, 0x64, 0xfe, 0xd4, 0xc8, 0xc8, 0x03, 0x84, 0xc8, 0xc8, 0xfe, 0xd4,
    0x64, 0x64, 0x64, 0x01, 0xf4, 0x64, 0x64, 0x64, 0xfe, 0x70, 0xc8, 0xc8, 0x64, 0xc8, 0x64, 0x64,
    0xc8, 0xc8, 0x64, 0x64, 0x64, 0x64, 0x64, 0x00, 0x00, 0x03, 0x00, 0x00, 0x00, 0x00, 0x04, 0x4c,
    0x04, 0x4c, 0x00, 0x07, 0x00, 0x1b, 0x00, 0x21, 0x00, 0x00, 0x11, 0x35, 0x21, 0x15, 0x21, 0x15,
    0x23, 0x35, 0x27, 0x21, 0x35, 0x33, 0x35, 0x23, 0x35, 0x21, 0x15, 0x23, 0x15, 0x33, 0x15, 0x21,
    0x35, 0x23, 0x35, 0x23, 0x15, 0x23, 0x01, 0x11, 0x33, 0x15, 0x21, 0x15, 0x04, 0x4c, 0xfe, 0x70,
    0xc8, 0x64, 0xfe, 0xd4, 0xc8, 0xc8, 0x03, 0x84, 0xc8, 0xc8, 0xfe, 0xd4, 0x64, 0x64, 0x64, 0xfe,
    0xd4, 0xc8, 0x02, 0xbc, 0x01, 0xf4, 0x64, 0x64, 0xc8, 0xc8, 0xc8, 0x64, 0x64, 0xc8, 0xc8, 0x64,
    0x64, 0x64, 0x64, 0x64, 0xfc, 0xe0, 0x01, 0x90, 0xc8, 0xc8, 0x00, 0x05, 0x00, 0x00, 0x00, 0x00,
    0x04, 0x4c, 0x04, 0x4c, 0x00, 0x07, 0x00, 0x1b, 0x00, 0x1f, 0x00, 0x23, 0x00, 0x27, 0x00, 0x00,
    0x11, 0x35, 0x21, 0x15, 0x23, 0x11, 0x21, 0x11, 0x25, 0x21, 0x35, 0x33, 0x35, 0x23, 0x35, 0x21,
    0x15, 0x23, 0x15, 0x33, 0x15, 0x21, 0x35, 0x23, 0x35, 0x23, 0x15, 0x23, 0x01, 0x35, 0x21, 0x15,
    0x01, 0x23, 0x15, 0x33, 0x25, 0x15, 0x33, 0x35, 0x04, 0x4c, 0x64, 0xfc, 0x7c, 0x01, 0x2c, 0xfe,
    0xd4, 0xc8, 0xc8, 0x03, 0x84, 0xc8, 0xc8, 0xfe, 0xd4, 0x64, 0x64, 0x64, 0x01, 0x90, 0xfe, 0x0c,
    0x01, 0xf4, 0x64, 0x64, 0xfe, 0x0c, 0xc8, 0x01, 0xf4, 0x64, 0x64, 0xfe, 0x0c, 0x01, 0xf4, 0xc8,
    0x64, 0x64, 0xc8, 0xc8, 0x64, 0x64, 0x64, 0x64, 0x64, 0xfd, 0xa8, 0x64, 0x64, 0x01, 0x2c, 0x64,
    0x64, 0x64, 0x64, 0x00, 0x00, 0x03, 0x00, 0x00, 0x00, 0x00, 0x04, 0x4c, 0x04, 0x4c, 0x00, 0x13,
    0x00, 0x27, 0x00, 0x2b, 0x00, 0x00, 0x11, 0x35, 0x21, 0x15, 0x21, 0x15, 0x33, 0x15, 0x33, 0x15,
    0x23, 0x15, 0x21, 0x35, 0x23, 0x35, 0x33, 0x35, 0x21, 0x35, 0x27, 0x21, 0x35, 0x33, 0x35, 0x23,
    0x35, 0x21, 0x15, 0x23, 0x15, 0x33, 0x15, 0x21, 0x35, 0x23, 0x35, 0x23, 0x15, 0x23, 0x01, 0x35,
    0x21, 0x15, 0x04, 0x4c, 0xfe, 0x70, 0xc8, 0x64, 0x64, 0xfd, 0x44, 0x64, 0x64, 0x01, 0x2c, 0x64,
    0xfe, 0xd4, 0xc8, 0xc8, 0x03, 0x84, 0xc8, 0xc8, 0xfe, 0xd4, 0x64, 0x64, 0x64, 0x01, 0x90, 0xfe,
    0x0c, 0x01, 0xf4, 0x64, 0x64, 0x64, 0x64, 0xc8, 0x64, 0x64, 0xc8, 0x64, 0x64, 0xc8, 0x64, 0x64,
    0xc8, 0xc8, 0x64, 0x64, 0x64, 0x64, 0x64, 0xfd, 0xa8, 0x64, 0x64, 0x00, 0x00, 0x03, 0x00, 0x00,
    0x00, 0x00, 0x04, 0x4c, 0x04, 0x4c, 0x00, 0x03, 0x00, 0x17, 0x00, 0x1d, 0x00, 0x00, 0x11, 0x35,
    0x21, 0x15, 0x25, 0x21, 0x35, 0x33, 0x35, 0x23, 0x35, 0x21, 0x15, 0x23, 0x15, 0x33, 0x15, 0x21,
    0x35, 0x23, 0x35, 0x23, 0x15, 0x23, 0x01, 0x21, 0x35, 0x21, 0x11, 0x23, 0x04, 0x4c, 0xfd, 0x44,
    0xfe, 0xd4, 0xc8, 0xc8, 0x03, 0x84, 0xc8, 0xc8, 0xfe, 0xd4, 0x64, 0x64, 0x64, 0x01, 0x90, 0xfd,
    0x44, 0x03, 0x84, 0xc8, 0x01, 0xf4, 0x64, 0x64, 0xc8, 0x64, 0x64, 0xc8, 0xc8, 0x64, 0x64, 0x64,
    0x64, 0x64, 0xfd, 0xa8, 0xc8, 0xfe, 0x70, 0x00, 0x00, 0x04, 0x00, 0x00, 0x00, 0x00, 0x04, 0x4c,
    0x04, 0x4c, 0x00, 0x03, 0x00, 0x0f, 0x00, 0x23, 0x00, 0x27, 0x00, 0x00, 0x11, 0x35, 0x21, 0x15,
    0x03, 0x15, 0x21, 0x35, 0x23, 0x35, 0x33, 0x35, 0x21, 0x15, 0x33, 0x15, 0x01, 0x21, 0x35, 0x33,
    0x35, 0x23, 0x35, 0x21, 0x15, 0x23, 0x15, 0x33, 0x15, 0x21, 0x35, 0x23, 0x35, 0x23, 0x15, 0x23,
    0x01, 0x35, 0x21, 0x15, 0x04, 0x4c, 0xc8, 0xfd, 0x44, 0x64, 0x64, 0x02, 0xbc, 0x64, 0xfd, 0xa8,
    0xfe, 0xd4, 0xc8, 0xc8, 0x03, 0x84, 0xc8, 0xc8, 0xfe, 0xd4, 0x64, 0x64, 0x64, 0x01, 0x90, 0xfe,
    0x0c, 0x01, 0xf4, 0x64, 0x64, 0xfe, 0x70, 0x64, 0x64, 0xc8, 0x64, 0x64, 0xc8, 0x02, 0x58, 0x64,
    0x64, 0xc8, 0xc8, 0x64, 0x64, 0x64, 0x64, 0x64, 0xfd, 0xa8, 0x64, 0x64, 0x00, 0x02, 0x00, 0x00,
    0x00, 0x00, 0x03, 0xe8, 0x04, 0x4c, 0x00, 0x13, 0x00, 0x17, 0x00, 0x00, 0x35, 0x11, 0x33, 0x11,
    0x33, 0x35, 0x23, 0x35, 0x21, 0x15, 0x23, 0x15, 0x33, 0x11, 0x33, 0x11, 0x23, 0x35, 0x23, 0x15,
    0x05, 0x11, 0x33, 0x11, 0x64, 0x64, 0xc8, 0x02, 0x58, 0xc8, 0x64, 0x64, 0xc8, 0xc8, 0x02, 0x58,
    0xc8, 0x64, 0x01, 0x2c, 0x01, 0x2c, 0xc8, 0xc8, 0xc8, 0xc8, 0xfe, 0xd4, 0xfe, 0xd4, 0xc8, 0xc8,
    0x64, 0x04, 0x4c, 0xfb, 0xb4, 0x00, 0x00, 0x04, 0x00, 0x00, 0x00, 0x00, 0x03, 0xe8, 0x04, 0x4c,
    0x00, 0x13, 0x00, 0x17, 0x00, 0x1b, 0x00, 0x1f, 0x00, 0x00, 0x11, 0x35, 0x33, 0x35, 0x33, 0x35,
    0x23, 0x35, 0x21, 0x15, 0x23, 0x15, 0x33, 0x15, 0x33, 0x15, 0x23, 0x35, 0x23, 0x15, 0x01, 0x35,
    0x21, 0x15, 0x01, 0x11, 0x33, 0x11, 0x01, 0x11, 0x21, 0x11, 0x64, 0x64, 0xc8, 0x02, 0x58, 0xc8,
    0x64, 0x64, 0xc8, 0xc8, 0x02, 0x58, 0xfe, 0x0c, 0x01, 0xf4, 0xc8, 0xfc, 0x7c, 0x03, 0x84, 0x01,
    0xf4, 0xc8, 0x64, 0x64, 0xc8, 0xc8, 0x64, 0x64, 0xc8, 0x64, 0x64, 0xfe, 0xd4, 0x64, 0x64, 0x01,
    0x2c, 0x02, 0x58, 0xfd, 0xa8, 0xfe, 0x0c, 0x01, 0x90, 0xfe, 0x70, 0x00, 0x00, 0x02, 0x00, 0x00,
    0x00, 0x00, 0x03, 0xe8, 0x04, 0x4c, 0x00, 0x1b, 0x00, 0x1f, 0x00, 0x00, 0x11, 0x35, 0x33, 0x35,
    0x33, 0x35, 0x23, 0x35, 0x21, 0x15, 0x23, 0x15, 0x33, 0x15, 0x33, 0x15, 0x23, 0x35, 0x23, 0x15,
    0x33, 0x15, 0x21, 0x11, 0x33, 0x11, 0x21, 0x11, 0x01, 0x35, 0x21, 0x15, 0x64, 0x64, 0xc8, 0x02,
    0x58, 0xc8, 0x64, 0x64, 0xc8, 0xc8, 0x64, 0x01, 0xf4, 0xc8, 0xfc, 0x7c, 0x02, 0xbc, 0xfe, 0x0c,
    0x01, 0xf4, 0xc8, 0x64, 0x64, 0xc8, 0xc8, 0x64, 0x64, 0xc8, 0x64, 0x64, 0x64, 0x02, 0xbc, 0xfb,
    0xb4, 0x01, 0xf4, 0xfe, 0xd4, 0x64, 0x64, 0x00, 0x00, 0x03, 0x00, 0x00, 0x00, 0x00, 0x04, 0x4c,
    0x04, 0x4c, 0x00, 0x17, 0x00, 0x1f, 0x00, 0x25, 0x00, 0x00, 0x11, 0x35, 0x33, 0x35, 0x23, 0x35,
    0x21, 0x35, 0x33, 0x15, 0x33, 0x15, 0x23, 0x15, 0x33, 0x15, 0x23, 0x35, 0x23, 0x35, 0x23, 0x15,
    0x23, 0x15, 0x25, 0x23, 0x15, 0x23, 0x11, 0x33, 0x15, 0x33, 0x01, 0x21, 0x35, 0x21, 0x11, 0x23,
    0xc8, 0xc8, 0x01, 0x2c, 0xc8, 0xc8, 0xc8, 0xc8, 0xc8, 0x64, 0x64, 0x64, 0x03, 0x84, 0x64, 0xc8,
    0xc8, 0x64, 0xfe, 0xd4, 0xfd, 0x44, 0x03, 0x84, 0xc8, 0x01, 0xf4, 0xc8, 0x64, 0xc8, 0x64, 0x64,
    0xc8, 0x64, 0xc8, 0x64, 0x64, 0x64, 0x64, 0xc8, 0xc8, 0x02, 0x58, 0xc8, 0xfd, 0x44, 0xc8, 0xfe,
    0x70, 0x00, 0x00, 0x04, 0x00, 0x00, 0x00, 0x00, 0x04, 0x4c, 0x04, 0x4c, 0x00, 0x17, 0x00, 0x23,
    0x00, 0x2b, 0x00, 0x2f, 0x00, 0x00, 0x11, 0x35, 0x33, 0x35, 0x23, 0x35, 0x21, 0x35, 0x33, 0x15,
    0x33, 0x15, 0x23, 0x15, 0x33, 0x15, 0x23, 0x35, 0x23, 0x35, 0x23, 0x15, 0x23, 0x15, 0x01, 0x15,
    0x21, 0x35, 0x23, 0x35, 0x33, 0x35, 0x21, 0x15, 0x33, 0x15, 0x13, 0x23, 0x15, 0x23, 0x11, 0x33,
    0x15, 0x33, 0x01, 0x35, 0x21, 0x15, 0xc8, 0xc8, 0x01, 0x2c, 0xc8, 0xc8, 0xc8, 0xc8, 0xc8, 0x64,
    0x64, 0x64, 0x02, 0xbc, 0xfd, 0x44, 0x64, 0x64, 0x02, 0xbc, 0x64, 0x64, 0x64, 0xc8, 0xc8, 0x64,
    0xfe, 0xd4, 0xfe, 0x0c, 0x01, 0xf4, 0xc8, 0x64, 0xc8, 0x64, 0x64, 0xc8, 0x64, 0xc8, 0x64, 0x64,
    0x64, 0x64, 0xfe, 0x70, 0x64, 0x64, 0xc8, 0x64, 0x64, 0xc8, 0x02, 0x58, 0xc8, 0x02, 0x58, 0xc8,
    0xfd, 0x44, 0x64, 0x64, 0x00, 0x02, 0x00, 0x00, 0x00, 0x00, 0x03, 0xe8, 0x04, 0x4c, 0x00, 0x17,
    0x00, 0x1f, 0x00, 0x00, 0x35, 0x11, 0x33, 0x35, 0x33, 0x35, 0x23, 0x35, 0x33, 0x35, 0x33, 0x15,
    0x33, 0x15, 0x23, 0x15, 0x33, 0x15, 0x33, 0x11, 0x23, 0x35, 0x23, 0x15, 0x01, 0x35, 0x33, 0x11,
    0x33, 0x11, 0x23, 0x11, 0x64, 0x64, 0xc8, 0xc8, 0xc8, 0xc8, 0xc8, 0x64, 0x64, 0xc8, 0xc8, 0x01,
    0x90, 0xc8, 0xc8, 0xc8, 0x64, 0x01, 0x2c, 0xc8, 0xc8, 0xc8, 0x64, 0x64, 0xc8, 0xc8, 0xc8, 0xfe,
    0xd4, 0xc8, 0xc8, 0x01, 0x90, 0xc8, 0x01, 0x90, 0xfb, 0xb4, 0x01, 0xf4, 0x00, 0x02, 0x00, 0x00,
    0x00, 0x00, 0x03, 0xe8, 0x04, 0x4c, 0x00, 0x1f, 0x00, 0x23, 0x00, 0x00, 0x35, 0x11, 0x33, 0x35,
    0x33, 0x35, 0x23, 0x35, 0x33, 0x35, 0x33, 0x15, 0x33, 0x15, 0x23, 0x15, 0x33, 0x35, 0x33, 0x11,
    0x33, 0x11, 0x23, 0x11, 0x23, 0x15, 0x33, 0x11, 0x23, 0x35, 0x23, 0x15, 0x05, 0x11, 0x33, 0x11,
    0x64, 0x64, 0xc8, 0xc8, 0xc8, 0x64, 0xc8, 0x64, 0xc8, 0x64, 0x64, 0xc8, 0x64, 0xc8, 0x64, 0x02,
    0x58, 0xc8, 0x64, 0x01, 0x2c, 0xc8, 0xc8, 0xc8, 0x64, 0x64, 0xc8, 0xc8, 0x64, 0x01, 0x90, 0xfb,
    0xb4, 0x01, 0xf4, 0x64, 0xfe, 0xd4, 0xc8, 0xc8, 0x64, 0x04, 0x4c, 0xfb, 0xb4, 0x00, 0x00, 0x02,
    0x00, 0x00, 0x00, 0x64, 0x04, 0x4c, 0x04, 0x4c, 0x00, 0x07, 0x00, 0x27, 0x00, 0x00, 0x35, 0x35,
    0x21, 0x35, 0x33, 0x15, 0x21, 0x15, 0x03, 0x15, 0x33, 0x15, 0x23, 0x35, 0x23, 0x35, 0x23, 0x35,
    0x23, 0x15, 0x23, 0x15, 0x23, 0x15, 0x23, 0x35, 0x33, 0x35, 0x33, 0x35, 0x23, 0x35, 0x21, 0x35,
    0x33, 0x15, 0x21, 0x15, 0x23, 0x15, 0x01, 0xf4, 0xc8, 0x01, 0x90, 0xc8, 0x64, 0xc8, 0x64, 0x64,
    0x64, 0x64, 0x64, 0xc8, 0x64, 0x64, 0xc8, 0x01, 0x90, 0xc8, 0x01, 0x2c, 0xc8, 0x64, 0xc8, 0xc8,
    0xc8, 0xc8, 0x02, 0x58, 0x64, 0xc8, 0x64, 0x64, 0x64, 0x64, 0x64, 0x64, 0xc8, 0x64, 0x64, 0xc8,
    0x64, 0x64, 0xc8, 0x64, 0x00, 0x03, 0x00, 0x00, 0x00, 0x00, 0x04, 0x4c, 0x04, 0x4c, 0x00, 0x07,
    0x00, 0x1f, 0x00, 0x25, 0x00, 0x00, 0x11, 0x35, 0x21, 0x35, 0x33, 0x15, 0x21, 0x15, 0x25, 0x21,
    0x35, 0x33, 0x35, 0x23, 0x35, 0x21, 0x35, 0x33, 0x15, 0x21, 0x15, 0x23, 0x15, 0x33, 0x15, 0x21,
    0x35, 0x23, 0x35, 0x23, 0x15, 0x23, 0x01, 0x21, 0x35, 0x21, 0x11, 0x23, 0x01, 0xf4, 0xc8, 0x01,
    0x90, 0xfd, 0x44, 0xfe, 0xd4, 0xc8, 0xc8, 0x01, 0x90, 0xc8, 0x01, 0x2c, 0xc8, 0xc8, 0xfe, 0xd4,
    0x64, 0x64, 0x64, 0x01, 0x90, 0xfd, 0x44, 0x03, 0x84, 0xc8, 0x01, 0xf4, 0x64, 0x64, 0x64, 0x64,
    0xc8, 0x64, 0x64, 0x64, 0x64, 0x64, 0x64, 0x64, 0x64, 0x64, 0x64, 0x64, 0xfd, 0xa8, 0xc8, 0xfe,
    0x70, 0x00, 0x00, 0x04, 0x00, 0x00, 0x00, 0x00, 0x04, 0x4c, 0x04, 0x4c, 0x00, 0x07, 0x00, 0x13,
    0x00, 0x2b, 0x00, 0x2f, 0x00, 0x00, 0x11, 0x35, 0x21, 0x35, 0x33, 0x15, 0x21, 0x15, 0x03, 0x15,
    0x21, 0x35, 0x23, 0x35, 0x33, 0x35, 0x21, 0x15, 0x33, 0x15, 0x01, 0x21, 0x35, 0x33, 0x35, 0x23,
    0x35, 0x21, 0x35, 0x33, 0x15, 0x21, 0x15, 0x23, 0x15, 0x33, 0x15, 0x21, 0x35, 0x23, 0x35, 0x23,
    0x15, 0x23, 0x01, 0x35, 0x21, 0x15, 0x01, 0xf4, 0xc8, 0x01, 0x90, 0xc8, 0xfd, 0x44, 0x64, 0x64,
    0x02, 0xbc, 0x64, 0xfd, 0xa8, 0xfe, 0xd4, 0xc8, 0xc8, 0x01, 0x90, 0xc8, 0x01, 0x2c, 0xc8, 0xc8,
    0xfe, 0xd4, 0x64, 0x64, 0x64, 0x01, 0x90, 0xfe, 0x0c, 0x01, 0xf4, 0x64, 0x64, 0x64, 0x64, 0xfe,
    0x70, 0x64, 0x64, 0xc8, 0x64, 0x64, 0xc8, 0x02, 0x58, 0x64, 0x64, 0x64, 0x64, 0x64, 0x64, 0x64,
    0x64, 0x64, 0x64, 0x64, 0xfd, 0xa8, 0x64, 0x64, 0x00, 0x01, 0x00, 0x00, 0x00, 0x00, 0x03, 0xe8,
    0x04, 0x4c, 0x00, 0x25, 0x00, 0x00, 0x35, 0x35, 0x21, 0x35, 0x33, 0x35, 0x23, 0x15, 0x23, 0x15,
    0x23, 0x35, 0x33, 0x35, 0x33, 0x35, 0x23, 0x35, 0x21, 0x35, 0x33, 0x15, 0x33, 0x15, 0x23, 0x15,
    0x33, 0x15, 0x33, 0x15, 0x23, 0x15, 0x21, 0x11, 0x33, 0x11, 0x23, 0x35, 0x01, 0x2c, 0x64, 0x64,
    0x64, 0xc8, 0x64, 0x64, 0xc8, 0x01, 0x2c, 0xc8, 0xc8, 0xc8, 0x64, 0x64, 0xc8, 0x01, 0x2c, 0xc8,
    0xc8, 0x64, 0xc8, 0xc8, 0x64, 0x64, 0x64, 0xc8, 0x64, 0x64, 0xc8, 0x64, 0x64, 0xc8, 0x64, 0x64,
    0xc8, 0x64, 0x03, 0x20, 0xfb, 0xb4, 0x64, 0x00, 0x00, 0x02, 0x00, 0x00, 0x00, 0x00, 0x04, 0x4c,
    0x04, 0x4c, 0x00, 0x07, 0x00, 0x1f, 0x00, 0x00, 0x11, 0x21, 0x15, 0x21, 0x11, 0x23, 0x11, 0x21,
    0x01, 0x15, 0x21, 0x35, 0x33, 0x35, 0x23, 0x35, 0x21, 0x35, 0x33, 0x15, 0x21, 0x15, 0x23, 0x15,
    0x33, 0x15, 0x21, 0x35, 0x23, 0x35, 0x23, 0x15, 0x04, 0x4c, 0xfe, 0x70, 0xc8, 0xfe, 0x0c, 0x01,
    0x90, 0xfe, 0xd4, 0xc8, 0xc8, 0x01, 0x90, 0xc8, 0x01, 0x2c, 0xc8, 0xc8, 0xfe, 0xd4, 0x64, 0x64,
    0x01, 0xf4, 0xc8, 0xfe, 0xd4, 0x01, 0x2c, 0x01, 0x90, 0x64, 0x64, 0x64, 0xc8, 0x64, 0x64, 0xc8,
    0x64, 0x64, 0x64, 0x64, 0x64, 0x00, 0x00, 0x03, 0x00, 0x00, 0x00, 0x00, 0x04, 0x4c, 0x04, 0x4c,
    0x00, 0x13, 0x00, 0x2b, 0x00, 0x2f, 0x00, 0x00, 0x11, 0x35, 0x21, 0x15, 0x21, 0x15, 0x33, 0x15,
    0x33, 0x15, 0x23, 0x15, 0x21, 0x35, 0x23, 0x35, 0x33, 0x35, 0x21, 0x35, 0x27, 0x21, 0x35, 0x33,
    0x35, 0x23, 0x35, 0x21, 0x35, 0x33, 0x15, 0x21, 0x15, 0x23, 0x15, 0x33, 0x15, 0x21, 0x35, 0x23,
    0x35, 0x23, 0x15, 0x23, 0x01, 0x35, 0x21, 0x15, 0x04, 0x4c, 0xfe, 0x70, 0xc8, 0x64, 0x64, 0xfd,
    0x44, 0x64, 0x64, 0x01, 0x2c, 0x64, 0xfe, 0xd4, 0xc8, 0xc8, 0x01, 0x90, 0xc8, 0x01, 0x2c, 0xc8,
    0xc8, 0xfe, 0xd4, 0x64, 0x64, 0x64, 0x01, 0x90, 0xfe, 0x0c, 0x01, 0xf4, 0x64, 0x64, 0x64, 0x64,
    0xc8, 0x64, 0x64, 0xc8, 0x64, 0x64, 0xc8, 0x64, 0x64, 0x64, 0x64, 0x64, 0x64, 0x64, 0x64, 0x64,
    0x64, 0x64, 0xfd, 0xa8, 0x64, 0x64, 0x00, 0x02, 0x00, 0x00, 0x00, 0x00, 0x03, 0xe8, 0x04, 0x4c,
    0x00, 0x17, 0x00, 0x1b, 0x00, 0x00, 0x35, 0x11, 0x33, 0x35, 0x33, 0x35, 0x23, 0x35, 0x33, 0x35,
    0x33, 0x15, 0x33, 0x15, 0x23, 0x15, 0x33, 0x15, 0x33, 0x11, 0x23, 0x35, 0x23, 0x15, 0x05, 0x11,
    0x33, 0x11, 0x64, 0x64, 0xc8, 0xc8, 0xc8, 0xc8, 0xc8, 0x64, 0x64, 0xc8, 0xc8, 0x02, 0x58, 0xc8,
    0x64, 0x01, 0x2c, 0xc8, 0xc8, 0xc8, 0x64, 0x64, 0xc8, 0xc8, 0xc8, 0xfe, 0xd4, 0xc8, 0xc8, 0x64,
    0x04, 0x4c, 0xfb, 0xb4, 0x00, 0x03, 0x00, 0x00, 0x00, 0x00, 0x03, 0xe8, 0x04, 0x4c, 0x00, 0x17,
    0x00, 0x1d, 0x00, 0x21, 0x00, 0x00, 0x11, 0x35, 0x33, 0x35, 0x23, 0x35, 0x21, 0x35, 0x33, 0x15,
    0x33, 0x15, 0x23, 0x15, 0x33, 0x15, 0x23, 0x35, 0x23, 0x35, 0x23, 0x15, 0x23, 0x15, 0x01, 0x21,
    0x35, 0x21, 0x11, 0x23, 0x11, 0x11, 0x33, 0x11, 0xc8, 0xc8, 0x01, 0x2c, 0xc8, 0xc8, 0xc8, 0xc8,
    0xc8, 0x64, 0x64, 0x64, 0x02, 0x58, 0xfd, 0x44, 0x03, 0x84, 0xc8, 0xc8, 0x01, 0xf4, 0xc8, 0x64,
    0xc8, 0x64, 0x64, 0xc8, 0x64, 0xc8, 0x64, 0x64, 0x64, 0x64, 0xfe, 0xd4, 0xc8, 0xfe, 0x70, 0x01,
    0xf4, 0x02, 0x58, 0xfd, 0xa8, 0x00, 0x00, 0x04, 0x00, 0x00, 0x00, 0x00, 0x03, 0xe8, 0x04, 0x4c,
    0x00, 0x17, 0x00, 0x1b, 0x00, 0x1f, 0x00, 0x23, 0x00, 0x00, 0x11, 0x35, 0x33, 0x35, 0x23, 0x35,
    0x21, 0x35, 0x33, 0x15, 0x33, 0x15, 0x23, 0x15, 0x33, 0x15, 0x23, 0x35, 0x23, 0x35, 0x23, 0x15,
    0x23, 0x15, 0x01, 0x35, 0x21, 0x15, 0x01, 0x11, 0x33, 0x11, 0x01, 0x11, 0x21, 0x11, 0xc8, 0xc8,
    0x01, 0x2c, 0xc8, 0xc8, 0xc8, 0xc8, 0xc8, 0x64, 0x64, 0x64, 0x02, 0x58, 0xfe, 0x0c, 0x01, 0xf4,
    0xc8, 0xfc, 0x7c, 0x03, 0x84, 0x01, 0xf4, 0xc8, 0x64, 0xc8, 0x64, 0x64, 0xc8, 0x64, 0xc8, 0x64,
    0x64, 0x64, 0x64, 0xfe, 0xd4, 0x64, 0x64, 0x01, 0x2c, 0x02, 0x58, 0xfd, 0xa8, 0xfe, 0x0c, 0x01,
    0x90, 0xfe, 0x70, 0x00, 0x00, 0x02, 0x00, 0x00, 0x00, 0x00, 0x04, 0x4c, 0x04, 0x4c, 0x00, 0x13,
    0x00, 0x1b, 0x00, 0x00, 0x35, 0x35, 0x33, 0x35, 0x33, 0x35, 0x21, 0x35, 0x21, 0x35, 0x21, 0x35,
    0x21, 0x11, 0x23, 0x15, 0x23, 0x15, 0x23, 0x15, 0x01, 0x23, 0x11, 0x23, 0x11, 0x33, 0x11, 0x33,
    0xc8, 0x64, 0xfe, 0xd4, 0x01, 0x90, 0xfe, 0x70, 0x02, 0x58, 0x64, 0x64, 0x64, 0x03, 0x20, 0x64,
    0xc8, 0xc8, 0x64, 0x64, 0xc8, 0x64, 0x64, 0xc8, 0xc8, 0xc8, 0xfd, 0xa8, 0xc8, 0x64, 0x64, 0x01,
    0x90, 0xfe, 0x0c, 0x04, 0x4c, 0xfe, 0x70, 0x00, 0x00, 0x01, 0x00, 0x00, 0x00, 0x00, 0x03, 0xe8,
    0x04, 0x4c, 0x00, 0x1f, 0x00, 0x00, 0x35, 0x35, 0x33, 0x35, 0x33, 0x35, 0x21, 0x35, 0x21, 0x35,
    0x21, 0x35, 0x21, 0x15, 0x33, 0x35, 0x33, 0x11, 0x23, 0x11, 0x23, 0x35, 0x33, 0x35, 0x23, 0x15,
    0x23, 0x15, 0x23, 0x15, 0x23, 0x15, 0xc8, 0x64, 0xfe, 0xd4, 0x01, 0x90, 0xfe, 0x70, 0x02, 0x58,
    0xc8, 0xc8, 0xc8, 0xc8, 0xc8, 0xc8, 0x64, 0x64, 0x64, 0x64, 0xc8, 0x64, 0x64, 0xc8, 0xc8, 0xc8,
    0xc8, 0xc8, 0xfb, 0xb4, 0x01, 0x2c, 0xc8, 0xc8, 0xc8, 0xc8, 0x64, 0x64, 0x00, 0x04, 0x00, 0x00,
    0x00, 0x00, 0x04, 0x4c, 0x04, 0x4c, 0x00, 0x0d, 0x00, 0x11, 0x00, 0x15, 0x00, 0x19, 0x00, 0x00,
    0x11, 0x35, 0x21, 0x35, 0x21, 0x35, 0x21, 0x35, 0x21, 0x35, 0x21, 0x11, 0x33, 0x15, 0x25, 0x15,
    0x33, 0x35, 0x11, 0x35, 0x21, 0x15, 0x07, 0x11, 0x21, 0x11, 0x01, 0x90, 0xfe, 0xd4, 0x02, 0xbc,
    0xfd, 0x44, 0x03, 0x84, 0x64, 0xfe, 0x0c, 0xc8, 0xfe, 0x0c, 0xc8, 0x03, 0x84, 0x01, 0xf4, 0x64,
    0x64, 0x64, 0x64, 0xc8, 0xfe, 0x0c, 0x64, 0xc8, 0x64, 0x64, 0xfe, 0x0c, 0x64, 0x64, 0xc8, 0x01,
    0x90, 0xfe, 0x70, 0x00, 0x00, 0x02, 0x00, 0x00, 0x00, 0x64, 0x04, 0x4c, 0x04, 0x4c, 0x00, 0x03,
    0x00, 0x0d, 0x00, 0x00, 0x35, 0x35, 0x21, 0x15, 0x01, 0x21, 0x11, 0x23, 0x35, 0x21, 0x35, 0x21,
    0x35, 0x21, 0x04, 0x4c, 0xfc, 0x18, 0x03, 0x84, 0xc8, 0xfd, 0x44, 0x02, 0xbc, 0xfd, 0x44, 0x64,
    0xc8, 0xc8, 0x03, 0xe8, 0xfd, 0x44, 0xc8, 0xc8, 0x64, 0x00, 0x00, 0x03, 0x00, 0x00, 0x00, 0x00,
    0x04, 0x4c, 0x04, 0x4c, 0x00, 0x0d, 0x00, 0x13, 0x00, 0x19, 0x00, 0x00, 0x11, 0x35, 0x21, 0x35,
    0x21, 0x35, 0x21, 0x35, 0x21, 0x35, 0x21, 0x11, 0x33, 0x15, 0x01, 0x11, 0x21, 0x15, 0x21, 0x15,
    0x01, 0x35, 0x21, 0x15, 0x21, 0x35, 0x03, 0x20, 0xfd, 0x44, 0x02, 0xbc, 0xfd, 0x44, 0x03, 0x84,
    0x64, 0xfc, 0x18, 0x01, 0x90, 0x01, 0xf4, 0xfc, 0x7c, 0x03, 0x84, 0xfe, 0x0c, 0x02, 0x58, 0x64,
    0x64, 0x64, 0x64, 0x64, 0xfe, 0x70, 0x64, 0xfd, 0xa8, 0x01, 0x2c, 0x64, 0xc8, 0x01, 0x90, 0x64,
    0xc8, 0x64, 0x00, 0x02, 0x00, 0x00, 0x00, 0x00, 0x03, 0xe8, 0x04, 0x4c, 0x00, 0x13, 0x00, 0x17,
    0x00, 0x00, 0x35, 0x35, 0x33, 0x35, 0x33, 0x35, 0x21, 0x35, 0x21, 0x35, 0x21, 0x35, 0x21, 0x11,
    0x23, 0x15, 0x23, 0x15, 0x23, 0x15, 0x05, 0x11, 0x33, 0x11, 0xc8, 0x64, 0xfe, 0xd4, 0x01, 0x90,
    0xfe, 0x70, 0x02, 0x58, 0x64, 0x64, 0x64, 0x01, 0xf4, 0xc8, 0x64, 0xc8, 0x64, 0x64, 0xc8, 0xc8,
    0xc8, 0xfd, 0xa8, 0xc8, 0x64, 0x64, 0x64, 0x04, 0x4c, 0xfb, 0xb4, 0x00, 0x00, 0x02, 0x00, 0x00,
    0x00, 0x00, 0x03, 0xe8, 0x04, 0x4c, 0x00, 0x17, 0x00, 0x1d, 0x00, 0x00, 0x11, 0x35, 0x21, 0x35,
    0x21, 0x35, 0x21, 0x35, 0x21, 0x35, 0x21, 0x11, 0x23, 0x15, 0x23, 0x15, 0x21, 0x11, 0x33, 0x11,
    0x21, 0x35, 0x21, 0x35, 0x11, 0x11, 0x21, 0x15, 0x21, 0x15, 0x01, 0x2c, 0xfe, 0xd4, 0x01, 0x90,
    0xfe, 0x70, 0x02, 0x58, 0x64, 0x64, 0x01, 0x90, 0xc8, 0xfe, 0x0c, 0xfe, 0x70, 0x01, 0x90, 0x01,
    0xf4, 0x01, 0xf4, 0xc8, 0x64, 0x64, 0x64, 0x64, 0xfe, 0x70, 0x64, 0x64, 0x02, 0x58, 0xfc, 0xe0,
    0x64, 0x64, 0xfe, 0x0c, 0x01, 0x2c, 0x64, 0xc8, 0x00, 0x02, 0x00, 0x00, 0x00, 0x00, 0x04, 0x4c,
    0x04, 0x4c, 0x00, 0x0b, 0x00, 0x13, 0x00, 0x00, 0x35, 0x11, 0x21, 0x15, 0x21, 0x15, 0x21, 0x15,
    0x21, 0x15, 0x21, 0x15, 0x17, 0x11, 0x33, 0x11, 0x33, 0x15, 0x23, 0x11, 0x02, 0x58, 0xfe, 0x70,
    0x01, 0x90, 0xfe, 0x70, 0x01, 0xf4, 0x64, 0xc8, 0x64, 0x64, 0x64, 0x03, 0xe8, 0xc8, 0xc8, 0xc8,
    0xc8, 0xc8, 0x64, 0x04, 0x4c, 0xfe, 0x70, 0xc8, 0xfe, 0x0c, 0x00, 0x03, 0x00, 0x00, 0x00, 0x00,
    0x04, 0x4c, 0x04, 0x4c, 0x00, 0x0b, 0x00, 0x13, 0x00, 0x19, 0x00, 0x00, 0x11, 0x11, 0x21, 0x15,
    0x21, 0x15, 0x21, 0x15, 0x21, 0x15, 0x21, 0x15, 0x25, 0x23, 0x11, 0x23, 0x11, 0x33, 0x15, 0x33,
    0x01, 0x11, 0x33, 0x15, 0x21, 0x15, 0x02, 0x58, 0xfe, 0x70, 0x01, 0x90, 0xfe, 0x70, 0x01, 0xf4,
    0x01, 0x90, 0x64, 0xc8, 0xc8, 0x64, 0xfc, 0x18, 0xc8, 0x02, 0xbc, 0x01, 0xf4, 0x02, 0x58, 0x64,
    0x64, 0x64, 0x64, 0xc8, 0xc8, 0xfe, 0xd4, 0x02, 0xbc, 0xc8, 0xfc, 0x7c, 0x01, 0x90, 0xc8, 0xc8,
    0x00, 0x04, 0x00, 0x00, 0x00, 0x00, 0x04, 0x4c, 0x04, 0x4c, 0x00, 0x0b, 0x00, 0x13, 0x00, 0x17,
    0x00, 0x1b, 0x00, 0x00, 0x11, 0x11, 0x21, 0x15, 0x21, 0x15, 0x21, 0x15, 0x21, 0x15, 0x21, 0x15,
    0x25, 0x23, 0x15, 0x23, 0x11, 0x33, 0x15, 0x33, 0x01, 0x35, 0x21, 0x15, 0x07, 0x11, 0x21, 0x11,
    0x02, 0x58, 0xfe, 0x70, 0x01, 0x90, 0xfe, 0x70, 0x01, 0xf4, 0x01, 0x90, 0x64, 0xc8, 0xc8, 0x64,
    0xfe, 0xd4, 0xfe, 0x0c, 0xc8, 0x03, 0x84, 0x01, 0xf4, 0x02, 0x58, 0x64, 0x64, 0x64, 0x64, 0xc8,
    0xc8, 0xc8, 0x02, 0x58, 0xc8, 0xfd, 0x44, 0x64, 0x64, 0xc8, 0x01, 0x90, 0xfe, 0x70, 0x00, 0x02,
    0x00, 0x00, 0x00, 0x00, 0x03, 0xe8, 0x04, 0x4c, 0x00, 0x0b, 0x00, 0x17, 0x00, 0x00, 0x35, 0x11,
    0x21, 0x15, 0x21, 0x15, 0x21, 0x15, 0x21, 0x15, 0x21, 0x15, 0x05, 0x11, 0x23, 0x11, 0x23, 0x11,
    0x33, 0x11, 0x33, 0x11, 0x33, 0x11, 0x01, 0xf4, 0xfe, 0xd4, 0x01, 0x2c, 0xfe, 0xd4, 0x01, 0x2c,
    0x01, 0x2c, 0x64, 0x64, 0x64, 0x64, 0xc8, 0x64, 0x03, 0xe8, 0xc8, 0xc8, 0xc8, 0xc8, 0xc8, 0x64,
    0x01, 0xf4, 0xfe, 0x0c, 0x04, 0x4c, 0xfe, 0x70, 0x01, 0x90, 0xfb, 0xb4, 0x00, 0x03, 0x00, 0x00,
    0x00, 0x00, 0x03, 0xe8, 0x04, 0x4c, 0x00, 0x0b, 0x00, 0x17, 0x00, 0x1d, 0x00, 0x00, 0x11, 0x11,
    0x21, 0x15, 0x21, 0x15, 0x21, 0x15, 0x21, 0x15, 0x21, 0x15, 0x33, 0x11, 0x33, 0x15, 0x33, 0x35,
    0x33, 0x11, 0x23, 0x35, 0x23, 0x15, 0x13, 0x21, 0x35, 0x21, 0x11, 0x23, 0x01, 0xf4, 0xfe, 0xd4,
    0x01, 0x2c, 0xfe, 0xd4, 0x01, 0x2c, 0x64, 0x64, 0x64, 0xc8, 0xc8, 0x64, 0x64, 0xfd, 0x44, 0x03,
    0x84, 0xc8, 0x01, 0xf4, 0x02, 0x58, 0x64, 0x64, 0x64, 0x64, 0xc8, 0x02, 0x58, 0xc8, 0xc8, 0xfd,
    0xa8, 0xc8, 0xc8, 0xfe, 0xd4, 0xc8, 0xfe, 0x70, 0x00, 0x01, 0x00, 0x00, 0x00, 0x64, 0x04, 0x4c,
    0x04, 0x4c, 0x00, 0x13, 0x00, 0x00, 0x35, 0x35, 0x21, 0x35, 0x21, 0x11, 0x21, 0x15, 0x21, 0x15,
    0x21, 0x15, 0x21, 0x15, 0x21, 0x15, 0x21, 0x15, 0x21, 0x15, 0x01, 0xf4, 0xfe, 0x70, 0x03, 0x84,
    0xfd, 0x44, 0x02, 0xbc, 0xfd, 0x44, 0x02, 0xbc, 0xfe, 0xd4, 0x01, 0x90, 0x64, 0xc8, 0xc8, 0x02,
    0x58, 0x64, 0x64, 0x64, 0x64, 0xc8, 0xc8, 0xc8, 0x00, 0x03, 0x00, 0x00, 0x00, 0x00, 0x04, 0x4c,
    0x04, 0x4c, 0x00, 0x11, 0x00, 0x1d, 0x00, 0x21, 0x00, 0x00, 0x11, 0x35, 0x21, 0x35, 0x21, 0x11,
    0x21, 0x15, 0x23, 0x15, 0x21, 0x15, 0x21, 0x15, 0x21, 0x15, 0x21, 0x15, 0x03, 0x15, 0x21, 0x35,
    0x23, 0x35, 0x33, 0x35, 0x21, 0x15, 0x33, 0x15, 0x27, 0x35, 0x21, 0x15, 0x01, 0xf4, 0xfe, 0x70,
    0x03, 0x84, 0x64, 0xfd, 0xa8, 0x02, 0xbc, 0xfe, 0xd4, 0x01, 0x90, 0xc8, 0xfd, 0x44, 0x64, 0x64,
    0x02, 0xbc, 0x64, 0xc8, 0xfe, 0x0c, 0x01, 0xf4, 0x64, 0x64, 0x01, 0x90, 0x64, 0x64, 0x64, 0x64,
    0x64, 0x64, 0xfe, 0x70, 0x64, 0x64, 0xc8, 0x64, 0x64, 0xc8, 0x64, 0x64, 0x64, 0x00, 0x00, 0x03,
    0x00, 0x00, 0x00, 0x00, 0x03, 0xe8, 0x04, 0x4c, 0x00, 0x15, 0x00, 0x1f, 0x00, 0x23, 0x00, 0x00,
    0x11, 0x35, 0x21, 0x11, 0x33, 0x11, 0x21, 0x15, 0x21, 0x15, 0x33, 0x15, 0x23, 0x15, 0x21, 0x35,
    0x23, 0x35, 0x33, 0x35, 0x33, 0x35, 0x01, 0x15, 0x21, 0x15, 0x21, 0x15, 0x21, 0x11, 0x21, 0x15,
    0x13, 0x35, 0x21, 0x15, 0x03, 0x20, 0xc8, 0xfe, 0x0c, 0x01, 0x90, 0x64, 0x64, 0xfd, 0x44, 0x64,
    0x64, 0x64, 0x01, 0x2c, 0xfe, 0xd4, 0x01, 0x90, 0xfd, 0xa8, 0x02, 0x58, 0x64, 0xfe, 0x0c, 0x01,
    0xf4, 0x64, 0x01, 0xf4, 0xfd, 0xa8, 0x64, 0x64, 0xc8, 0x64, 0x64, 0xc8, 0x64, 0x64, 0x01, 0xf4,
    0x64, 0x64, 0x64, 0x01, 0x90, 0x64, 0xfc, 0xe0, 0x64, 0x64, 0x00, 0x03, 0x00, 0x00, 0x00, 0x00,
    0x04, 0x4c, 0x04, 0x4c, 0x00, 0x05, 0x00, 0x0f, 0x00, 0x13, 0x00, 0x00, 0x25, 0x21, 0x35, 0x21,
    0x11, 0x23, 0x01, 0x21, 0x15, 0x23, 0x15, 0x21, 0x15, 0x21, 0x15, 0x21, 0x07, 0x35, 0x21, 0x15,
    0x03, 0x20, 0xfd, 0x44, 0x03, 0x84, 0xc8, 0xfd, 0x44, 0x03, 0x84, 0x64, 0xfd, 0xa8, 0x02, 0xbc,
    0xfc, 0x7c, 0x64, 0x04, 0x4c, 0xc8, 0xc8, 0xfe, 0x70, 0x04, 0x4c, 0x64, 0x64, 0x64, 0x64, 0xc8,
    0x64, 0x64, 0x00, 0x03, 0x00, 0x00, 0x00, 0x00, 0x04, 0x4c, 0x04, 0x4c, 0x00, 0x0d, 0x00, 0x13,
    0x00, 0x19, 0x00, 0x00, 0x11, 0x35, 0x33, 0x11, 0x21, 0x15, 0x23, 0x15, 0x21, 0x15, 0x21, 0x15,
    0x33, 0x15, 0x01, 0x11, 0x21, 0x15, 0x21, 0x15, 0x01, 0x35, 0x21, 0x15, 0x21, 0x35, 0x64, 0x03,
    0x84, 0x64, 0xfd, 0xa8, 0x02, 0xbc, 0x64, 0xfc, 0x18, 0x01, 0x90, 0x01, 0xf4, 0xfc, 0x7c, 0x03,
    0x84, 0xfe, 0x0c, 0x02, 0x58, 0x64, 0x01, 0x90, 0x64, 0x64, 0x64, 0x64, 0x64, 0xfd, 0xa8, 0x01,
    0x2c, 0x64, 0xc8, 0x01, 0x90, 0x64, 0xc8, 0x64, 0x00, 0x03, 0x00, 0x00, 0x00, 0x00, 0x04, 0x4c,
    0x04, 0x4c, 0x00, 0x0b, 0x00, 0x13, 0x00, 0x17, 0x00, 0x00, 0x35, 0x35, 0x33, 0x11, 0x23, 0x35,
    0x21, 0x15, 0x23, 0x11, 0x33, 0x15, 0x17, 0x11, 0x33, 0x11, 0x33, 0x15, 0x23, 0x11, 0x01, 0x33,
    0x11, 0x23, 0x64, 0x64, 0x02, 0xbc, 0x64, 0x64, 0x64, 0xc8, 0x64, 0x64, 0xfd, 0x44, 0x64, 0x64,
    0x64, 0xc8, 0x02, 0x58, 0xc8, 0xc8, 0xfd, 0xa8, 0xc8, 0x64, 0x04, 0x4c, 0xfe, 0x70, 0xc8, 0xfe,
    0x0c, 0x01, 0x2c, 0x02, 0x58, 0x00, 0x00, 0x03, 0x00, 0x00, 0x00, 0x00, 0x03, 0xe8, 0x04, 0x4c,
    0x00, 0x0b, 0x00, 0x0f, 0x00, 0x1b, 0x00, 0x00, 0x35, 0x35, 0x33, 0x11, 0x23, 0x35, 0x21, 0x15,
    0x23, 0x11, 0x33, 0x15, 0x25, 0x33, 0x11, 0x23, 0x01, 0x11, 0x33, 0x11, 0x33, 0x11, 0x33, 0x11,
    0x23, 0x11, 0x23, 0x11, 0x64, 0x64, 0x01, 0xf4, 0x64, 0x64, 0xfe, 0xd4, 0x64, 0x64, 0x01, 0x90,
    0x64, 0x64, 0xc8, 0xc8, 0x64, 0x64, 0xc8, 0x02, 0x58, 0xc8, 0xc8, 0xfd, 0xa8, 0xc8, 0xc8, 0x02,
    0x58, 0xfc, 0x7c, 0x04, 0x4c, 0xfe, 0x70, 0x01, 0x90, 0xfb, 0xb4, 0x01, 0xf4, 0xfe, 0x0c, 0x00,
    0x00, 0x05, 0x00, 0x00, 0x00, 0x00, 0x03, 0xe8, 0x04, 0x4c, 0x00, 0x0b, 0x00, 0x0f, 0x00, 0x17,
    0x00, 0x1d, 0x00, 0x21, 0x00, 0x00, 0x11, 0x35, 0x33, 0x35, 0x23, 0x35, 0x21, 0x15, 0x23, 0x15,
    0x33, 0x15, 0x25, 0x33, 0x35, 0x23, 0x01, 0x35, 0x23, 0x35, 0x33, 0x35, 0x33, 0x11, 0x13, 0x21,
    0x35, 0x21, 0x11, 0x23, 0x11, 0x11, 0x33, 0x11, 0x64, 0x64, 0x01, 0xf4, 0x64, 0x64, 0xfe, 0xd4,
    0x64, 0x64, 0x01, 0x90, 0x64, 0x64, 0x64, 0x64, 0xfd, 0x44, 0x03, 0x84, 0xc8, 0xc8, 0x01, 0xf4,
    0xc8, 0xc8, 0xc8, 0xc8, 0xc8, 0xc8, 0xc8, 0xc8, 0xfe, 0x70, 0xc8, 0xc8, 0xc8, 0xfd, 0xa8, 0xfe,
    0xd4, 0xc8, 0xfe, 0x70, 0x01, 0xf4, 0x02, 0x58, 0xfd, 0xa8, 0x00, 0x02, 0x00, 0x00, 0x00, 0x64,
    0x04, 0x4c, 0x04, 0x4c, 0x00, 0x13, 0x00, 0x17, 0x00, 0x00, 0x35, 0x35, 0x21, 0x35, 0x21, 0x35,
    0x33, 0x35, 0x23, 0x35, 0x21, 0x15, 0x23, 0x15, 0x33, 0x15, 0x21, 0x15, 0x21, 0x15, 0x01, 0x21,
    0x35, 0x21, 0x01, 0xf4, 0xfe, 0x70, 0x64, 0x64, 0x03, 0x84, 0x64, 0x64, 0xfe, 0xd4, 0x01, 0x90,
    0xfd, 0x44, 0x01, 0x2c, 0xfe, 0xd4, 0x64, 0xc8, 0xc8, 0xc8, 0xc8, 0xc8, 0xc8, 0xc8, 0xc8, 0xc8,
    0xc8, 0x02, 0x58, 0xc8, 0x00, 0x03, 0x00, 0x00, 0x00, 0x00, 0x04, 0x4c, 0x04, 0x4c, 0x00, 0x13,
    0x00, 0x17, 0x00, 0x1d, 0x00, 0x00, 0x11, 0x35, 0x21, 0x35, 0x21, 0x35, 0x33, 0x35, 0x23, 0x35,
    0x21, 0x15, 0x23, 0x15, 0x33, 0x15, 0x21, 0x15, 0x21, 0x15, 0x01, 0x15, 0x21, 0x35, 0x13, 0x21,
    0x35, 0x21, 0x11, 0x23, 0x01, 0xf4, 0xfe, 0x70, 0x64, 0x64, 0x03, 0x84, 0x64, 0x64, 0xfe, 0xd4,
    0x01, 0x90, 0xfd, 0x44, 0x01, 0x2c, 0x64, 0xfd, 0x44, 0x03, 0x84, 0xc8, 0x01, 0xf4, 0x64, 0x64,
    0xc8, 0x64, 0x64, 0x64, 0x64, 0xc8, 0x64, 0x64, 0x01, 0xf4, 0x64, 0x64, 0xfc, 0xe0, 0xc8, 0xfe,
    0x70, 0x00, 0x00, 0x04, 0x00, 0x00, 0x00, 0x00, 0x04, 0x4c, 0x04, 0x4c, 0x00, 0x13, 0x00, 0x1f,
    0x00, 0x23, 0x00, 0x27, 0x00, 0x00, 0x11, 0x35, 0x21, 0x15, 0x21, 0x15, 0x33, 0x15, 0x33, 0x15,
    0x23, 0x15, 0x21, 0x35, 0x23, 0x35, 0x33, 0x35, 0x21, 0x35, 0x01, 0x15, 0x33, 0x15, 0x21, 0x35,
    0x33, 0x35, 0x23, 0x35, 0x21, 0x15, 0x21, 0x15, 0x21, 0x35, 0x13, 0x35, 0x21, 0x15, 0x04, 0x4c,
    0xfe, 0x70, 0xc8, 0x64, 0x64, 0xfd, 0x44, 0x64, 0x64, 0x01, 0x2c, 0x01, 0x90, 0x64, 0xfc, 0x7c,
    0x64, 0x64, 0x03, 0x84, 0xfd, 0xa8, 0x01, 0x2c, 0x64, 0xfe, 0x0c, 0x01, 0xf4, 0x64, 0x64, 0x64,
    0x64, 0xc8, 0x64, 0x64, 0xc8, 0x64, 0x64, 0x01, 0xf4, 0x64, 0xc8, 0xc8, 0x64, 0x64, 0x64, 0x64,
    0x64, 0xfc, 0xe0, 0x64, 0x64, 0x00, 0x00, 0x03, 0x00, 0x00, 0x00, 0x00, 0x03, 0xe8, 0x04, 0x4c,
    0x00, 0x0b, 0x00, 0x0f, 0x00, 0x13, 0x00, 0x00, 0x35, 0x35, 0x33, 0x11, 0x23, 0x35, 0x21, 0x15,
    0x23, 0x11, 0x33, 0x15, 0x17, 0x11, 0x33, 0x11, 0x01, 0x33, 0x11, 0x23, 0x64, 0x64, 0x02, 0xbc,
    0x64, 0x64, 0x64, 0xc8, 0xfd, 0x44, 0x64, 0x64, 0x64, 0xc8, 0x02, 0x58, 0xc8, 0xc8, 0xfd, 0xa8,
    0xc8, 0x64, 0x04, 0x4c, 0xfb, 0xb4, 0x01, 0x2c, 0x02, 0x58, 0x00, 0x03, 0x00, 0x00, 0x00, 0x00,
    0x04, 0x4c, 0x04, 0x4c, 0x00, 0x0f, 0x00, 0x1b, 0x00, 0x1f, 0x00, 0x00, 0x11, 0x21, 0x35, 0x33,
    0x15, 0x21, 0x35, 0x33, 0x11, 0x33, 0x15, 0x23, 0x11, 0x23, 0x11, 0x21, 0x13, 0x23, 0x11, 0x33,
    0x35, 0x21, 0x15, 0x33, 0x11, 0x23, 0x15, 0x21, 0x13, 0x15, 0x33, 0x35, 0x01, 0x2c, 0xc8, 0x01,
    0x2c, 0xc8, 0x64, 0x64, 0xc8, 0xfc, 0xe0, 0xc8, 0x64, 0x64, 0x01, 0x90, 0x64, 0x64, 0xfe, 0x70,
    0x64, 0xc8, 0x03, 0xe8, 0x64, 0x64, 0x64, 0xfe, 0x70, 0xc8, 0xfe, 0x0c, 0x03, 0x20, 0xfd, 0xa8,
    0x01, 0x90, 0x64, 0x64, 0xfe, 0x70, 0x64, 0x01, 0x90, 0xc8, 0xc8, 0x00, 0x00, 0x03, 0x00, 0x00,
    0x00, 0x00, 0x04, 0x4c, 0x04, 0x4c, 0x00, 0x1b, 0x00, 0x21, 0x00, 0x25, 0x00, 0x00, 0x11, 0x35,
    0x21, 0x35, 0x33, 0x15, 0x21, 0x35, 0x33, 0x15, 0x33, 0x15, 0x23, 0x11, 0x23, 0x11, 0x23, 0x15,
    0x33, 0x15, 0x23, 0x15, 0x21, 0x35, 0x23, 0x35, 0x33, 0x35, 0x03, 0x11, 0x33, 0x15, 0x21, 0x15,
    0x01, 0x33, 0x35, 0x23, 0x01, 0x2c, 0xc8, 0x01, 0x2c, 0xc8, 0x64, 0x64, 0xc8, 0xc8, 0x64, 0x64,
    0xfe, 0x70, 0x64, 0x64, 0x64, 0xc8, 0x02, 0xbc, 0xfd, 0x44, 0xc8, 0xc8, 0x03, 0x84, 0x64, 0x64,
    0x64, 0x64, 0xc8, 0xc8, 0xfe, 0xd4, 0x01, 0xf4, 0x64, 0xc8, 0x64, 0x64, 0xc8, 0x64, 0xfc, 0x7c,
    0x01, 0x90, 0xc8, 0xc8, 0x02, 0xbc, 0x64, 0x00, 0x00, 0x04, 0x00, 0x00, 0x00, 0x00, 0x04, 0x4c,
    0x04, 0x4c, 0x00, 0x17, 0x00, 0x1f, 0x00, 0x25, 0x00, 0x29, 0x00, 0x00, 0x11, 0x35, 0x21, 0x35,
    0x33, 0x15, 0x21, 0x35, 0x33, 0x15, 0x33, 0x15, 0x23, 0x11, 0x21, 0x35, 0x21, 0x35, 0x33, 0x35,
    0x23, 0x35, 0x33, 0x35, 0x01, 0x33, 0x11, 0x23, 0x15, 0x33, 0x15, 0x23, 0x01, 0x11, 0x21, 0x15,
    0x21, 0x15, 0x01, 0x33, 0x35, 0x23, 0x01, 0x2c, 0xc8, 0x01, 0x2c, 0xc8, 0x64, 0x64, 0xfe, 0x0c,
    0xfe, 0x70, 0x64, 0x64, 0x64, 0x01, 0x90, 0xc8, 0xc8, 0x64, 0x64, 0xfe, 0x0c, 0x01, 0x90, 0x01,
    0xf4, 0xfd, 0x44, 0xc8, 0xc8, 0x03, 0x84, 0x64, 0x64, 0x64, 0x64, 0xc8, 0xc8, 0xfe, 0x70, 0x64,
    0x64, 0x64, 0xc8, 0x64, 0xfe, 0x70, 0x01, 0x90, 0x64, 0xc8, 0xfd, 0xa8, 0x01, 0x2c, 0x64, 0xc8,
    0x02, 0xbc, 0x64, 0x00, 0x00, 0x04, 0x00, 0x00, 0x00, 0x00, 0x04, 0x4c, 0x04, 0x4c, 0x00, 0x15,
    0x00, 0x1f, 0x00, 0x23, 0x00, 0x27, 0x00, 0x00, 0x11, 0x35, 0x21, 0x35, 0x33, 0x15, 0x21, 0x35,
    0x33, 0x15, 0x33, 0x15, 0x23, 0x11, 0x21, 0x11, 0x33, 0x35, 0x23, 0x35, 0x33, 0x35, 0x01, 0x21,
    0x15, 0x21, 0x11, 0x23, 0x15, 0x33, 0x15, 0x23, 0x13, 0x35, 0x21, 0x15, 0x11, 0x33, 0x35, 0x23,
    0x01, 0x2c, 0xc8, 0x01, 0x2c, 0xc8, 0x64, 0x64, 0xfc, 0x7c, 0x64, 0x64, 0x64, 0x01, 0x90, 0xfe,
    0xd4, 0x01, 0xf4, 0xc8, 0x64, 0x64, 0xc8, 0xfe, 0x0c, 0xc8, 0xc8, 0x03, 0x84, 0x64, 0x64, 0x64,
    0x64, 0xc8, 0xc8, 0xfd, 0x44, 0x01, 0xf4, 0x64, 0xc8, 0x64, 0xfe, 0x70, 0x64, 0x01, 0xf4, 0x64,
    0xc8, 0xfe, 0x70, 0x64, 0x64, 0x01, 0xf4, 0x64, 0x00, 0x04, 0x00, 0x00, 0x00, 0x00, 0x03, 0xe8,
    0x04, 0x4c, 0x00, 0x0b, 0x00, 0x13, 0x00, 0x17, 0x00, 0x23, 0x00, 0x00, 0x35, 0x11, 0x33, 0x35,
    0x21, 0x15, 0x33, 0x11, 0x23, 0x15, 0x21, 0x35, 0x03, 0x33, 0x35, 0x33, 0x15, 0x33, 0x15, 0x21,
    0x13, 0x33, 0x35, 0x23, 0x01, 0x11, 0x33, 0x11, 0x33, 0x11, 0x33, 0x11, 0x23, 0x11, 0x23, 0x11,
    0x64, 0x01, 0x2c, 0x64, 0x64, 0xfe, 0xd4, 0x64, 0xc8, 0xc8, 0x64, 0xfe, 0x0c, 0xc8, 0x64, 0x64,
    0x01, 0x90, 0x64, 0x64, 0xc8, 0xc8, 0x64, 0xc8, 0x01, 0x90, 0x64, 0x64, 0xfe, 0x70, 0x64, 0x64,
    0x03, 0x20, 0x64, 0x64, 0xc8, 0xfe, 0x0c, 0xc8, 0xfe, 0x0c, 0x04, 0x4c, 0xfe, 0x70, 0x01, 0x90,
    0xfb, 0xb4, 0x01, 0xf4, 0xfe, 0x0c, 0x00, 0x04, 0x00, 0x00, 0x00, 0x00, 0x04, 0x4c, 0x04, 0x4c,
    0x00, 0x1f, 0x00, 0x2b, 0x00, 0x2f, 0x00, 0x33, 0x00, 0x00, 0x11, 0x35, 0x21, 0x35, 0x33, 0x15,
    0x21, 0x35, 0x33, 0x15, 0x33, 0x15, 0x23, 0x15, 0x33, 0x15, 0x23, 0x15, 0x23, 0x11, 0x23, 0x15,
    0x33, 0x15, 0x23, 0x15, 0x21, 0x35, 0x23, 0x35, 0x33, 0x35, 0x01, 0x15, 0x21, 0x35, 0x23, 0x35,
    0x33, 0x35, 0x21, 0x15, 0x33, 0x15, 0x27, 0x35, 0x21, 0x15, 0x11, 0x33, 0x35, 0x23, 0x01, 0x2c,
    0xc8, 0x01, 0x2c, 0xc8, 0x64, 0x64, 0x64, 0x64, 0xc8, 0xc8, 0x64, 0x64, 0xfe, 0x70, 0x64, 0x64,
    0x02, 0xbc, 0xfd, 0x44, 0x64, 0x64, 0x02, 0xbc, 0x64, 0xc8, 0xfe, 0x0c, 0xc8, 0xc8, 0x03, 0x84,
    0x64, 0x64, 0x64, 0x64, 0x64, 0x64, 0x64, 0xc8, 0x64, 0x01, 0x90, 0x64, 0xc8, 0x64, 0x64, 0xc8,
    0x64, 0xfc, 0xe0, 0x64, 0x64, 0xc8, 0x64, 0x64, 0xc8, 0x64, 0x64, 0x64, 0x01, 0xf4, 0x64, 0x00,
    0x00, 0x03, 0x00, 0x00, 0x00, 0x00, 0x03, 0xe8, 0x04, 0x4c, 0x00, 0x11, 0x00, 0x19, 0x00, 0x1d,
    0x00, 0x00, 0x35, 0x11, 0x33, 0x35, 0x21, 0x15, 0x21, 0x11, 0x33, 0x11, 0x23, 0x11, 0x23, 0x15,
    0x23, 0x15, 0x21, 0x35, 0x03, 0x33, 0x35, 0x33, 0x15, 0x21, 0x15, 0x21, 0x13, 0x15, 0x33, 0x35,
    0x64, 0x01, 0x90, 0x01, 0x2c, 0xc8, 0xc8, 0xc8, 0x64, 0xfe, 0x70, 0x64, 0xc8, 0xc8, 0x01, 0x2c,
    0xfd, 0x44, 0xc8, 0xc8, 0xc8, 0x01, 0x90, 0x64, 0x64, 0x01, 0xf4, 0xfb, 0xb4, 0x01, 0x90, 0xc8,
    0x64, 0x64, 0x03, 0x20, 0x64, 0x64, 0xc8, 0xfe, 0xd4, 0xc8, 0xc8, 0x00, 0x00, 0x05, 0x00, 0x00,
    0x00, 0x00, 0x03, 0xe8, 0x04, 0x4c, 0x00, 0x17, 0x00, 0x1b, 0x00, 0x1f, 0x00, 0x23, 0x00, 0x27,
    0x00, 0x00, 0x11, 0x35, 0x33, 0x35, 0x23, 0x35, 0x33, 0x35, 0x33, 0x15, 0x21, 0x15, 0x33, 0x35,
    0x33, 0x11, 0x23, 0x35, 0x23, 0x15, 0x23, 0x15, 0x21, 0x35, 0x37, 0x33, 0x35, 0x23, 0x25, 0x23,
    0x15, 0x33, 0x13, 0x35, 0x21, 0x15, 0x07, 0x11, 0x21, 0x11, 0x64, 0x64, 0xc8, 0xc8, 0x01, 0x2c,
    0x64, 0xc8, 0xc8, 0xc8, 0x64, 0xfe, 0x70, 0x64, 0xc8, 0xc8, 0x01, 0x90, 0x64, 0x64, 0xc8, 0xfe,
    0x0c, 0xc8, 0x03, 0x84, 0x02, 0x58, 0xc8, 0x64, 0x64, 0x64, 0x64, 0x64, 0xc8, 0xfd, 0xa8, 0xc8,
    0x64, 0x64, 0x64, 0x64, 0x64, 0x64, 0x64, 0xfd, 0xa8, 0x64, 0x64, 0xc8, 0x01, 0x90, 0xfe, 0x70,
    0x00, 0x03, 0x00, 0x00, 0x00, 0x00, 0x03, 0xe8, 0x04, 0x4c, 0x00, 0x17, 0x00, 0x1f, 0x00, 0x23,
    0x00, 0x00, 0x35, 0x11, 0x33, 0x35, 0x21, 0x15, 0x33, 0x15, 0x33, 0x35, 0x23, 0x35, 0x33, 0x11,
    0x33, 0x11, 0x23, 0x11, 0x23, 0x15, 0x23, 0x15, 0x21, 0x35, 0x03, 0x33, 0x35, 0x33, 0x15, 0x21,
    0x15, 0x21, 0x13, 0x15, 0x33, 0x35, 0x64, 0x01, 0x90, 0x64, 0xc8, 0xc8, 0xc8, 0xc8, 0xc8, 0xc8,
    0x64, 0xfe, 0x70, 0x64, 0xc8, 0xc8, 0x01, 0x2c, 0xfd, 0x44, 0xc8, 0xc8, 0xc8, 0x01, 0x90, 0x64,
    0x64, 0x64, 0x64, 0x64, 0x01, 0x90, 0xfb, 0xb4, 0x01, 0x2c, 0x64, 0x64, 0x64, 0x03, 0x20, 0x64,
    0x64, 0xc8, 0xfe, 0xd4, 0xc8, 0xc8, 0x00, 0x05, 0x00, 0x00, 0x00, 0x00, 0x03, 0xe8, 0x04, 0x4c,
    0x00, 0x13, 0x00, 0x17, 0x00, 0x1f, 0x00, 0x23, 0x00, 0x29, 0x00, 0x00, 0x11, 0x35, 0x33, 0x35,
    0x23, 0x35, 0x33, 0x35, 0x33, 0x15, 0x21, 0x15, 0x33, 0x35, 0x33, 0x11, 0x21, 0x35, 0x21, 0x35,
    0x37, 0x33, 0x35, 0x23, 0x05, 0x33, 0x35, 0x23, 0x35, 0x23, 0x15, 0x33, 0x13, 0x35, 0x21, 0x15,
    0x01, 0x11, 0x21, 0x15, 0x21, 0x15, 0x64, 0x64, 0xc8, 0xc8, 0x01, 0x2c, 0x64, 0xc8, 0xfe, 0x0c,
    0xfe, 0x70, 0x64, 0xc8, 0xc8, 0x01, 0x90, 0xc8, 0xc8, 0x64, 0x64, 0xc8, 0xfe, 0xd4, 0xfe, 0x70,
    0x01, 0x90, 0x01, 0xf4, 0x02, 0x58, 0xc8, 0x64, 0x64, 0x64, 0x64, 0x64, 0xc8, 0xfc, 0xe0, 0x64,
    0xc8, 0x64, 0x64, 0x64, 0x64, 0x64, 0x64, 0xfe, 0xd4, 0x64, 0x64, 0xfe, 0x0c, 0x01, 0x2c, 0x64,
    0xc8, 0x00, 0x00, 0x05, 0x00, 0x00, 0x00, 0x00, 0x03, 0xe8, 0x04, 0x4c, 0x00, 0x15, 0x00, 0x21,
    0x00, 0x25, 0x00, 0x29, 0x00, 0x31, 0x00, 0x00, 0x11, 0x35, 0x33, 0x35, 0x23, 0x35, 0x33, 0x35,
    0x33, 0x15, 0x21, 0x15, 0x33, 0x35, 0x33, 0x11, 0x23, 0x35, 0x21, 0x15, 0x21, 0x35, 0x01, 0x15,
    0x21, 0x35, 0x23, 0x35, 0x33, 0x35, 0x21, 0x15, 0x33, 0x15, 0x01, 0x35, 0x23, 0x15, 0x01, 0x35,
    0x21, 0x15, 0x01, 0x35, 0x23, 0x35, 0x23, 0x15, 0x33, 0x15, 0x64, 0x64, 0xc8, 0xc8, 0x01, 0x2c,
    0x64, 0xc8, 0xc8, 0xfe, 0xd4, 0xfe, 0x70, 0x03, 0x20, 0xfd, 0x44, 0x64, 0x64, 0x02, 0xbc, 0x64,
    0xfd, 0xa8, 0xc8, 0x02, 0x58, 0xfe, 0x0c, 0x01, 0xf4, 0xc8, 0x64, 0x64, 0x02, 0x58, 0xc8, 0x64,
    0x64, 0x64, 0x64, 0x64, 0xc8, 0xfd, 0xa8, 0x64, 0x64, 0x64, 0xfe, 0x0c, 0x64, 0x64, 0xc8, 0x64,
    0x64, 0xc8, 0x02, 0x58, 0x64, 0x64, 0xfe, 0x0c, 0x64, 0x64, 0x01, 0xf4, 0x64, 0x64, 0x64, 0x64,
    0x00, 0x03, 0x00, 0x00, 0x00, 0x00, 0x04, 0x4c, 0x04, 0x4c, 0x00, 0x19, 0x00, 0x23, 0x00, 0x27,
    0x00, 0x00, 0x35, 0x35, 0x21, 0x35, 0x23, 0x35, 0x23, 0x35, 0x33, 0x35, 0x23, 0x35, 0x21, 0x35,
    0x33, 0x15, 0x21, 0x35, 0x33, 0x11, 0x33, 0x15, 0x23, 0x11, 0x23, 0x35, 0x03, 0x15, 0x23, 0x15,
    0x21, 0x11, 0x23, 0x15, 0x33, 0x15, 0x25, 0x15, 0x33, 0x35, 0x01, 0x2c, 0x64, 0x64, 0x64, 0xc8,
    0x01, 0x2c, 0xc8, 0x01, 0x2c, 0xc8, 0x64, 0x64, 0xc8, 0xc8, 0x64, 0x01, 0x2c, 0xc8, 0x64, 0xfe,
    0x70, 0xc8, 0x64, 0xc8, 0x64, 0x64, 0xc8, 0x64, 0xc8, 0x64, 0x64, 0x64, 0xfe, 0x70, 0xc8, 0xfe,
    0x0c, 0x64, 0x01, 0x90, 0x64, 0x64, 0x01, 0xf4, 0x64, 0xc8, 0xc8, 0x64, 0x64, 0x00, 0x00, 0x04,
    0x00, 0x00, 0x00, 0x00, 0x04, 0x4c, 0x04, 0x4c, 0x00, 0x15, 0x00, 0x1d, 0x00, 0x23, 0x00, 0x27,
    0x00, 0x00, 0x11, 0x35, 0x21, 0x35, 0x23, 0x35, 0x23, 0x35, 0x23, 0x35, 0x21, 0x35, 0x33, 0x15,
    0x21, 0x35, 0x33, 0x15, 0x33, 0x15, 0x23, 0x15, 0x25, 0x23, 0x15, 0x21, 0x11, 0x23, 0x15, 0x23,
    0x13, 0x21, 0x35, 0x21, 0x11, 0x23, 0x01, 0x15, 0x33, 0x35, 0x01, 0x2c, 0x64, 0x64, 0x64, 0x01,
    0x2c, 0xc8, 0x01, 0x2c, 0xc8, 0x64, 0x64, 0xfe, 0x70, 0x64, 0x01, 0x2c, 0x64, 0x64, 0xc8, 0xfd,
    0x44, 0x03, 0x84, 0xc8, 0xfe, 0x0c, 0xc8, 0x01, 0xf4, 0x64, 0x64, 0x64, 0x64, 0x64, 0x64, 0x64,
    0x64, 0xc8, 0xc8, 0xc8, 0xc8, 0x64, 0x01, 0x2c, 0x64, 0xfd, 0xa8, 0xc8, 0xfe, 0x70, 0x03, 0x84,
    0x64, 0x64, 0x00, 0x04, 0x00, 0x00, 0x00, 0x00, 0x04, 0x4c, 0x04, 0x4c, 0x00, 0x17, 0x00, 0x1f,
    0x00, 0x25, 0x00, 0x29, 0x00, 0x00, 0x11, 0x35, 0x21, 0x35, 0x23, 0x35, 0x23, 0x35, 0x23, 0x35,
    0x21, 0x35, 0x33, 0x15, 0x21, 0x35, 0x33, 0x15, 0x33, 0x15, 0x23, 0x11, 0x23, 0x35, 0x27, 0x23,
    0x15, 0x21, 0x11, 0x23, 0x15, 0x23, 0x01, 0x11, 0x33, 0x15, 0x21, 0x15, 0x01, 0x15, 0x33, 0x35,
    0x01, 0x2c, 0x64, 0x64, 0x64, 0x01, 0x2c, 0xc8, 0x01, 0x2c, 0xc8, 0x64, 0x64, 0xc8, 0xc8, 0x64,
    0x01, 0x2c, 0x64, 0x64, 0xfe, 0x0c, 0xc8, 0x02, 0xbc, 0xfd, 0x44, 0xc8, 0x01, 0xf4, 0x64, 0x64,
    0x64, 0x64, 0x64, 0x64, 0x64, 0x64, 0xc8, 0xc8, 0xfe, 0xd4, 0x64, 0xc8, 0x64, 0x01, 0x2c, 0x64,
    0xfc, 0xe0, 0x01, 0x90, 0xc8, 0xc8, 0x03, 0x84, 0x64, 0x64, 0x00, 0x04, 0x00, 0x00, 0x00, 0x00,
    0x04, 0x4c, 0x04, 0x4c, 0x00, 0x19, 0x00, 0x21, 0x00, 0x27, 0x00, 0x2b, 0x00, 0x00, 0x11, 0x35,
    0x21, 0x35, 0x23, 0x35, 0x23, 0x35, 0x23, 0x35, 0x21, 0x35, 0x33, 0x15, 0x21, 0x35, 0x33, 0x15,
    0x33, 0x15, 0x23, 0x11, 0x21, 0x35, 0x21, 0x35, 0x25, 0x23, 0x15, 0x21, 0x11, 0x23, 0x15, 0x23,
    0x01, 0x11, 0x21, 0x15, 0x21, 0x15, 0x01, 0x15, 0x33, 0x35, 0x01, 0x2c, 0x64, 0x64, 0x64, 0x01,
    0x2c, 0xc8, 0x01, 0x2c, 0xc8, 0x64, 0x64, 0xfe, 0x0c, 0xfe, 0x70, 0x01, 0xf4, 0x64, 0x01, 0x2c,
    0x64, 0x64, 0xfe, 0x0c, 0x01, 0x90, 0x01, 0xf4, 0xfd, 0x44, 0xc8, 0x01, 0xf4, 0x64, 0x64, 0x64,
    0x64, 0x64, 0x64, 0x64, 0x64, 0xc8, 0xc8, 0xfe, 0x70, 0x64, 0x64, 0xc8, 0x64, 0x01, 0x2c, 0x64,
    0xfc, 0xe0, 0x01, 0x2c, 0x64, 0xc8, 0x03, 0x84, 0x64, 0x64, 0x00, 0x03, 0x00, 0x00, 0x00, 0x00,
    0x03, 0xe8, 0x04, 0x4c, 0x00, 0x15, 0x00, 0x1f, 0x00, 0x23, 0x00, 0x00, 0x35, 0x35, 0x21, 0x35,
    0x23, 0x35, 0x23, 0x35, 0x33, 0x35, 0x23, 0x35, 0x21, 0x35, 0x33, 0x15, 0x21, 0x35, 0x33, 0x11,
    0x23, 0x35, 0x03, 0x15, 0x23, 0x15, 0x21, 0x11, 0x23, 0x15, 0x33, 0x15, 0x25, 0x15, 0x33, 0x35,
    0x01, 0x2c, 0x64, 0x64, 0x64, 0xc8, 0x01, 0x2c, 0xc8, 0x01, 0x2c, 0xc8, 0xc8, 0xc8, 0x64, 0x01,
    0x2c, 0xc8, 0x64, 0xfe, 0x70, 0xc8, 0x64, 0xc8, 0x64, 0x64, 0xc8, 0x64, 0xc8, 0x64, 0x64, 0x64,
    0xfb, 0xb4, 0x64, 0x01, 0x90, 0x64, 0x64, 0x01, 0xf4, 0x64, 0xc8, 0xc8, 0x64, 0x64, 0x00, 0x04,
    0x00, 0x00, 0x00, 0x00, 0x03, 0xe8, 0x04, 0x4c, 0x00, 0x11, 0x00, 0x19, 0x00, 0x1f, 0x00, 0x23,
    0x00, 0x00, 0x11, 0x35, 0x21, 0x35, 0x23, 0x35, 0x23, 0x35, 0x23, 0x35, 0x21, 0x35, 0x33, 0x15,
    0x21, 0x35, 0x33, 0x11, 0x25, 0x23, 0x15, 0x21, 0x11, 0x23, 0x15, 0x23, 0x13, 0x21, 0x35, 0x21,
    0x11, 0x23, 0x01, 0x15, 0x33, 0x35, 0x01, 0x2c, 0x64, 0x64, 0x64, 0x01, 0x2c, 0xc8, 0x01, 0x2c,
    0xc8, 0xfe, 0x70, 0x64, 0x01, 0x2c, 0x64, 0x64, 0xc8, 0xfd, 0x44, 0x03, 0x84, 0xc8, 0xfe, 0x0c,
    0xc8, 0x01, 0xf4, 0x64, 0x64, 0x64, 0x64, 0x64, 0x64, 0x64, 0x64, 0xfd, 0xa8, 0xc8, 0x64, 0x01,
    0x2c, 0x64, 0xfd, 0xa8, 0xc8, 0xfe, 0x70, 0x03, 0x84, 0x64, 0x64, 0x00, 0x00, 0x04, 0x00, 0x00,
    0x00, 0x00, 0x03, 0xe8, 0x04, 0x4c, 0x00, 0x13, 0x00, 0x27, 0x00, 0x2f, 0x00, 0x33, 0x00, 0x00,
    0x11, 0x35, 0x21, 0x35, 0x23, 0x35, 0x23, 0x35, 0x23, 0x35, 0x21, 0x35, 0x33, 0x15, 0x21, 0x35,
    0x33, 0x11, 0x23, 0x35, 0x01, 0x15, 0x21, 0x35, 0x33, 0x35, 0x33, 0x35, 0x21, 0x15, 0x33, 0x15,
    0x33, 0x15, 0x21, 0x35, 0x23, 0x35, 0x23, 0x15, 0x01, 0x11, 0x23, 0x15, 0x23, 0x15, 0x23, 0x15,
    0x03, 0x15, 0x33, 0x35, 0x01, 0x2c, 0x64, 0x64, 0x64, 0x01, 0x2c, 0xc8, 0x01, 0x2c, 0xc8, 0xc8,
    0xfe, 0x70, 0xfe, 0xd4, 0xc8, 0x64, 0x01, 0x2c, 0x64, 0xc8, 0xfe, 0xd4, 0x64, 0x64, 0x01, 0x2c,
    0x64, 0x64, 0x64, 0xc8, 0xc8, 0x01, 0xf4, 0x64, 0x64, 0x64, 0x64, 0x64, 0x64, 0x64, 0x64, 0xfd,
    0x44, 0x64, 0xfe, 0x70, 0x64, 0xc8, 0x64, 0x64, 0x64, 0x64, 0xc8, 0x64, 0x64, 0x64, 0x01, 0xf4,
    0x01, 0x2c, 0x64, 0x64, 0x64, 0x01, 0x2c, 0x64, 0x64, 0x00, 0x00, 0x03, 0x00, 0x00, 0x00, 0x64,
    0x04, 0x4c, 0x04, 0x4c, 0x00, 0x17, 0x00, 0x1b, 0x00, 0x1f, 0x00, 0x00, 0x35, 0x35, 0x33, 0x35,
    0x23, 0x35, 0x33, 0x35, 0x23, 0x35, 0x21, 0x35, 0x33, 0x15, 0x21, 0x15, 0x23, 0x15, 0x33, 0x15,
    0x23, 0x15, 0x33, 0x15, 0x01, 0x15, 0x21, 0x35, 0x37, 0x35, 0x21, 0x15, 0xc8, 0x64, 0x64, 0xc8,
    0x01, 0xf4, 0xc8, 0x01, 0x90, 0xc8, 0x64, 0x64, 0xc8, 0xfd, 0x44, 0x01, 0x2c, 0x64, 0xfe, 0x0c,
    0x64, 0xc8, 0xc8, 0xc8, 0x64, 0xc8, 0x64, 0x64, 0xc8, 0x64, 0xc8, 0xc8, 0xc8, 0x01, 0x2c, 0x64,
    0x64, 0xc8, 0x64, 0x64, 0x00, 0x03, 0x00, 0x00, 0x00, 0x00, 0x04, 0x4c, 0x04, 0x4c, 0x00, 0x0b,
    0x00, 0x1f, 0x00, 0x23, 0x00, 0x00, 0x11, 0x35, 0x21, 0x15, 0x23, 0x11, 0x23, 0x11, 0x21, 0x11,
    0x23, 0x11, 0x03, 0x35, 0x21, 0x35, 0x33, 0x15, 0x21, 0x15, 0x23, 0x15, 0x33, 0x15, 0x23, 0x15,
    0x21, 0x35, 0x23, 0x35, 0x33, 0x35, 0x05, 0x35, 0x21, 0x15, 0x04, 0x4c, 0xc8, 0xc8, 0xfe, 0xd4,
    0xc8, 0xc8, 0x01, 0xf4, 0xc8, 0x01, 0x90, 0xc8, 0x64, 0x64, 0xfd, 0x44, 0x64, 0x64, 0x02, 0x58,
    0xfe, 0x0c, 0x01, 0x2c, 0x64, 0x64, 0xfe, 0xd4, 0x01, 0x2c, 0xfe, 0xd4, 0x01, 0x2c, 0x02, 0x58,
    0x64, 0x64, 0x64, 0x64, 0x64, 0xc8, 0x64, 0x64, 0xc8, 0x64, 0xc8, 0x64, 0x64, 0x00, 0x00, 0x05,
    0x00, 0x00, 0x00, 0x00, 0x04, 0x4c, 0x04, 0x4c, 0x00, 0x0f, 0x00, 0x1f, 0x00, 0x23, 0x00, 0x27,
    0x00, 0x2b, 0x00, 0x00, 0x11, 0x35, 0x21, 0x15, 0x23, 0x15, 0x33, 0x15, 0x23, 0x15, 0x21, 0x35,
    0x23, 0x35, 0x33, 0x35, 0x03, 0x35, 0x21, 0x35, 0x33, 0x15, 0x21, 0x15, 0x23, 0x15, 0x23, 0x15,
    0x21, 0x35, 0x23, 0x35, 0x01, 0x15, 0x21, 0x35, 0x13, 0x35, 0x21, 0x15, 0x01, 0x35, 0x21, 0x15,
    0x04, 0x4c, 0xc8, 0x64, 0x64, 0xfd, 0x44, 0x64, 0x64, 0xc8, 0x01, 0xf4, 0xc8, 0x01, 0x90, 0x64,
    0x64, 0xfd, 0x44, 0x64, 0x01, 0x2c, 0x01, 0x2c, 0x64, 0xfe, 0x0c, 0x01, 0xf4, 0xfe, 0x0c, 0x01,
    0xf4, 0x64, 0x64, 0xc8, 0xc8, 0x64, 0x64, 0xc8, 0xc8, 0x01, 0x90, 0x64, 0x64, 0x64, 0x64, 0x64,
    0x64, 0x64, 0x64, 0xfe, 0x70, 0x64, 0x64, 0xfe, 0xd4, 0x64, 0x64, 0x02, 0x58, 0x64, 0x64, 0x00,
    0x00, 0x05, 0x00, 0x00, 0x00, 0x00, 0x04, 0x4c, 0x04, 0x4c, 0x00, 0x07, 0x00, 0x17, 0x00, 0x1b,
    0x00, 0x1f, 0x00, 0x23, 0x00, 0x00, 0x11, 0x35, 0x21, 0x15, 0x23, 0x11, 0x21, 0x11, 0x03, 0x35,
    0x21, 0x35, 0x33, 0x15, 0x21, 0x15, 0x23, 0x15, 0x23, 0x15, 0x21, 0x35, 0x23, 0x35, 0x01, 0x35,
    0x21, 0x15, 0x25, 0x35, 0x21, 0x15, 0x01, 0x35, 0x21, 0x15, 0x04, 0x4c, 0x64, 0xfc, 0x7c, 0x64,
    0x01, 0xf4, 0xc8, 0x01, 0x90, 0x64, 0x64, 0xfd, 0x44, 0x64, 0x02, 0xbc, 0xfe, 0x0c, 0x01, 0xf4,
    0xfe, 0x0c, 0x01, 0xf4, 0xfe, 0x0c, 0x01, 0xf4, 0x64, 0x64, 0xfe, 0x0c, 0x01, 0xf4, 0x01, 0x90,
    0x64, 0x64, 0x64, 0x64, 0x64, 0x64, 0x64, 0x64, 0xfd, 0x44, 0x64, 0x64, 0xc8, 0x64, 0x64, 0x01,
    0x90, 0x64, 0x64, 0x00, 0x00, 0x03, 0x00, 0x00, 0x00, 0x00, 0x03, 0xe8, 0x04, 0x4c, 0x00, 0x0b,
    0x00, 0x17, 0x00, 0x1b, 0x00, 0x00, 0x11, 0x21, 0x35, 0x33, 0x15, 0x21, 0x35, 0x33, 0x11, 0x23,
    0x11, 0x21, 0x13, 0x23, 0x11, 0x33, 0x35, 0x21, 0x15, 0x33, 0x11, 0x23, 0x15, 0x21, 0x13, 0x15,
    0x33, 0x35, 0x01, 0x2c, 0xc8, 0x01, 0x2c, 0xc8, 0xc8, 0xfc, 0xe0, 0xc8, 0x64, 0x64, 0x01, 0x90,
    0x64, 0x64, 0xfe, 0x70, 0x64, 0xc8, 0x03, 0xe8, 0x64, 0x64, 0x64, 0xfb, 0xb4, 0x03, 0x20, 0xfd,
    0xa8, 0x01, 0x90, 0x64, 0x64, 0xfe, 0x70, 0x64, 0x01, 0x90, 0xc8, 0xc8,
};

#define GALMURI_CODEPOINT_COUNT 335
static const int GALMURI_CODEPOINTS[GALMURI_CODEPOINT_COUNT] = {
    32, 33, 34, 35, 36, 37, 38, 39, 40, 41, 42, 43,
    44, 45, 46, 47, 48, 49, 50, 51, 52, 53, 54, 55,
    56, 57, 58, 59, 60, 61, 62, 63, 64, 65, 66, 67,
    68, 69, 70, 71, 72, 73, 74, 75, 76, 77, 78, 79,
    80, 81, 82, 83, 84, 85, 86, 87, 88, 89, 90, 91,
    92, 93, 94, 95, 96, 97, 98, 99, 100, 101, 102, 103,
    104, 105, 106, 107, 108, 109, 110, 111, 112, 113, 114, 115,
    116, 117, 118, 119, 120, 121, 122, 123, 124, 125, 126, 183,
    8594, 44032, 44036, 44040, 44048, 44049, 44053, 44057, 44144, 44148, 44160, 44172,
    44201, 44221, 44256, 44277, 44284, 44288, 44396, 44428, 44540, 44592, 44600, 44608,
    44620, 44732, 45085, 45132, 45149, 45208, 45212, 45216, 45224, 45230, 45236, 45459,
    45712, 45716, 45733, 45768, 45796, 45797, 45800, 45804, 45817, 45824, 45936, 46020,
    46028, 46041, 46121, 46244, 46300, 46301, 46378, 46412, 46496, 46608, 46972, 47000,
    47112, 47141, 47168, 47196, 47197, 47308, 47448, 47456, 47476, 47484, 47493, 47532,
    47533, 47536, 47560, 47561, 47564, 47672, 47676, 47680, 47732, 47749, 47784, 47800,
    47924, 48120, 48148, 48150, 48152, 48156, 48169, 48176, 48264, 48277, 48317, 48320,
    48324, 48372, 48373, 48512, 48520, 48652, 48708, 48712, 48977, 49324, 49328, 49332,
    49345, 49352, 49436, 49440, 49457, 49464, 49549, 49604, 49688, 49828, 49845, 49884,
    49885, 49888, 49892, 50136, 50500, 50501, 50504, 50506, 50612, 50619, 50630, 50640,
    50672, 50684, 50689, 50724, 50752, 50836, 50837, 50857, 50896, 50920, 50948, 50976,
    51004, 51008, 51012, 51020, 51032, 51060, 51064, 51068, 51075, 51076, 51077, 51080,
    51088, 51089, 51104, 51109, 51200, 51201, 51204, 51216, 51217, 51221, 51312, 51333,
    51340, 51452, 51453, 51456, 51469, 51473, 51593, 51613, 51648, 51664, 51665, 52265,
    52285, 52376, 52404, 52488, 52489, 52509, 52572, 52628, 52649, 52824, 52825, 52840,
    52852, 53020, 53092, 53356, 53364, 53412, 53420, 53440, 53444, 53456, 53468, 53469,
    53664, 53685, 53909, 53945, 53952, 54028, 54056, 54169, 54252, 54253, 54413, 54588,
    54616, 54620, 54624, 54633, 54644, 54693, 54728, 54744, 54784, 54792, 54805, 54868,
    54869, 54872, 54876, 54924, 54925, 54943, 54952, 55092, 55113, 55137, 55176,
};

#endif /* GALMURI_H */
